2025-11-15 15:27:48 - douyin_rpa - [INFO] - logger.py:73 - __init__() - 日志系统初始化完成: douyin_rpa
2025-11-15 15:31:05 - douyin_rpa - [INFO] - logger.py:73 - __init__() - 日志系统初始化完成: douyin_rpa
2025-11-15 15:31:05 - douyin_rpa - [INFO] - logger.py:153 - info() - ╔==============================================================================╗
2025-11-15 15:31:05 - douyin_rpa - [INFO] - logger.py:153 - info() - ║                         程序启动                         ║
2025-11-15 15:31:05 - douyin_rpa - [INFO] - logger.py:153 - info() - ╚==============================================================================╝
2025-11-15 15:31:05 - douyin_rpa - [INFO] - logger.py:153 - info() - 启动时间: 2025-11-15 15:31:05
2025-11-15 15:31:05 - douyin_rpa - [INFO] - logger.py:153 - info() - Python版本: 3.11.9 (tags/v3.11.9:de54cf5, Apr  2 2024, 10:12:12) [MSC v.1938 64 bit (AMD64)]
2025-11-15 15:31:05 - douyin_rpa - [INFO] - logger.py:153 - info() - 工作目录: C:\Users\admin\Desktop\onebutton\douyin—autoclient
2025-11-15 15:31:05 - douyin_rpa - [INFO] - logger.py:153 - info() - 脚本路径: C:\Users\admin\Desktop\onebutton\douyin—autoclient\src\main.py
2025-11-15 15:31:05 - douyin_rpa - [INFO] - logger.py:153 - info() - ================================================================================
2025-11-15 15:31:05 - douyin_rpa - [INFO] - logger.py:153 - info() - DouyinRPA实例初始化 - 时间: 2025-11-15 15:31:05
2025-11-15 15:31:05 - douyin_rpa - [INFO] - logger.py:153 - info() - ================================================================================
2025-11-15 15:31:05 - douyin_rpa - [INFO] - logger.py:153 - info() - 解析命令行参数...
2025-11-15 15:31:05 - douyin_rpa - [INFO] - logger.py:153 - info() - 命令行参数: {'auto_accept': True, 'auto_start': False, 'check_only': False, 'config': None, 'export_data': False}
2025-11-15 15:31:05 - douyin_rpa - [INFO] - logger.py:153 - info() - 显示启动横幅
2025-11-15 15:31:05 - douyin_rpa - [INFO] - logger.py:153 - info() - 开始合规性检查
2025-11-15 15:31:05 - douyin_rpa - [INFO] - logger.py:153 - info() - 用户通过--auto-accept参数自动接受协议
2025-11-15 15:31:05 - douyin_rpa - [INFO] - logger.py:153 - info() - ============================================================
2025-11-15 15:31:05 - douyin_rpa - [INFO] - logger.py:153 - info() - 开始环境检查
2025-11-15 15:31:05 - douyin_rpa - [INFO] - logger.py:153 - info() - ============================================================
2025-11-15 15:31:05 - douyin_rpa - [INFO] - logger.py:153 - info() - 检查Python版本: 3.11.9
2025-11-15 15:31:05 - douyin_rpa - [INFO] - logger.py:153 - info() - ✅ Python版本检查通过: 3.11.9
2025-11-15 15:31:05 - douyin_rpa - [INFO] - logger.py:153 - info() - 检查必要文件...
2025-11-15 15:31:05 - douyin_rpa - [INFO] - logger.py:153 - info() - ✅ 必要文件检查通过
2025-11-15 15:31:05 - douyin_rpa - [INFO] - logger.py:153 - info() - 检查ADB设备连接...
2025-11-15 15:31:05 - douyin_rpa - [INFO] - logger.py:153 - info() - ✅ Android设备连接正常
2025-11-15 15:31:05 - douyin_rpa - [INFO] - logger.py:153 - info() - 检查Appium Server状态...
2025-11-15 15:31:05 - douyin_rpa - [INFO] - logger.py:153 - info() - ✅ Appium Server运行正常
2025-11-15 15:31:05 - douyin_rpa - [INFO] - logger.py:153 - info() - ✅ 必要目录已创建
2025-11-15 15:31:05 - douyin_rpa - [INFO] - logger.py:153 - info() - ============================================================
2025-11-15 15:31:05 - douyin_rpa - [INFO] - logger.py:153 - info() - ✅ 环境检查全部通过
2025-11-15 15:31:05 - douyin_rpa - [INFO] - logger.py:153 - info() - ============================================================
2025-11-15 15:31:05 - douyin_rpa - [INFO] - logger.py:153 - info() - ============================================================
2025-11-15 15:31:05 - douyin_rpa - [INFO] - logger.py:153 - info() - 开始初始化组件
2025-11-15 15:31:05 - douyin_rpa - [INFO] - logger.py:153 - info() - ============================================================
2025-11-15 15:31:05 - douyin_rpa - [INFO] - logger.py:153 - info() - 开始连接Appium...
2025-11-15 15:31:35 - douyin_rpa - [ERROR] - logger.py:161 - error() - Appium连接失败 - driver为None
NoneType: None
2025-11-15 15:31:35 - douyin_rpa - [ERROR] - logger.py:161 - error() - 组件初始化失败，程序退出
NoneType: None
2025-11-15 15:31:35 - douyin_rpa - [INFO] - logger.py:153 - info() - ================================================================================
2025-11-15 15:31:35 - douyin_rpa - [INFO] - logger.py:153 - info() - 程序最终退出 - 总运行时间: 0:00:30.242561
2025-11-15 15:31:35 - douyin_rpa - [INFO] - logger.py:153 - info() - ================================================================================
2025-11-15 15:34:26 - douyin_rpa - [INFO] - logger.py:73 - __init__() - 日志系统初始化完成: douyin_rpa
2025-11-15 15:34:26 - douyin_rpa - [INFO] - logger.py:153 - info() - ╔==============================================================================╗
2025-11-15 15:34:26 - douyin_rpa - [INFO] - logger.py:153 - info() - ║                         程序启动                         ║
2025-11-15 15:34:26 - douyin_rpa - [INFO] - logger.py:153 - info() - ╚==============================================================================╝
2025-11-15 15:34:26 - douyin_rpa - [INFO] - logger.py:153 - info() - 启动时间: 2025-11-15 15:34:26
2025-11-15 15:34:26 - douyin_rpa - [INFO] - logger.py:153 - info() - Python版本: 3.11.9 (tags/v3.11.9:de54cf5, Apr  2 2024, 10:12:12) [MSC v.1938 64 bit (AMD64)]
2025-11-15 15:34:26 - douyin_rpa - [INFO] - logger.py:153 - info() - 工作目录: C:\Users\admin\Desktop\onebutton\douyin—autoclient
2025-11-15 15:34:26 - douyin_rpa - [INFO] - logger.py:153 - info() - 脚本路径: C:\Users\admin\Desktop\onebutton\douyin—autoclient\src\main.py
2025-11-15 15:34:26 - douyin_rpa - [INFO] - logger.py:153 - info() - ================================================================================
2025-11-15 15:34:26 - douyin_rpa - [INFO] - logger.py:153 - info() - DouyinRPA实例初始化 - 时间: 2025-11-15 15:34:26
2025-11-15 15:34:26 - douyin_rpa - [INFO] - logger.py:153 - info() - ================================================================================
2025-11-15 15:34:26 - douyin_rpa - [INFO] - logger.py:153 - info() - 解析命令行参数...
2025-11-15 15:34:26 - douyin_rpa - [INFO] - logger.py:153 - info() - 命令行参数: {'auto_accept': True, 'auto_start': False, 'check_only': False, 'config': None, 'export_data': False}
2025-11-15 15:34:26 - douyin_rpa - [INFO] - logger.py:153 - info() - 显示启动横幅
2025-11-15 15:34:26 - douyin_rpa - [INFO] - logger.py:153 - info() - 开始合规性检查
2025-11-15 15:34:26 - douyin_rpa - [INFO] - logger.py:153 - info() - 用户通过--auto-accept参数自动接受协议
2025-11-15 15:34:26 - douyin_rpa - [INFO] - logger.py:153 - info() - ============================================================
2025-11-15 15:34:26 - douyin_rpa - [INFO] - logger.py:153 - info() - 开始环境检查
2025-11-15 15:34:26 - douyin_rpa - [INFO] - logger.py:153 - info() - ============================================================
2025-11-15 15:34:26 - douyin_rpa - [INFO] - logger.py:153 - info() - 检查Python版本: 3.11.9
2025-11-15 15:34:26 - douyin_rpa - [INFO] - logger.py:153 - info() - ✅ Python版本检查通过: 3.11.9
2025-11-15 15:34:26 - douyin_rpa - [INFO] - logger.py:153 - info() - 检查必要文件...
2025-11-15 15:34:26 - douyin_rpa - [INFO] - logger.py:153 - info() - ✅ 必要文件检查通过
2025-11-15 15:34:26 - douyin_rpa - [INFO] - logger.py:153 - info() - 检查ADB设备连接...
2025-11-15 15:34:26 - douyin_rpa - [INFO] - logger.py:153 - info() - ✅ Android设备连接正常
2025-11-15 15:34:26 - douyin_rpa - [INFO] - logger.py:153 - info() - 检查Appium Server状态...
2025-11-15 15:34:26 - douyin_rpa - [INFO] - logger.py:153 - info() - ✅ Appium Server运行正常
2025-11-15 15:34:26 - douyin_rpa - [INFO] - logger.py:153 - info() - ✅ 必要目录已创建
2025-11-15 15:34:26 - douyin_rpa - [INFO] - logger.py:153 - info() - ============================================================
2025-11-15 15:34:26 - douyin_rpa - [INFO] - logger.py:153 - info() - ✅ 环境检查全部通过
2025-11-15 15:34:26 - douyin_rpa - [INFO] - logger.py:153 - info() - ============================================================
2025-11-15 15:34:26 - douyin_rpa - [INFO] - logger.py:153 - info() - ============================================================
2025-11-15 15:34:26 - douyin_rpa - [INFO] - logger.py:153 - info() - 开始初始化组件
2025-11-15 15:34:26 - douyin_rpa - [INFO] - logger.py:153 - info() - ============================================================
2025-11-15 15:34:26 - douyin_rpa - [INFO] - logger.py:153 - info() - 开始连接Appium...
2025-11-15 15:34:38 - douyin_rpa - [INFO] - logger.py:73 - __init__() - 日志系统初始化完成: douyin_rpa
2025-11-15 15:34:38 - douyin_rpa - [INFO] - logger.py:153 - info() - ╔==============================================================================╗
2025-11-15 15:34:38 - douyin_rpa - [INFO] - logger.py:153 - info() - ║                         程序启动                         ║
2025-11-15 15:34:38 - douyin_rpa - [INFO] - logger.py:153 - info() - ╚==============================================================================╝
2025-11-15 15:34:38 - douyin_rpa - [INFO] - logger.py:153 - info() - 启动时间: 2025-11-15 15:34:38
2025-11-15 15:34:38 - douyin_rpa - [INFO] - logger.py:153 - info() - Python版本: 3.11.9 (tags/v3.11.9:de54cf5, Apr  2 2024, 10:12:12) [MSC v.1938 64 bit (AMD64)]
2025-11-15 15:34:38 - douyin_rpa - [INFO] - logger.py:153 - info() - 工作目录: C:\Users\admin\Desktop\onebutton\douyin—autoclient
2025-11-15 15:34:38 - douyin_rpa - [INFO] - logger.py:153 - info() - 脚本路径: C:\Users\admin\Desktop\onebutton\douyin—autoclient\src\main.py
2025-11-15 15:34:38 - douyin_rpa - [INFO] - logger.py:153 - info() - ================================================================================
2025-11-15 15:34:38 - douyin_rpa - [INFO] - logger.py:153 - info() - DouyinRPA实例初始化 - 时间: 2025-11-15 15:34:38
2025-11-15 15:34:38 - douyin_rpa - [INFO] - logger.py:153 - info() - ================================================================================
2025-11-15 15:34:38 - douyin_rpa - [INFO] - logger.py:153 - info() - 解析命令行参数...
2025-11-15 15:34:38 - douyin_rpa - [INFO] - logger.py:153 - info() - 命令行参数: {'auto_accept': True, 'auto_start': False, 'check_only': False, 'config': None, 'export_data': False}
2025-11-15 15:34:38 - douyin_rpa - [INFO] - logger.py:153 - info() - 显示启动横幅
2025-11-15 15:34:38 - douyin_rpa - [INFO] - logger.py:153 - info() - 开始合规性检查
2025-11-15 15:34:38 - douyin_rpa - [INFO] - logger.py:153 - info() - 用户通过--auto-accept参数自动接受协议
2025-11-15 15:34:38 - douyin_rpa - [INFO] - logger.py:153 - info() - ============================================================
2025-11-15 15:34:38 - douyin_rpa - [INFO] - logger.py:153 - info() - 开始环境检查
2025-11-15 15:34:38 - douyin_rpa - [INFO] - logger.py:153 - info() - ============================================================
2025-11-15 15:34:38 - douyin_rpa - [INFO] - logger.py:153 - info() - 检查Python版本: 3.11.9
2025-11-15 15:34:38 - douyin_rpa - [INFO] - logger.py:153 - info() - ✅ Python版本检查通过: 3.11.9
2025-11-15 15:34:38 - douyin_rpa - [INFO] - logger.py:153 - info() - 检查必要文件...
2025-11-15 15:34:38 - douyin_rpa - [INFO] - logger.py:153 - info() - ✅ 必要文件检查通过
2025-11-15 15:34:38 - douyin_rpa - [INFO] - logger.py:153 - info() - 检查ADB设备连接...
2025-11-15 15:34:38 - douyin_rpa - [INFO] - logger.py:153 - info() - ✅ Android设备连接正常
2025-11-15 15:34:38 - douyin_rpa - [INFO] - logger.py:153 - info() - 检查Appium Server状态...
2025-11-15 15:34:38 - douyin_rpa - [INFO] - logger.py:153 - info() - ✅ Appium Server运行正常
2025-11-15 15:34:38 - douyin_rpa - [INFO] - logger.py:153 - info() - ✅ 必要目录已创建
2025-11-15 15:34:38 - douyin_rpa - [INFO] - logger.py:153 - info() - ============================================================
2025-11-15 15:34:38 - douyin_rpa - [INFO] - logger.py:153 - info() - ✅ 环境检查全部通过
2025-11-15 15:34:38 - douyin_rpa - [INFO] - logger.py:153 - info() - ============================================================
2025-11-15 15:34:38 - douyin_rpa - [INFO] - logger.py:153 - info() - ============================================================
2025-11-15 15:34:38 - douyin_rpa - [INFO] - logger.py:153 - info() - 开始初始化组件
2025-11-15 15:34:38 - douyin_rpa - [INFO] - logger.py:153 - info() - ============================================================
2025-11-15 15:34:38 - douyin_rpa - [INFO] - logger.py:153 - info() - 开始连接Appium...
2025-11-15 15:35:08 - douyin_rpa - [ERROR] - logger.py:161 - error() - Appium连接失败 - driver为None
NoneType: None
2025-11-15 15:35:08 - douyin_rpa - [ERROR] - logger.py:161 - error() - 组件初始化失败，程序退出
NoneType: None
2025-11-15 15:35:08 - douyin_rpa - [INFO] - logger.py:153 - info() - ================================================================================
2025-11-15 15:35:08 - douyin_rpa - [INFO] - logger.py:153 - info() - 程序最终退出 - 总运行时间: 0:00:30.218441
2025-11-15 15:35:08 - douyin_rpa - [INFO] - logger.py:153 - info() - ================================================================================
2025-11-15 15:37:28 - douyin_rpa - [INFO] - logger.py:73 - __init__() - 日志系统初始化完成: douyin_rpa
2025-11-15 15:38:09 - douyin_rpa - [INFO] - logger.py:73 - __init__() - 日志系统初始化完成: douyin_rpa
2025-11-15 15:38:10 - douyin_rpa - [INFO] - logger.py:153 - info() - ╔==============================================================================╗
2025-11-15 15:38:10 - douyin_rpa - [INFO] - logger.py:153 - info() - ║                         程序启动                         ║
2025-11-15 15:38:10 - douyin_rpa - [INFO] - logger.py:153 - info() - ╚==============================================================================╝
2025-11-15 15:38:10 - douyin_rpa - [INFO] - logger.py:153 - info() - 启动时间: 2025-11-15 15:38:10
2025-11-15 15:38:10 - douyin_rpa - [INFO] - logger.py:153 - info() - Python版本: 3.11.9 (tags/v3.11.9:de54cf5, Apr  2 2024, 10:12:12) [MSC v.1938 64 bit (AMD64)]
2025-11-15 15:38:10 - douyin_rpa - [INFO] - logger.py:153 - info() - 工作目录: C:\Users\admin\Desktop\onebutton\douyin—autoclient
2025-11-15 15:38:10 - douyin_rpa - [INFO] - logger.py:153 - info() - 脚本路径: C:\Users\admin\Desktop\onebutton\douyin—autoclient\src\main.py
2025-11-15 15:38:10 - douyin_rpa - [INFO] - logger.py:153 - info() - ================================================================================
2025-11-15 15:38:10 - douyin_rpa - [INFO] - logger.py:153 - info() - DouyinRPA实例初始化 - 时间: 2025-11-15 15:38:10
2025-11-15 15:38:10 - douyin_rpa - [INFO] - logger.py:153 - info() - ================================================================================
2025-11-15 15:38:10 - douyin_rpa - [INFO] - logger.py:153 - info() - 解析命令行参数...
2025-11-15 15:38:10 - douyin_rpa - [INFO] - logger.py:153 - info() - 命令行参数: {'auto_accept': True, 'auto_start': False, 'check_only': False, 'config': None, 'export_data': False}
2025-11-15 15:38:10 - douyin_rpa - [INFO] - logger.py:153 - info() - ================================================================================
2025-11-15 15:38:10 - douyin_rpa - [INFO] - logger.py:153 - info() - 程序最终退出 - 总运行时间: 0:00:00.002985
2025-11-15 15:38:10 - douyin_rpa - [INFO] - logger.py:153 - info() - ================================================================================
2025-11-15 15:38:35 - douyin_rpa - [INFO] - logger.py:73 - __init__() - 日志系统初始化完成: douyin_rpa
2025-11-15 15:38:35 - douyin_rpa - [INFO] - logger.py:153 - info() - ╔==============================================================================╗
2025-11-15 15:38:35 - douyin_rpa - [INFO] - logger.py:153 - info() - ║                         程序启动                         ║
2025-11-15 15:38:35 - douyin_rpa - [INFO] - logger.py:153 - info() - ╚==============================================================================╝
2025-11-15 15:38:35 - douyin_rpa - [INFO] - logger.py:153 - info() - 启动时间: 2025-11-15 15:38:35
2025-11-15 15:38:35 - douyin_rpa - [INFO] - logger.py:153 - info() - Python版本: 3.11.9 (tags/v3.11.9:de54cf5, Apr  2 2024, 10:12:12) [MSC v.1938 64 bit (AMD64)]
2025-11-15 15:38:35 - douyin_rpa - [INFO] - logger.py:153 - info() - 工作目录: C:\Users\admin\Desktop\onebutton\douyin—autoclient
2025-11-15 15:38:35 - douyin_rpa - [INFO] - logger.py:153 - info() - 脚本路径: C:\Users\admin\Desktop\onebutton\douyin—autoclient\src\main.py
2025-11-15 15:38:35 - douyin_rpa - [INFO] - logger.py:153 - info() - ================================================================================
2025-11-15 15:38:35 - douyin_rpa - [INFO] - logger.py:153 - info() - DouyinRPA实例初始化 - 时间: 2025-11-15 15:38:35
2025-11-15 15:38:35 - douyin_rpa - [INFO] - logger.py:153 - info() - ================================================================================
2025-11-15 15:38:35 - douyin_rpa - [INFO] - logger.py:153 - info() - 解析命令行参数...
2025-11-15 15:38:35 - douyin_rpa - [INFO] - logger.py:153 - info() - 命令行参数: {'auto_accept': True, 'auto_start': False, 'check_only': False, 'config': None, 'export_data': False}
2025-11-15 15:38:35 - douyin_rpa - [INFO] - logger.py:153 - info() - 显示启动横幅
2025-11-15 15:38:35 - douyin_rpa - [INFO] - logger.py:153 - info() - 开始合规性检查
2025-11-15 15:38:35 - douyin_rpa - [INFO] - logger.py:153 - info() - 用户通过--auto-accept参数自动接受协议
2025-11-15 15:38:35 - douyin_rpa - [INFO] - logger.py:153 - info() - ============================================================
2025-11-15 15:38:35 - douyin_rpa - [INFO] - logger.py:153 - info() - 开始环境检查
2025-11-15 15:38:35 - douyin_rpa - [INFO] - logger.py:153 - info() - ============================================================
2025-11-15 15:38:35 - douyin_rpa - [INFO] - logger.py:153 - info() - 检查Python版本: 3.11.9
2025-11-15 15:38:35 - douyin_rpa - [INFO] - logger.py:153 - info() - ✅ Python版本检查通过: 3.11.9
2025-11-15 15:38:35 - douyin_rpa - [INFO] - logger.py:153 - info() - 检查必要文件...
2025-11-15 15:38:35 - douyin_rpa - [INFO] - logger.py:153 - info() - ✅ 必要文件检查通过
2025-11-15 15:38:35 - douyin_rpa - [INFO] - logger.py:153 - info() - 检查ADB设备连接...
2025-11-15 15:38:37 - douyin_rpa - [ERROR] - logger.py:161 - error() - 未检测到Android设备
NoneType: None
2025-11-15 15:38:37 - douyin_rpa - [ERROR] - logger.py:161 - error() - 设备连接检查失败 - 请确保: 1.USB连接 2.USB调试已开启 3.ADB驱动已安装
NoneType: None
2025-11-15 15:38:37 - douyin_rpa - [ERROR] - logger.py:161 - error() - 环境检查失败，程序退出
NoneType: None
2025-11-15 15:38:37 - douyin_rpa - [ERROR] - logger.py:161 - error() - 建议: 1.检查Python版本 2.安装依赖 3.连接设备 4.启动Appium
NoneType: None
2025-11-15 15:38:37 - douyin_rpa - [INFO] - logger.py:153 - info() - ================================================================================
2025-11-15 15:38:37 - douyin_rpa - [INFO] - logger.py:153 - info() - 程序最终退出 - 总运行时间: 0:00:02.104249
2025-11-15 15:38:37 - douyin_rpa - [INFO] - logger.py:153 - info() - ================================================================================
2025-11-15 15:39:06 - douyin_rpa - [INFO] - logger.py:73 - __init__() - 日志系统初始化完成: douyin_rpa
2025-11-15 15:39:06 - douyin_rpa - [INFO] - logger.py:153 - info() - ╔==============================================================================╗
2025-11-15 15:39:06 - douyin_rpa - [INFO] - logger.py:153 - info() - ║                         程序启动                         ║
2025-11-15 15:39:06 - douyin_rpa - [INFO] - logger.py:153 - info() - ╚==============================================================================╝
2025-11-15 15:39:06 - douyin_rpa - [INFO] - logger.py:153 - info() - 启动时间: 2025-11-15 15:39:06
2025-11-15 15:39:06 - douyin_rpa - [INFO] - logger.py:153 - info() - Python版本: 3.11.9 (tags/v3.11.9:de54cf5, Apr  2 2024, 10:12:12) [MSC v.1938 64 bit (AMD64)]
2025-11-15 15:39:06 - douyin_rpa - [INFO] - logger.py:153 - info() - 工作目录: C:\Users\admin\Desktop\onebutton\douyin—autoclient
2025-11-15 15:39:06 - douyin_rpa - [INFO] - logger.py:153 - info() - 脚本路径: C:\Users\admin\Desktop\onebutton\douyin—autoclient\src\main.py
2025-11-15 15:39:06 - douyin_rpa - [INFO] - logger.py:153 - info() - ================================================================================
2025-11-15 15:39:06 - douyin_rpa - [INFO] - logger.py:153 - info() - DouyinRPA实例初始化 - 时间: 2025-11-15 15:39:06
2025-11-15 15:39:06 - douyin_rpa - [INFO] - logger.py:153 - info() - ================================================================================
2025-11-15 15:39:06 - douyin_rpa - [INFO] - logger.py:153 - info() - 解析命令行参数...
2025-11-15 15:39:06 - douyin_rpa - [INFO] - logger.py:153 - info() - 命令行参数: {'auto_accept': True, 'auto_start': False, 'check_only': False, 'config': None, 'export_data': False}
2025-11-15 15:39:06 - douyin_rpa - [INFO] - logger.py:153 - info() - 显示启动横幅
2025-11-15 15:39:06 - douyin_rpa - [INFO] - logger.py:153 - info() - 开始合规性检查
2025-11-15 15:39:06 - douyin_rpa - [INFO] - logger.py:153 - info() - 用户通过--auto-accept参数自动接受协议
2025-11-15 15:39:06 - douyin_rpa - [INFO] - logger.py:153 - info() - ============================================================
2025-11-15 15:39:06 - douyin_rpa - [INFO] - logger.py:153 - info() - 开始环境检查
2025-11-15 15:39:06 - douyin_rpa - [INFO] - logger.py:153 - info() - ============================================================
2025-11-15 15:39:06 - douyin_rpa - [INFO] - logger.py:153 - info() - 检查Python版本: 3.11.9
2025-11-15 15:39:06 - douyin_rpa - [INFO] - logger.py:153 - info() - ✅ Python版本检查通过: 3.11.9
2025-11-15 15:39:06 - douyin_rpa - [INFO] - logger.py:153 - info() - 检查必要文件...
2025-11-15 15:39:06 - douyin_rpa - [INFO] - logger.py:153 - info() - ✅ 必要文件检查通过
2025-11-15 15:39:06 - douyin_rpa - [INFO] - logger.py:153 - info() - 检查ADB设备连接...
2025-11-15 15:39:08 - douyin_rpa - [ERROR] - logger.py:161 - error() - 未检测到Android设备
NoneType: None
2025-11-15 15:39:08 - douyin_rpa - [ERROR] - logger.py:161 - error() - 设备连接检查失败 - 请确保: 1.USB连接 2.USB调试已开启 3.ADB驱动已安装
NoneType: None
2025-11-15 15:39:08 - douyin_rpa - [ERROR] - logger.py:161 - error() - 环境检查失败，程序退出
NoneType: None
2025-11-15 15:39:08 - douyin_rpa - [ERROR] - logger.py:161 - error() - 建议: 1.检查Python版本 2.安装依赖 3.连接设备 4.启动Appium
NoneType: None
2025-11-15 15:39:08 - douyin_rpa - [INFO] - logger.py:153 - info() - ================================================================================
2025-11-15 15:39:08 - douyin_rpa - [INFO] - logger.py:153 - info() - 程序最终退出 - 总运行时间: 0:00:02.108437
2025-11-15 15:39:08 - douyin_rpa - [INFO] - logger.py:153 - info() - ================================================================================
2025-11-15 15:49:03 - douyin_rpa - [INFO] - logger.py:73 - __init__() - 日志系统初始化完成: douyin_rpa
2025-11-15 15:49:03 - douyin_rpa - [INFO] - logger.py:153 - info() - ╔==============================================================================╗
2025-11-15 15:49:03 - douyin_rpa - [INFO] - logger.py:153 - info() - ║                         程序启动                         ║
2025-11-15 15:49:03 - douyin_rpa - [INFO] - logger.py:153 - info() - ╚==============================================================================╝
2025-11-15 15:49:03 - douyin_rpa - [INFO] - logger.py:153 - info() - 启动时间: 2025-11-15 15:49:03
2025-11-15 15:49:03 - douyin_rpa - [INFO] - logger.py:153 - info() - Python版本: 3.11.9 (tags/v3.11.9:de54cf5, Apr  2 2024, 10:12:12) [MSC v.1938 64 bit (AMD64)]
2025-11-15 15:49:03 - douyin_rpa - [INFO] - logger.py:153 - info() - 工作目录: C:\Users\admin\Desktop\onebutton\douyin—autoclient
2025-11-15 15:49:03 - douyin_rpa - [INFO] - logger.py:153 - info() - 脚本路径: C:\Users\admin\Desktop\onebutton\douyin—autoclient\src\main.py
2025-11-15 15:49:03 - douyin_rpa - [INFO] - logger.py:153 - info() - ================================================================================
2025-11-15 15:49:03 - douyin_rpa - [INFO] - logger.py:153 - info() - DouyinRPA实例初始化 - 时间: 2025-11-15 15:49:03
2025-11-15 15:49:03 - douyin_rpa - [INFO] - logger.py:153 - info() - ================================================================================
2025-11-15 15:49:03 - douyin_rpa - [INFO] - logger.py:153 - info() - 解析命令行参数...
2025-11-15 15:49:03 - douyin_rpa - [INFO] - logger.py:153 - info() - 命令行参数: {'auto_accept': True, 'auto_start': False, 'check_only': False, 'config': None, 'export_data': False}
2025-11-15 15:49:03 - douyin_rpa - [INFO] - logger.py:153 - info() - 显示启动横幅
2025-11-15 15:49:03 - douyin_rpa - [INFO] - logger.py:153 - info() - 开始合规性检查
2025-11-15 15:49:03 - douyin_rpa - [INFO] - logger.py:153 - info() - 用户通过--auto-accept参数自动接受协议
2025-11-15 15:49:03 - douyin_rpa - [INFO] - logger.py:153 - info() - ============================================================
2025-11-15 15:49:03 - douyin_rpa - [INFO] - logger.py:153 - info() - 开始环境检查
2025-11-15 15:49:03 - douyin_rpa - [INFO] - logger.py:153 - info() - ============================================================
2025-11-15 15:49:03 - douyin_rpa - [INFO] - logger.py:153 - info() - 检查Python版本: 3.11.9
2025-11-15 15:49:03 - douyin_rpa - [INFO] - logger.py:153 - info() - ✅ Python版本检查通过: 3.11.9
2025-11-15 15:49:03 - douyin_rpa - [INFO] - logger.py:153 - info() - 检查必要文件...
2025-11-15 15:49:03 - douyin_rpa - [INFO] - logger.py:153 - info() - ✅ 必要文件检查通过
2025-11-15 15:49:03 - douyin_rpa - [INFO] - logger.py:153 - info() - 检查ADB设备连接...
2025-11-15 15:49:03 - douyin_rpa - [INFO] - logger.py:153 - info() - ✅ Android设备连接正常
2025-11-15 15:49:03 - douyin_rpa - [INFO] - logger.py:153 - info() - 检查Appium Server状态...
2025-11-15 15:49:03 - douyin_rpa - [INFO] - logger.py:153 - info() - ✅ Appium Server运行正常
2025-11-15 15:49:03 - douyin_rpa - [INFO] - logger.py:153 - info() - ✅ 必要目录已创建
2025-11-15 15:49:03 - douyin_rpa - [INFO] - logger.py:153 - info() - ============================================================
2025-11-15 15:49:03 - douyin_rpa - [INFO] - logger.py:153 - info() - ✅ 环境检查全部通过
2025-11-15 15:49:03 - douyin_rpa - [INFO] - logger.py:153 - info() - ============================================================
2025-11-15 15:49:03 - douyin_rpa - [INFO] - logger.py:153 - info() - ============================================================
2025-11-15 15:49:03 - douyin_rpa - [INFO] - logger.py:153 - info() - 开始初始化组件
2025-11-15 15:49:03 - douyin_rpa - [INFO] - logger.py:153 - info() - ============================================================
2025-11-15 15:49:03 - douyin_rpa - [INFO] - logger.py:153 - info() - 开始连接Appium...
2025-11-15 15:49:33 - douyin_rpa - [ERROR] - logger.py:161 - error() - Appium连接失败 - driver为None
NoneType: None
2025-11-15 15:49:33 - douyin_rpa - [ERROR] - logger.py:161 - error() - 组件初始化失败，程序退出
NoneType: None
2025-11-15 15:49:33 - douyin_rpa - [INFO] - logger.py:153 - info() - ================================================================================
2025-11-15 15:49:33 - douyin_rpa - [INFO] - logger.py:153 - info() - 程序最终退出 - 总运行时间: 0:00:30.199435
2025-11-15 15:49:33 - douyin_rpa - [INFO] - logger.py:153 - info() - ================================================================================
2025-11-15 15:50:26 - douyin_rpa - [INFO] - logger.py:73 - __init__() - 日志系统初始化完成: douyin_rpa
2025-11-15 15:50:26 - douyin_rpa - [INFO] - logger.py:153 - info() - ╔==============================================================================╗
2025-11-15 15:50:26 - douyin_rpa - [INFO] - logger.py:153 - info() - ║                         程序启动                         ║
2025-11-15 15:50:26 - douyin_rpa - [INFO] - logger.py:153 - info() - ╚==============================================================================╝
2025-11-15 15:50:26 - douyin_rpa - [INFO] - logger.py:153 - info() - 启动时间: 2025-11-15 15:50:26
2025-11-15 15:50:26 - douyin_rpa - [INFO] - logger.py:153 - info() - Python版本: 3.11.9 (tags/v3.11.9:de54cf5, Apr  2 2024, 10:12:12) [MSC v.1938 64 bit (AMD64)]
2025-11-15 15:50:26 - douyin_rpa - [INFO] - logger.py:153 - info() - 工作目录: C:\Users\admin\Desktop\onebutton\douyin—autoclient
2025-11-15 15:50:26 - douyin_rpa - [INFO] - logger.py:153 - info() - 脚本路径: C:\Users\admin\Desktop\onebutton\douyin—autoclient\src\main.py
2025-11-15 15:50:26 - douyin_rpa - [INFO] - logger.py:153 - info() - ================================================================================
2025-11-15 15:50:26 - douyin_rpa - [INFO] - logger.py:153 - info() - DouyinRPA实例初始化 - 时间: 2025-11-15 15:50:26
2025-11-15 15:50:26 - douyin_rpa - [INFO] - logger.py:153 - info() - ================================================================================
2025-11-15 15:50:26 - douyin_rpa - [INFO] - logger.py:153 - info() - 解析命令行参数...
2025-11-15 15:50:26 - douyin_rpa - [INFO] - logger.py:153 - info() - 命令行参数: {'auto_accept': True, 'auto_start': False, 'check_only': False, 'config': None, 'export_data': False}
2025-11-15 15:50:26 - douyin_rpa - [INFO] - logger.py:153 - info() - 显示启动横幅
2025-11-15 15:50:26 - douyin_rpa - [INFO] - logger.py:153 - info() - 开始合规性检查
2025-11-15 15:50:26 - douyin_rpa - [INFO] - logger.py:153 - info() - 用户通过--auto-accept参数自动接受协议
2025-11-15 15:50:26 - douyin_rpa - [INFO] - logger.py:153 - info() - ============================================================
2025-11-15 15:50:26 - douyin_rpa - [INFO] - logger.py:153 - info() - 开始环境检查
2025-11-15 15:50:26 - douyin_rpa - [INFO] - logger.py:153 - info() - ============================================================
2025-11-15 15:50:26 - douyin_rpa - [INFO] - logger.py:153 - info() - 检查Python版本: 3.11.9
2025-11-15 15:50:26 - douyin_rpa - [INFO] - logger.py:153 - info() - ✅ Python版本检查通过: 3.11.9
2025-11-15 15:50:26 - douyin_rpa - [INFO] - logger.py:153 - info() - 检查必要文件...
2025-11-15 15:50:26 - douyin_rpa - [INFO] - logger.py:153 - info() - ✅ 必要文件检查通过
2025-11-15 15:50:26 - douyin_rpa - [INFO] - logger.py:153 - info() - 检查ADB设备连接...
2025-11-15 15:50:26 - douyin_rpa - [INFO] - logger.py:153 - info() - ✅ Android设备连接正常
2025-11-15 15:50:26 - douyin_rpa - [INFO] - logger.py:153 - info() - 检查Appium Server状态...
2025-11-15 15:50:26 - douyin_rpa - [INFO] - logger.py:153 - info() - ✅ Appium Server运行正常
2025-11-15 15:50:26 - douyin_rpa - [INFO] - logger.py:153 - info() - ✅ 必要目录已创建
2025-11-15 15:50:26 - douyin_rpa - [INFO] - logger.py:153 - info() - ============================================================
2025-11-15 15:50:26 - douyin_rpa - [INFO] - logger.py:153 - info() - ✅ 环境检查全部通过
2025-11-15 15:50:26 - douyin_rpa - [INFO] - logger.py:153 - info() - ============================================================
2025-11-15 15:50:26 - douyin_rpa - [INFO] - logger.py:153 - info() - ============================================================
2025-11-15 15:50:26 - douyin_rpa - [INFO] - logger.py:153 - info() - 开始初始化组件
2025-11-15 15:50:26 - douyin_rpa - [INFO] - logger.py:153 - info() - ============================================================
2025-11-15 15:50:26 - douyin_rpa - [INFO] - logger.py:153 - info() - 开始连接Appium...
2025-11-15 15:50:56 - douyin_rpa - [ERROR] - logger.py:161 - error() - Appium连接失败 - driver为None
NoneType: None
2025-11-15 15:50:56 - douyin_rpa - [ERROR] - logger.py:161 - error() - 组件初始化失败，程序退出
NoneType: None
2025-11-15 15:50:56 - douyin_rpa - [INFO] - logger.py:153 - info() - ================================================================================
2025-11-15 15:50:56 - douyin_rpa - [INFO] - logger.py:153 - info() - 程序最终退出 - 总运行时间: 0:00:30.284806
2025-11-15 15:50:56 - douyin_rpa - [INFO] - logger.py:153 - info() - ================================================================================
2025-11-15 15:51:41 - douyin_rpa - [INFO] - logger.py:73 - __init__() - 日志系统初始化完成: douyin_rpa
2025-11-15 15:51:41 - douyin_rpa - [INFO] - logger.py:153 - info() - ╔==============================================================================╗
2025-11-15 15:51:41 - douyin_rpa - [INFO] - logger.py:153 - info() - ║                         程序启动                         ║
2025-11-15 15:51:41 - douyin_rpa - [INFO] - logger.py:153 - info() - ╚==============================================================================╝
2025-11-15 15:51:41 - douyin_rpa - [INFO] - logger.py:153 - info() - 启动时间: 2025-11-15 15:51:41
2025-11-15 15:51:41 - douyin_rpa - [INFO] - logger.py:153 - info() - Python版本: 3.11.9 (tags/v3.11.9:de54cf5, Apr  2 2024, 10:12:12) [MSC v.1938 64 bit (AMD64)]
2025-11-15 15:51:41 - douyin_rpa - [INFO] - logger.py:153 - info() - 工作目录: C:\Users\admin\Desktop\onebutton\douyin—autoclient
2025-11-15 15:51:41 - douyin_rpa - [INFO] - logger.py:153 - info() - 脚本路径: C:\Users\admin\Desktop\onebutton\douyin—autoclient\src\main.py
2025-11-15 15:51:41 - douyin_rpa - [INFO] - logger.py:153 - info() - ================================================================================
2025-11-15 15:51:41 - douyin_rpa - [INFO] - logger.py:153 - info() - DouyinRPA实例初始化 - 时间: 2025-11-15 15:51:41
2025-11-15 15:51:41 - douyin_rpa - [INFO] - logger.py:153 - info() - ================================================================================
2025-11-15 15:51:41 - douyin_rpa - [INFO] - logger.py:153 - info() - 解析命令行参数...
2025-11-15 15:51:41 - douyin_rpa - [INFO] - logger.py:153 - info() - 命令行参数: {'auto_accept': True, 'auto_start': False, 'check_only': False, 'config': None, 'export_data': False}
2025-11-15 15:51:41 - douyin_rpa - [INFO] - logger.py:153 - info() - 显示启动横幅
2025-11-15 15:51:41 - douyin_rpa - [INFO] - logger.py:153 - info() - 开始合规性检查
2025-11-15 15:51:41 - douyin_rpa - [INFO] - logger.py:153 - info() - 用户通过--auto-accept参数自动接受协议
2025-11-15 15:51:41 - douyin_rpa - [INFO] - logger.py:153 - info() - ============================================================
2025-11-15 15:51:41 - douyin_rpa - [INFO] - logger.py:153 - info() - 开始环境检查
2025-11-15 15:51:41 - douyin_rpa - [INFO] - logger.py:153 - info() - ============================================================
2025-11-15 15:51:41 - douyin_rpa - [INFO] - logger.py:153 - info() - 检查Python版本: 3.11.9
2025-11-15 15:51:41 - douyin_rpa - [INFO] - logger.py:153 - info() - ✅ Python版本检查通过: 3.11.9
2025-11-15 15:51:41 - douyin_rpa - [INFO] - logger.py:153 - info() - 检查必要文件...
2025-11-15 15:51:41 - douyin_rpa - [INFO] - logger.py:153 - info() - ✅ 必要文件检查通过
2025-11-15 15:51:41 - douyin_rpa - [INFO] - logger.py:153 - info() - 检查ADB设备连接...
2025-11-15 15:51:41 - douyin_rpa - [INFO] - logger.py:153 - info() - ✅ Android设备连接正常
2025-11-15 15:51:41 - douyin_rpa - [INFO] - logger.py:153 - info() - 检查Appium Server状态...
2025-11-15 15:51:41 - douyin_rpa - [INFO] - logger.py:153 - info() - ✅ Appium Server运行正常
2025-11-15 15:51:41 - douyin_rpa - [INFO] - logger.py:153 - info() - ✅ 必要目录已创建
2025-11-15 15:51:41 - douyin_rpa - [INFO] - logger.py:153 - info() - ============================================================
2025-11-15 15:51:41 - douyin_rpa - [INFO] - logger.py:153 - info() - ✅ 环境检查全部通过
2025-11-15 15:51:41 - douyin_rpa - [INFO] - logger.py:153 - info() - ============================================================
2025-11-15 15:51:41 - douyin_rpa - [INFO] - logger.py:153 - info() - ============================================================
2025-11-15 15:51:41 - douyin_rpa - [INFO] - logger.py:153 - info() - 开始初始化组件
2025-11-15 15:51:41 - douyin_rpa - [INFO] - logger.py:153 - info() - ============================================================
2025-11-15 15:51:41 - douyin_rpa - [INFO] - logger.py:153 - info() - 开始连接Appium...
2025-11-15 15:54:00 - douyin_rpa - [ERROR] - logger.py:161 - error() - Appium连接失败 - driver为None
NoneType: None
2025-11-15 15:54:00 - douyin_rpa - [ERROR] - logger.py:161 - error() - 组件初始化失败，程序退出
NoneType: None
2025-11-15 15:54:00 - douyin_rpa - [INFO] - logger.py:153 - info() - ================================================================================
2025-11-15 15:54:00 - douyin_rpa - [INFO] - logger.py:153 - info() - 程序最终退出 - 总运行时间: 0:02:19.033372
2025-11-15 15:54:00 - douyin_rpa - [INFO] - logger.py:153 - info() - ================================================================================
2025-11-15 15:54:14 - douyin_rpa - [INFO] - logger.py:73 - __init__() - 日志系统初始化完成: douyin_rpa
2025-11-15 15:54:15 - douyin_rpa - [INFO] - logger.py:153 - info() - ╔==============================================================================╗
2025-11-15 15:54:15 - douyin_rpa - [INFO] - logger.py:153 - info() - ║                         程序启动                         ║
2025-11-15 15:54:15 - douyin_rpa - [INFO] - logger.py:153 - info() - ╚==============================================================================╝
2025-11-15 15:54:15 - douyin_rpa - [INFO] - logger.py:153 - info() - 启动时间: 2025-11-15 15:54:15
2025-11-15 15:54:15 - douyin_rpa - [INFO] - logger.py:153 - info() - Python版本: 3.11.9 (tags/v3.11.9:de54cf5, Apr  2 2024, 10:12:12) [MSC v.1938 64 bit (AMD64)]
2025-11-15 15:54:15 - douyin_rpa - [INFO] - logger.py:153 - info() - 工作目录: C:\Users\admin\Desktop\onebutton\douyin—autoclient
2025-11-15 15:54:15 - douyin_rpa - [INFO] - logger.py:153 - info() - 脚本路径: C:\Users\admin\Desktop\onebutton\douyin—autoclient\src\main.py
2025-11-15 15:54:15 - douyin_rpa - [INFO] - logger.py:153 - info() - ================================================================================
2025-11-15 15:54:15 - douyin_rpa - [INFO] - logger.py:153 - info() - DouyinRPA实例初始化 - 时间: 2025-11-15 15:54:15
2025-11-15 15:54:15 - douyin_rpa - [INFO] - logger.py:153 - info() - ================================================================================
2025-11-15 15:54:15 - douyin_rpa - [INFO] - logger.py:153 - info() - 解析命令行参数...
2025-11-15 15:54:15 - douyin_rpa - [INFO] - logger.py:153 - info() - 命令行参数: {'auto_accept': True, 'auto_start': False, 'check_only': False, 'config': None, 'export_data': False}
2025-11-15 15:54:15 - douyin_rpa - [INFO] - logger.py:153 - info() - 显示启动横幅
2025-11-15 15:54:15 - douyin_rpa - [INFO] - logger.py:153 - info() - 开始合规性检查
2025-11-15 15:54:15 - douyin_rpa - [INFO] - logger.py:153 - info() - 用户通过--auto-accept参数自动接受协议
2025-11-15 15:54:15 - douyin_rpa - [INFO] - logger.py:153 - info() - ============================================================
2025-11-15 15:54:15 - douyin_rpa - [INFO] - logger.py:153 - info() - 开始环境检查
2025-11-15 15:54:15 - douyin_rpa - [INFO] - logger.py:153 - info() - ============================================================
2025-11-15 15:54:15 - douyin_rpa - [INFO] - logger.py:153 - info() - 检查Python版本: 3.11.9
2025-11-15 15:54:15 - douyin_rpa - [INFO] - logger.py:153 - info() - ✅ Python版本检查通过: 3.11.9
2025-11-15 15:54:15 - douyin_rpa - [INFO] - logger.py:153 - info() - 检查必要文件...
2025-11-15 15:54:15 - douyin_rpa - [INFO] - logger.py:153 - info() - ✅ 必要文件检查通过
2025-11-15 15:54:15 - douyin_rpa - [INFO] - logger.py:153 - info() - 检查ADB设备连接...
2025-11-15 15:54:15 - douyin_rpa - [INFO] - logger.py:153 - info() - ✅ Android设备连接正常
2025-11-15 15:54:15 - douyin_rpa - [INFO] - logger.py:153 - info() - 检查Appium Server状态...
2025-11-15 15:54:15 - douyin_rpa - [INFO] - logger.py:153 - info() - ✅ Appium Server运行正常
2025-11-15 15:54:15 - douyin_rpa - [INFO] - logger.py:153 - info() - ✅ 必要目录已创建
2025-11-15 15:54:15 - douyin_rpa - [INFO] - logger.py:153 - info() - ============================================================
2025-11-15 15:54:15 - douyin_rpa - [INFO] - logger.py:153 - info() - ✅ 环境检查全部通过
2025-11-15 15:54:15 - douyin_rpa - [INFO] - logger.py:153 - info() - ============================================================
2025-11-15 15:54:15 - douyin_rpa - [INFO] - logger.py:153 - info() - ============================================================
2025-11-15 15:54:15 - douyin_rpa - [INFO] - logger.py:153 - info() - 开始初始化组件
2025-11-15 15:54:15 - douyin_rpa - [INFO] - logger.py:153 - info() - ============================================================
2025-11-15 15:54:15 - douyin_rpa - [INFO] - logger.py:153 - info() - 开始连接Appium...
2025-11-15 15:57:23 - douyin_rpa - [ERROR] - logger.py:161 - error() - Appium连接失败 - driver为None
NoneType: None
2025-11-15 15:57:23 - douyin_rpa - [ERROR] - logger.py:161 - error() - 组件初始化失败，程序退出
NoneType: None
2025-11-15 15:57:23 - douyin_rpa - [INFO] - logger.py:153 - info() - ================================================================================
2025-11-15 15:57:23 - douyin_rpa - [INFO] - logger.py:153 - info() - 程序最终退出 - 总运行时间: 0:03:08.296711
2025-11-15 15:57:23 - douyin_rpa - [INFO] - logger.py:153 - info() - ================================================================================
2025-11-15 16:09:51 - douyin_rpa - [INFO] - logger.py:73 - __init__() - 日志系统初始化完成: douyin_rpa
2025-11-15 16:09:51 - douyin_rpa - [INFO] - logger.py:153 - info() - ╔==============================================================================╗
2025-11-15 16:09:51 - douyin_rpa - [INFO] - logger.py:153 - info() - ║                         程序启动                         ║
2025-11-15 16:09:51 - douyin_rpa - [INFO] - logger.py:153 - info() - ╚==============================================================================╝
2025-11-15 16:09:51 - douyin_rpa - [INFO] - logger.py:153 - info() - 启动时间: 2025-11-15 16:09:51
2025-11-15 16:09:51 - douyin_rpa - [INFO] - logger.py:153 - info() - Python版本: 3.11.9 (tags/v3.11.9:de54cf5, Apr  2 2024, 10:12:12) [MSC v.1938 64 bit (AMD64)]
2025-11-15 16:09:51 - douyin_rpa - [INFO] - logger.py:153 - info() - 工作目录: C:\Users\admin\Desktop\onebutton\douyin—autoclient
2025-11-15 16:09:51 - douyin_rpa - [INFO] - logger.py:153 - info() - 脚本路径: C:\Users\admin\Desktop\onebutton\douyin—autoclient\src\main.py
2025-11-15 16:09:51 - douyin_rpa - [INFO] - logger.py:153 - info() - ================================================================================
2025-11-15 16:09:51 - douyin_rpa - [INFO] - logger.py:153 - info() - DouyinRPA实例初始化 - 时间: 2025-11-15 16:09:51
2025-11-15 16:09:51 - douyin_rpa - [INFO] - logger.py:153 - info() - ================================================================================
2025-11-15 16:09:51 - douyin_rpa - [INFO] - logger.py:153 - info() - 解析命令行参数...
2025-11-15 16:09:51 - douyin_rpa - [INFO] - logger.py:153 - info() - 命令行参数: {'auto_accept': True, 'auto_start': False, 'check_only': False, 'config': None, 'export_data': False}
2025-11-15 16:09:51 - douyin_rpa - [INFO] - logger.py:153 - info() - 显示启动横幅
2025-11-15 16:09:51 - douyin_rpa - [INFO] - logger.py:153 - info() - 开始合规性检查
2025-11-15 16:09:51 - douyin_rpa - [INFO] - logger.py:153 - info() - 用户通过--auto-accept参数自动接受协议
2025-11-15 16:09:51 - douyin_rpa - [INFO] - logger.py:153 - info() - ============================================================
2025-11-15 16:09:51 - douyin_rpa - [INFO] - logger.py:153 - info() - 开始环境检查
2025-11-15 16:09:51 - douyin_rpa - [INFO] - logger.py:153 - info() - ============================================================
2025-11-15 16:09:51 - douyin_rpa - [INFO] - logger.py:153 - info() - 检查Python版本: 3.11.9
2025-11-15 16:09:51 - douyin_rpa - [INFO] - logger.py:153 - info() - ✅ Python版本检查通过: 3.11.9
2025-11-15 16:09:51 - douyin_rpa - [INFO] - logger.py:153 - info() - 检查必要文件...
2025-11-15 16:09:51 - douyin_rpa - [INFO] - logger.py:153 - info() - ✅ 必要文件检查通过
2025-11-15 16:09:51 - douyin_rpa - [INFO] - logger.py:153 - info() - 检查ADB设备连接...
2025-11-15 16:09:52 - douyin_rpa - [INFO] - logger.py:153 - info() - ✅ Android设备连接正常
2025-11-15 16:09:52 - douyin_rpa - [INFO] - logger.py:153 - info() - 检查Appium Server状态...
2025-11-15 16:09:52 - douyin_rpa - [INFO] - logger.py:153 - info() - ✅ Appium Server运行正常
2025-11-15 16:09:52 - douyin_rpa - [INFO] - logger.py:153 - info() - ✅ 必要目录已创建
2025-11-15 16:09:52 - douyin_rpa - [INFO] - logger.py:153 - info() - ============================================================
2025-11-15 16:09:52 - douyin_rpa - [INFO] - logger.py:153 - info() - ✅ 环境检查全部通过
2025-11-15 16:09:52 - douyin_rpa - [INFO] - logger.py:153 - info() - ============================================================
2025-11-15 16:09:52 - douyin_rpa - [INFO] - logger.py:153 - info() - ============================================================
2025-11-15 16:09:52 - douyin_rpa - [INFO] - logger.py:153 - info() - 开始初始化组件
2025-11-15 16:09:52 - douyin_rpa - [INFO] - logger.py:153 - info() - ============================================================
2025-11-15 16:09:52 - douyin_rpa - [INFO] - logger.py:153 - info() - 开始连接Appium...
2025-11-15 16:10:28 - douyin_rpa - [INFO] - logger.py:153 - info() - ✅ Appium连接成功
2025-11-15 16:10:28 - douyin_rpa - [INFO] - logger.py:153 - info() - 初始化统计器...
2025-11-15 16:10:28 - douyin_rpa - [INFO] - logger.py:153 - info() - ✅ 统计器初始化完成
2025-11-15 16:10:28 - douyin_rpa - [INFO] - logger.py:153 - info() - 初始化任务管理器...
2025-11-15 16:10:28 - douyin_rpa - [INFO] - logger.py:153 - info() - ✅ 任务管理器初始化完成
2025-11-15 16:10:28 - douyin_rpa - [INFO] - logger.py:153 - info() - ============================================================
2025-11-15 16:10:28 - douyin_rpa - [INFO] - logger.py:153 - info() - ✅ 所有组件初始化完成
2025-11-15 16:10:28 - douyin_rpa - [INFO] - logger.py:153 - info() - ============================================================
2025-11-15 16:10:28 - douyin_rpa - [INFO] - logger.py:153 - info() - 设置信号处理器...
2025-11-15 16:10:28 - douyin_rpa - [INFO] - logger.py:153 - info() - ✅ 信号处理器设置完成
2025-11-15 16:10:28 - douyin_rpa - [INFO] - logger.py:153 - info() - ================================================================================
2025-11-15 16:10:28 - douyin_rpa - [INFO] - logger.py:153 - info() - 开始运行RPA主任务
2025-11-15 16:10:28 - douyin_rpa - [INFO] - logger.py:153 - info() - ================================================================================
2025-11-15 16:10:28 - douyin_rpa - [INFO] - logger.py:153 - info() - RPA任务提示信息已显示
2025-11-15 16:10:28 - douyin_rpa - [INFO] - logger.py:153 - info() - 开始执行任务管理器主循环...
2025-11-15 16:10:39 - douyin_rpa - [WARNING] - logger.py:157 - warning() - 元素未找到: id = com.ss.android.ugc.aweme:id/q7
2025-11-15 16:10:43 - douyin_rpa - [WARNING] - logger.py:157 - warning() - 元素未找到: id = com.ss.android.ugc.aweme:id/arh
2025-11-15 16:10:46 - douyin_rpa - [WARNING] - logger.py:157 - warning() - 元素未找到: id = com.android.packageinstaller:id/permission_allow_button
2025-11-15 16:10:50 - douyin_rpa - [WARNING] - logger.py:157 - warning() - 元素未找到: xpath = //android.widget.TextView[@text='拒绝']
2025-11-15 16:10:55 - douyin_rpa - [WARNING] - logger.py:157 - warning() - 元素未找到: xpath = //android.widget.TextView[@text='暂不开启']
2025-11-15 16:10:59 - douyin_rpa - [WARNING] - logger.py:157 - warning() - 元素未找到: xpath = //android.widget.TextView[@text='残忍拒绝']
2025-11-15 16:11:02 - douyin_rpa - [WARNING] - logger.py:157 - warning() - 元素未找到: xpath = //android.widget.ImageView[@content-desc='关闭']
2025-11-15 16:11:05 - douyin_rpa - [WARNING] - logger.py:157 - warning() - 元素未找到: xpath = //android.widget.Button[@text='我知道了']
2025-11-15 16:11:10 - douyin_rpa - [WARNING] - logger.py:157 - warning() - 元素未找到: xpath = //android.widget.TextView[@text='稍后']
2025-11-15 16:11:22 - douyin_rpa - [INFO] - logger.py:153 - info() - 📱 高级轨迹滑动: 点数=18, 时长=511ms
2025-11-15 16:11:27 - douyin_rpa - [WARNING] - logger.py:157 - warning() - 元素未找到: id = com.ss.android.ugc.aweme:id/q7
2025-11-15 16:11:30 - douyin_rpa - [WARNING] - logger.py:157 - warning() - 元素未找到: id = com.ss.android.ugc.aweme:id/arh
2025-11-15 16:11:33 - douyin_rpa - [WARNING] - logger.py:157 - warning() - 元素未找到: id = com.android.packageinstaller:id/permission_allow_button
2025-11-15 16:11:38 - douyin_rpa - [WARNING] - logger.py:157 - warning() - 元素未找到: xpath = //android.widget.TextView[@text='拒绝']
2025-11-15 16:11:44 - douyin_rpa - [WARNING] - logger.py:157 - warning() - 元素未找到: xpath = //android.widget.TextView[@text='暂不开启']
2025-11-15 16:11:49 - douyin_rpa - [WARNING] - logger.py:157 - warning() - 元素未找到: xpath = //android.widget.TextView[@text='残忍拒绝']
2025-11-15 16:11:52 - douyin_rpa - [WARNING] - logger.py:157 - warning() - 元素未找到: xpath = //android.widget.ImageView[@content-desc='关闭']
2025-11-15 16:11:56 - douyin_rpa - [WARNING] - logger.py:157 - warning() - 元素未找到: xpath = //android.widget.Button[@text='我知道了']
2025-11-15 16:12:01 - douyin_rpa - [WARNING] - logger.py:157 - warning() - 元素未找到: xpath = //android.widget.TextView[@text='稍后']
2025-11-15 16:12:14 - douyin_rpa - [INFO] - logger.py:153 - info() - 📱 高级轨迹滑动: 点数=24, 时长=392ms
2025-11-15 16:12:19 - douyin_rpa - [WARNING] - logger.py:157 - warning() - 元素未找到: id = com.ss.android.ugc.aweme:id/q7
2025-11-15 16:12:22 - douyin_rpa - [WARNING] - logger.py:157 - warning() - 元素未找到: id = com.ss.android.ugc.aweme:id/arh
2025-11-15 16:12:26 - douyin_rpa - [WARNING] - logger.py:157 - warning() - 元素未找到: id = com.android.packageinstaller:id/permission_allow_button
2025-11-15 16:12:31 - douyin_rpa - [WARNING] - logger.py:157 - warning() - 元素未找到: xpath = //android.widget.TextView[@text='拒绝']
2025-11-15 16:12:36 - douyin_rpa - [WARNING] - logger.py:157 - warning() - 元素未找到: xpath = //android.widget.TextView[@text='暂不开启']
2025-11-15 16:12:41 - douyin_rpa - [WARNING] - logger.py:157 - warning() - 元素未找到: xpath = //android.widget.TextView[@text='残忍拒绝']
2025-11-15 16:12:44 - douyin_rpa - [WARNING] - logger.py:157 - warning() - 元素未找到: xpath = //android.widget.ImageView[@content-desc='关闭']
2025-11-15 16:12:48 - douyin_rpa - [WARNING] - logger.py:157 - warning() - 元素未找到: xpath = //android.widget.Button[@text='我知道了']
2025-11-15 16:12:53 - douyin_rpa - [WARNING] - logger.py:157 - warning() - 元素未找到: xpath = //android.widget.TextView[@text='稍后']
2025-11-15 16:13:06 - douyin_rpa - [INFO] - logger.py:153 - info() - 📱 高级轨迹滑动: 点数=30, 时长=606ms
2025-11-15 16:13:11 - douyin_rpa - [WARNING] - logger.py:157 - warning() - 元素未找到: id = com.ss.android.ugc.aweme:id/q7
2025-11-15 16:13:14 - douyin_rpa - [WARNING] - logger.py:157 - warning() - 元素未找到: id = com.ss.android.ugc.aweme:id/arh
2025-11-15 16:13:17 - douyin_rpa - [WARNING] - logger.py:157 - warning() - 元素未找到: id = com.android.packageinstaller:id/permission_allow_button
2025-11-15 16:13:22 - douyin_rpa - [WARNING] - logger.py:157 - warning() - 元素未找到: xpath = //android.widget.TextView[@text='拒绝']
2025-11-15 16:13:27 - douyin_rpa - [WARNING] - logger.py:157 - warning() - 元素未找到: xpath = //android.widget.TextView[@text='暂不开启']
2025-11-15 16:13:32 - douyin_rpa - [WARNING] - logger.py:157 - warning() - 元素未找到: xpath = //android.widget.TextView[@text='残忍拒绝']
2025-11-15 16:13:35 - douyin_rpa - [WARNING] - logger.py:157 - warning() - 元素未找到: xpath = //android.widget.ImageView[@content-desc='关闭']
2025-11-15 16:13:39 - douyin_rpa - [WARNING] - logger.py:157 - warning() - 元素未找到: xpath = //android.widget.Button[@text='我知道了']
2025-11-15 16:13:44 - douyin_rpa - [WARNING] - logger.py:157 - warning() - 元素未找到: xpath = //android.widget.TextView[@text='稍后']
2025-11-15 16:13:58 - douyin_rpa - [INFO] - logger.py:153 - info() - 📱 高级轨迹滑动: 点数=17, 时长=244ms
2025-11-15 16:14:03 - douyin_rpa - [WARNING] - logger.py:157 - warning() - 元素未找到: id = com.ss.android.ugc.aweme:id/q7
2025-11-15 16:14:06 - douyin_rpa - [WARNING] - logger.py:157 - warning() - 元素未找到: id = com.ss.android.ugc.aweme:id/arh
2025-11-15 16:14:10 - douyin_rpa - [WARNING] - logger.py:157 - warning() - 元素未找到: id = com.android.packageinstaller:id/permission_allow_button
2025-11-15 16:14:15 - douyin_rpa - [WARNING] - logger.py:157 - warning() - 元素未找到: xpath = //android.widget.TextView[@text='拒绝']
2025-11-15 16:14:20 - douyin_rpa - [WARNING] - logger.py:157 - warning() - 元素未找到: xpath = //android.widget.TextView[@text='暂不开启']
2025-11-15 16:14:25 - douyin_rpa - [WARNING] - logger.py:157 - warning() - 元素未找到: xpath = //android.widget.TextView[@text='残忍拒绝']
2025-11-15 16:14:28 - douyin_rpa - [WARNING] - logger.py:157 - warning() - 元素未找到: xpath = //android.widget.ImageView[@content-desc='关闭']
2025-11-15 16:14:31 - douyin_rpa - [WARNING] - logger.py:157 - warning() - 元素未找到: xpath = //android.widget.Button[@text='我知道了']
2025-11-15 16:14:36 - douyin_rpa - [WARNING] - logger.py:157 - warning() - 元素未找到: xpath = //android.widget.TextView[@text='稍后']
2025-11-15 16:14:45 - douyin_rpa - [INFO] - logger.py:153 - info() - 📱 高级轨迹滑动: 点数=17, 时长=569ms
2025-11-15 16:14:50 - douyin_rpa - [WARNING] - logger.py:157 - warning() - 元素未找到: id = com.ss.android.ugc.aweme:id/q7
2025-11-15 16:14:53 - douyin_rpa - [WARNING] - logger.py:157 - warning() - 元素未找到: id = com.ss.android.ugc.aweme:id/arh
2025-11-15 16:14:56 - douyin_rpa - [WARNING] - logger.py:157 - warning() - 元素未找到: id = com.android.packageinstaller:id/permission_allow_button
2025-11-15 16:15:00 - douyin_rpa - [WARNING] - logger.py:157 - warning() - 元素未找到: xpath = //android.widget.TextView[@text='拒绝']
2025-11-15 16:15:04 - douyin_rpa - [WARNING] - logger.py:157 - warning() - 元素未找到: xpath = //android.widget.TextView[@text='暂不开启']
2025-11-15 16:15:08 - douyin_rpa - [WARNING] - logger.py:157 - warning() - 元素未找到: xpath = //android.widget.TextView[@text='残忍拒绝']
2025-11-15 16:15:11 - douyin_rpa - [WARNING] - logger.py:157 - warning() - 元素未找到: xpath = //android.widget.ImageView[@content-desc='关闭']
2025-11-15 16:15:14 - douyin_rpa - [WARNING] - logger.py:157 - warning() - 元素未找到: xpath = //android.widget.Button[@text='我知道了']
2025-11-15 16:15:18 - douyin_rpa - [WARNING] - logger.py:157 - warning() - 元素未找到: xpath = //android.widget.TextView[@text='稍后']
2025-11-15 16:15:30 - douyin_rpa - [INFO] - logger.py:153 - info() - 📱 高级轨迹滑动: 点数=29, 时长=235ms
2025-11-15 16:15:52 - douyin_rpa - [WARNING] - logger.py:157 - warning() - 元素未找到: id = com.ss.android.ugc.aweme:id/q7
2025-11-15 16:15:56 - douyin_rpa - [WARNING] - logger.py:157 - warning() - 元素未找到: id = com.ss.android.ugc.aweme:id/arh
2025-11-15 16:15:59 - douyin_rpa - [WARNING] - logger.py:157 - warning() - 元素未找到: id = com.android.packageinstaller:id/permission_allow_button
2025-11-15 16:16:03 - douyin_rpa - [WARNING] - logger.py:157 - warning() - 元素未找到: xpath = //android.widget.TextView[@text='拒绝']
2025-11-15 16:16:07 - douyin_rpa - [WARNING] - logger.py:157 - warning() - 元素未找到: xpath = //android.widget.TextView[@text='暂不开启']
2025-11-15 16:16:10 - douyin_rpa - [WARNING] - logger.py:157 - warning() - 元素未找到: xpath = //android.widget.TextView[@text='残忍拒绝']
2025-11-15 16:16:13 - douyin_rpa - [WARNING] - logger.py:157 - warning() - 元素未找到: xpath = //android.widget.ImageView[@content-desc='关闭']
2025-11-15 16:16:15 - douyin_rpa - [WARNING] - logger.py:157 - warning() - 元素未找到: xpath = //android.widget.Button[@text='我知道了']
2025-11-15 16:16:19 - douyin_rpa - [WARNING] - logger.py:157 - warning() - 元素未找到: xpath = //android.widget.TextView[@text='稍后']
2025-11-15 16:16:30 - douyin_rpa - [INFO] - logger.py:153 - info() - 📱 高级轨迹滑动: 点数=22, 时长=572ms
2025-11-15 16:16:36 - douyin_rpa - [WARNING] - logger.py:157 - warning() - 元素未找到: id = com.ss.android.ugc.aweme:id/q7
2025-11-15 16:16:39 - douyin_rpa - [WARNING] - logger.py:157 - warning() - 元素未找到: id = com.ss.android.ugc.aweme:id/arh
2025-11-15 16:16:42 - douyin_rpa - [WARNING] - logger.py:157 - warning() - 元素未找到: id = com.android.packageinstaller:id/permission_allow_button
2025-11-15 16:16:47 - douyin_rpa - [WARNING] - logger.py:157 - warning() - 元素未找到: xpath = //android.widget.TextView[@text='拒绝']
2025-11-15 16:16:52 - douyin_rpa - [WARNING] - logger.py:157 - warning() - 元素未找到: xpath = //android.widget.TextView[@text='暂不开启']
2025-11-15 16:16:56 - douyin_rpa - [WARNING] - logger.py:157 - warning() - 元素未找到: xpath = //android.widget.TextView[@text='残忍拒绝']
2025-11-15 16:17:00 - douyin_rpa - [WARNING] - logger.py:157 - warning() - 元素未找到: xpath = //android.widget.ImageView[@content-desc='关闭']
2025-11-15 16:17:03 - douyin_rpa - [WARNING] - logger.py:157 - warning() - 元素未找到: xpath = //android.widget.Button[@text='我知道了']
2025-11-15 16:17:09 - douyin_rpa - [WARNING] - logger.py:157 - warning() - 元素未找到: xpath = //android.widget.TextView[@text='稍后']
2025-11-15 16:17:23 - douyin_rpa - [INFO] - logger.py:153 - info() - 📱 高级轨迹滑动: 点数=22, 时长=518ms
2025-11-15 16:17:28 - douyin_rpa - [WARNING] - logger.py:157 - warning() - 元素未找到: id = com.ss.android.ugc.aweme:id/q7
2025-11-15 16:17:32 - douyin_rpa - [WARNING] - logger.py:157 - warning() - 元素未找到: id = com.ss.android.ugc.aweme:id/arh
2025-11-15 16:17:36 - douyin_rpa - [WARNING] - logger.py:157 - warning() - 元素未找到: id = com.android.packageinstaller:id/permission_allow_button
2025-11-15 16:17:41 - douyin_rpa - [WARNING] - logger.py:157 - warning() - 元素未找到: xpath = //android.widget.TextView[@text='拒绝']
2025-11-15 16:17:46 - douyin_rpa - [WARNING] - logger.py:157 - warning() - 元素未找到: xpath = //android.widget.TextView[@text='暂不开启']
2025-11-15 16:17:51 - douyin_rpa - [WARNING] - logger.py:157 - warning() - 元素未找到: xpath = //android.widget.TextView[@text='残忍拒绝']
2025-11-15 16:17:54 - douyin_rpa - [WARNING] - logger.py:157 - warning() - 元素未找到: xpath = //android.widget.ImageView[@content-desc='关闭']
2025-11-15 16:17:58 - douyin_rpa - [WARNING] - logger.py:157 - warning() - 元素未找到: xpath = //android.widget.Button[@text='我知道了']
2025-11-15 16:18:04 - douyin_rpa - [WARNING] - logger.py:157 - warning() - 元素未找到: xpath = //android.widget.TextView[@text='稍后']
2025-11-15 16:18:15 - douyin_rpa - [INFO] - logger.py:153 - info() - 📱 高级轨迹滑动: 点数=19, 时长=432ms
2025-11-15 16:18:20 - douyin_rpa - [WARNING] - logger.py:157 - warning() - 元素未找到: id = com.ss.android.ugc.aweme:id/q7
2025-11-15 16:18:24 - douyin_rpa - [WARNING] - logger.py:157 - warning() - 元素未找到: id = com.ss.android.ugc.aweme:id/arh
2025-11-15 16:18:27 - douyin_rpa - [WARNING] - logger.py:157 - warning() - 元素未找到: id = com.android.packageinstaller:id/permission_allow_button
2025-11-15 16:18:33 - douyin_rpa - [WARNING] - logger.py:157 - warning() - 元素未找到: xpath = //android.widget.TextView[@text='拒绝']
2025-11-15 16:18:39 - douyin_rpa - [WARNING] - logger.py:157 - warning() - 元素未找到: xpath = //android.widget.TextView[@text='暂不开启']
2025-11-15 16:18:46 - douyin_rpa - [WARNING] - logger.py:157 - warning() - 元素未找到: xpath = //android.widget.TextView[@text='残忍拒绝']
2025-11-15 16:18:50 - douyin_rpa - [WARNING] - logger.py:157 - warning() - 元素未找到: xpath = //android.widget.ImageView[@content-desc='关闭']
2025-11-15 16:18:53 - douyin_rpa - [WARNING] - logger.py:157 - warning() - 元素未找到: xpath = //android.widget.Button[@text='我知道了']
2025-11-15 16:19:00 - douyin_rpa - [WARNING] - logger.py:157 - warning() - 元素未找到: xpath = //android.widget.TextView[@text='稍后']
2025-11-15 16:19:13 - douyin_rpa - [INFO] - logger.py:153 - info() - 📱 高级轨迹滑动: 点数=18, 时长=598ms
2025-11-15 16:19:36 - douyin_rpa - [WARNING] - logger.py:157 - warning() - 元素未找到: id = com.ss.android.ugc.aweme:id/q7
2025-11-15 16:19:57 - douyin_rpa - [WARNING] - logger.py:157 - warning() - 元素未找到: id = com.ss.android.ugc.aweme:id/arh
2025-11-15 16:20:18 - douyin_rpa - [WARNING] - logger.py:157 - warning() - 元素未找到: id = com.android.packageinstaller:id/permission_allow_button
2025-11-15 16:22:26 - douyin_rpa - [WARNING] - logger.py:157 - warning() - 元素未找到: xpath = //android.widget.TextView[@text='拒绝']
2025-11-15 16:23:49 - douyin_rpa - [WARNING] - logger.py:157 - warning() - 元素未找到: xpath = //android.widget.TextView[@text='暂不开启']
2025-11-15 16:23:51 - douyin_rpa - [WARNING] - logger.py:157 - warning() - 元素未找到: xpath = //android.widget.TextView[@text='残忍拒绝']
2025-11-15 16:23:53 - douyin_rpa - [WARNING] - logger.py:157 - warning() - 元素未找到: xpath = //android.widget.ImageView[@content-desc='关闭']
2025-11-15 16:23:56 - douyin_rpa - [WARNING] - logger.py:157 - warning() - 元素未找到: xpath = //android.widget.Button[@text='我知道了']
2025-11-15 16:23:59 - douyin_rpa - [WARNING] - logger.py:157 - warning() - 元素未找到: xpath = //android.widget.TextView[@text='稍后']
2025-11-15 16:24:09 - douyin_rpa - [ERROR] - logger.py:161 - error() - WebDriver滑动异常: Message: 'GET /window/current/size' cannot be proxied to UiAutomator2 server because the instrumentation process is not running (probably crashed). Check the server log and/or the logcat output for more details
Stacktrace:
UnknownError: 'GET /window/current/size' cannot be proxied to UiAutomator2 server because the instrumentation process is not running (probably crashed). Check the server log and/or the logcat output for more details
    at UIA2Proxy.command (C:\Users\admin\AppData\Roaming\npm\node_modules\appium\node_modules\@appium\base-driver\lib\jsonwp-proxy\proxy.js:332:13)
    at processTicksAndRejections (node:internal/process/task_queues:105:5)
    at AndroidUiautomator2Driver.getWindowSize (C:\Users\admin\.appium\node_modules\appium-uiautomator2-driver\lib\commands\viewport.js:90:5)
    at AndroidUiautomator2Driver.getWindowRect (C:\Users\admin\.appium\node_modules\appium-uiautomator2-driver\lib\commands\viewport.js:61:27)
2025-11-15 16:24:22 - douyin_rpa - [ERROR] - logger.py:161 - error() - WebDriver滑动异常: Message: 'GET /window/current/size' cannot be proxied to UiAutomator2 server because the instrumentation process is not running (probably crashed). Check the server log and/or the logcat output for more details
Stacktrace:
UnknownError: 'GET /window/current/size' cannot be proxied to UiAutomator2 server because the instrumentation process is not running (probably crashed). Check the server log and/or the logcat output for more details
    at UIA2Proxy.command (C:\Users\admin\AppData\Roaming\npm\node_modules\appium\node_modules\@appium\base-driver\lib\jsonwp-proxy\proxy.js:332:13)
    at processTicksAndRejections (node:internal/process/task_queues:105:5)
    at AndroidUiautomator2Driver.getWindowSize (C:\Users\admin\.appium\node_modules\appium-uiautomator2-driver\lib\commands\viewport.js:90:5)
    at AndroidUiautomator2Driver.getWindowRect (C:\Users\admin\.appium\node_modules\appium-uiautomator2-driver\lib\commands\viewport.js:61:27)
2025-11-15 16:24:39 - douyin_rpa - [ERROR] - logger.py:161 - error() - WebDriver滑动异常: Message: 'GET /window/current/size' cannot be proxied to UiAutomator2 server because the instrumentation process is not running (probably crashed). Check the server log and/or the logcat output for more details
Stacktrace:
UnknownError: 'GET /window/current/size' cannot be proxied to UiAutomator2 server because the instrumentation process is not running (probably crashed). Check the server log and/or the logcat output for more details
    at UIA2Proxy.command (C:\Users\admin\AppData\Roaming\npm\node_modules\appium\node_modules\@appium\base-driver\lib\jsonwp-proxy\proxy.js:332:13)
    at processTicksAndRejections (node:internal/process/task_queues:105:5)
    at AndroidUiautomator2Driver.getWindowSize (C:\Users\admin\.appium\node_modules\appium-uiautomator2-driver\lib\commands\viewport.js:90:5)
    at AndroidUiautomator2Driver.getWindowRect (C:\Users\admin\.appium\node_modules\appium-uiautomator2-driver\lib\commands\viewport.js:61:27)
2025-11-15 16:24:49 - douyin_rpa - [ERROR] - logger.py:161 - error() - WebDriver滑动异常: Message: 'GET /window/current/size' cannot be proxied to UiAutomator2 server because the instrumentation process is not running (probably crashed). Check the server log and/or the logcat output for more details
Stacktrace:
UnknownError: 'GET /window/current/size' cannot be proxied to UiAutomator2 server because the instrumentation process is not running (probably crashed). Check the server log and/or the logcat output for more details
    at UIA2Proxy.command (C:\Users\admin\AppData\Roaming\npm\node_modules\appium\node_modules\@appium\base-driver\lib\jsonwp-proxy\proxy.js:332:13)
    at processTicksAndRejections (node:internal/process/task_queues:105:5)
    at AndroidUiautomator2Driver.getWindowSize (C:\Users\admin\.appium\node_modules\appium-uiautomator2-driver\lib\commands\viewport.js:90:5)
    at AndroidUiautomator2Driver.getWindowRect (C:\Users\admin\.appium\node_modules\appium-uiautomator2-driver\lib\commands\viewport.js:61:27)
2025-11-15 16:25:02 - douyin_rpa - [ERROR] - logger.py:161 - error() - WebDriver滑动异常: Message: 'GET /window/current/size' cannot be proxied to UiAutomator2 server because the instrumentation process is not running (probably crashed). Check the server log and/or the logcat output for more details
Stacktrace:
UnknownError: 'GET /window/current/size' cannot be proxied to UiAutomator2 server because the instrumentation process is not running (probably crashed). Check the server log and/or the logcat output for more details
    at UIA2Proxy.command (C:\Users\admin\AppData\Roaming\npm\node_modules\appium\node_modules\@appium\base-driver\lib\jsonwp-proxy\proxy.js:332:13)
    at processTicksAndRejections (node:internal/process/task_queues:105:5)
    at AndroidUiautomator2Driver.getWindowSize (C:\Users\admin\.appium\node_modules\appium-uiautomator2-driver\lib\commands\viewport.js:90:5)
    at AndroidUiautomator2Driver.getWindowRect (C:\Users\admin\.appium\node_modules\appium-uiautomator2-driver\lib\commands\viewport.js:61:27)
2025-11-15 16:25:17 - douyin_rpa - [ERROR] - logger.py:161 - error() - WebDriver滑动异常: Message: 'GET /window/current/size' cannot be proxied to UiAutomator2 server because the instrumentation process is not running (probably crashed). Check the server log and/or the logcat output for more details
Stacktrace:
UnknownError: 'GET /window/current/size' cannot be proxied to UiAutomator2 server because the instrumentation process is not running (probably crashed). Check the server log and/or the logcat output for more details
    at UIA2Proxy.command (C:\Users\admin\AppData\Roaming\npm\node_modules\appium\node_modules\@appium\base-driver\lib\jsonwp-proxy\proxy.js:332:13)
    at processTicksAndRejections (node:internal/process/task_queues:105:5)
    at AndroidUiautomator2Driver.getWindowSize (C:\Users\admin\.appium\node_modules\appium-uiautomator2-driver\lib\commands\viewport.js:90:5)
    at AndroidUiautomator2Driver.getWindowRect (C:\Users\admin\.appium\node_modules\appium-uiautomator2-driver\lib\commands\viewport.js:61:27)
2025-11-15 16:25:32 - douyin_rpa - [INFO] - logger.py:153 - info() - 进入finally块，准备关闭...
2025-11-15 16:25:32 - douyin_rpa - [INFO] - logger.py:153 - info() - ================================================================================
2025-11-15 16:25:32 - douyin_rpa - [INFO] - logger.py:153 - info() - 开始优雅关闭程序
2025-11-15 16:25:32 - douyin_rpa - [INFO] - logger.py:153 - info() - ================================================================================
2025-11-15 16:25:32 - douyin_rpa - [INFO] - logger.py:153 - info() - 保存任务管理器统计数据...
2025-11-15 16:25:32 - douyin_rpa - [INFO] - logger.py:153 - info() - ✅ 任务管理器已关闭
2025-11-15 16:25:32 - douyin_rpa - [INFO] - logger.py:153 - info() - 断开Appium连接...
2025-11-15 16:25:33 - douyin_rpa - [INFO] - logger.py:153 - info() - ✅ Appium连接已断开
2025-11-15 16:25:33 - douyin_rpa - [INFO] - logger.py:153 - info() - 生成运行统计摘要...
2025-11-15 16:25:33 - douyin_rpa - [INFO] - logger.py:153 - info() - 运行时间: 0:15:04.964406
2025-11-15 16:25:33 - douyin_rpa - [INFO] - logger.py:153 - info() - 完成会话: 2 个
2025-11-15 16:25:33 - douyin_rpa - [INFO] - logger.py:153 - info() - ✅ 程序已安全关闭
2025-11-15 16:25:33 - douyin_rpa - [INFO] - logger.py:153 - info() - ================================================================================
2025-11-15 16:25:33 - douyin_rpa - [INFO] - logger.py:153 - info() - 程序完全退出 - 时间: 2025-11-15 16:25:33
2025-11-15 16:25:33 - douyin_rpa - [INFO] - logger.py:153 - info() - ================================================================================
2025-11-15 16:25:33 - douyin_rpa - [INFO] - logger.py:153 - info() - 程序正常结束 - 总运行时间: 0:15:41.320362
2025-11-15 16:25:33 - douyin_rpa - [INFO] - logger.py:153 - info() - ================================================================================
2025-11-15 16:25:33 - douyin_rpa - [INFO] - logger.py:153 - info() - 程序最终退出 - 总运行时间: 0:15:41.321361
2025-11-15 16:25:33 - douyin_rpa - [INFO] - logger.py:153 - info() - ================================================================================
2025-11-15 16:26:12 - douyin_rpa - [INFO] - logger.py:73 - __init__() - 日志系统初始化完成: douyin_rpa
2025-11-15 16:26:12 - douyin_rpa - [INFO] - logger.py:153 - info() - ╔==============================================================================╗
2025-11-15 16:26:12 - douyin_rpa - [INFO] - logger.py:153 - info() - ║                         程序启动                         ║
2025-11-15 16:26:12 - douyin_rpa - [INFO] - logger.py:153 - info() - ╚==============================================================================╝
2025-11-15 16:26:12 - douyin_rpa - [INFO] - logger.py:153 - info() - 启动时间: 2025-11-15 16:26:12
2025-11-15 16:26:12 - douyin_rpa - [INFO] - logger.py:153 - info() - Python版本: 3.11.9 (tags/v3.11.9:de54cf5, Apr  2 2024, 10:12:12) [MSC v.1938 64 bit (AMD64)]
2025-11-15 16:26:12 - douyin_rpa - [INFO] - logger.py:153 - info() - 工作目录: C:\Users\admin\Desktop\onebutton\douyin—autoclient
2025-11-15 16:26:12 - douyin_rpa - [INFO] - logger.py:153 - info() - 脚本路径: C:\Users\admin\Desktop\onebutton\douyin—autoclient\src\main.py
2025-11-15 16:26:12 - douyin_rpa - [INFO] - logger.py:153 - info() - ================================================================================
2025-11-15 16:26:12 - douyin_rpa - [INFO] - logger.py:153 - info() - DouyinRPA实例初始化 - 时间: 2025-11-15 16:26:12
2025-11-15 16:26:12 - douyin_rpa - [INFO] - logger.py:153 - info() - ================================================================================
2025-11-15 16:26:12 - douyin_rpa - [INFO] - logger.py:153 - info() - 解析命令行参数...
2025-11-15 16:26:12 - douyin_rpa - [INFO] - logger.py:153 - info() - 命令行参数: {'auto_accept': True, 'auto_start': False, 'check_only': False, 'config': None, 'export_data': False}
2025-11-15 16:26:12 - douyin_rpa - [INFO] - logger.py:153 - info() - 显示启动横幅
2025-11-15 16:26:12 - douyin_rpa - [INFO] - logger.py:153 - info() - 开始合规性检查
2025-11-15 16:26:12 - douyin_rpa - [INFO] - logger.py:153 - info() - 用户通过--auto-accept参数自动接受协议
2025-11-15 16:26:12 - douyin_rpa - [INFO] - logger.py:153 - info() - ============================================================
2025-11-15 16:26:12 - douyin_rpa - [INFO] - logger.py:153 - info() - 开始环境检查
2025-11-15 16:26:12 - douyin_rpa - [INFO] - logger.py:153 - info() - ============================================================
2025-11-15 16:26:12 - douyin_rpa - [INFO] - logger.py:153 - info() - 检查Python版本: 3.11.9
2025-11-15 16:26:12 - douyin_rpa - [INFO] - logger.py:153 - info() - ✅ Python版本检查通过: 3.11.9
2025-11-15 16:26:12 - douyin_rpa - [INFO] - logger.py:153 - info() - 检查必要文件...
2025-11-15 16:26:12 - douyin_rpa - [INFO] - logger.py:153 - info() - ✅ 必要文件检查通过
2025-11-15 16:26:12 - douyin_rpa - [INFO] - logger.py:153 - info() - 检查ADB设备连接...
2025-11-15 16:26:12 - douyin_rpa - [INFO] - logger.py:153 - info() - ✅ Android设备连接正常
2025-11-15 16:26:12 - douyin_rpa - [INFO] - logger.py:153 - info() - 检查Appium Server状态...
2025-11-15 16:26:12 - douyin_rpa - [INFO] - logger.py:153 - info() - ✅ Appium Server运行正常
2025-11-15 16:26:12 - douyin_rpa - [INFO] - logger.py:153 - info() - ✅ 必要目录已创建
2025-11-15 16:26:12 - douyin_rpa - [INFO] - logger.py:153 - info() - ============================================================
2025-11-15 16:26:12 - douyin_rpa - [INFO] - logger.py:153 - info() - ✅ 环境检查全部通过
2025-11-15 16:26:12 - douyin_rpa - [INFO] - logger.py:153 - info() - ============================================================
2025-11-15 16:26:12 - douyin_rpa - [INFO] - logger.py:153 - info() - ============================================================
2025-11-15 16:26:12 - douyin_rpa - [INFO] - logger.py:153 - info() - 开始初始化组件
2025-11-15 16:26:12 - douyin_rpa - [INFO] - logger.py:153 - info() - ============================================================
2025-11-15 16:26:12 - douyin_rpa - [INFO] - logger.py:153 - info() - 开始连接Appium...
2025-11-15 16:26:37 - douyin_rpa - [INFO] - logger.py:153 - info() - ✅ Appium连接成功
2025-11-15 16:26:37 - douyin_rpa - [INFO] - logger.py:153 - info() - 初始化统计器...
2025-11-15 16:26:37 - douyin_rpa - [INFO] - logger.py:153 - info() - ✅ 统计器初始化完成
2025-11-15 16:26:37 - douyin_rpa - [INFO] - logger.py:153 - info() - 初始化任务管理器...
2025-11-15 16:26:37 - douyin_rpa - [INFO] - logger.py:153 - info() - ✅ 任务管理器初始化完成
2025-11-15 16:26:37 - douyin_rpa - [INFO] - logger.py:153 - info() - ============================================================
2025-11-15 16:26:37 - douyin_rpa - [INFO] - logger.py:153 - info() - ✅ 所有组件初始化完成
2025-11-15 16:26:37 - douyin_rpa - [INFO] - logger.py:153 - info() - ============================================================
2025-11-15 16:26:37 - douyin_rpa - [INFO] - logger.py:153 - info() - 设置信号处理器...
2025-11-15 16:26:37 - douyin_rpa - [INFO] - logger.py:153 - info() - ✅ 信号处理器设置完成
2025-11-15 16:26:37 - douyin_rpa - [INFO] - logger.py:153 - info() - ================================================================================
2025-11-15 16:26:37 - douyin_rpa - [INFO] - logger.py:153 - info() - 开始运行RPA主任务
2025-11-15 16:26:37 - douyin_rpa - [INFO] - logger.py:153 - info() - ================================================================================
2025-11-15 16:26:37 - douyin_rpa - [INFO] - logger.py:153 - info() - RPA任务提示信息已显示
2025-11-15 16:26:37 - douyin_rpa - [INFO] - logger.py:153 - info() - 开始执行任务管理器主循环...
2025-11-15 16:26:46 - douyin_rpa - [WARNING] - logger.py:157 - warning() - 元素未找到: id = com.ss.android.ugc.aweme:id/q7
2025-11-15 16:26:50 - douyin_rpa - [WARNING] - logger.py:157 - warning() - 元素未找到: id = com.ss.android.ugc.aweme:id/arh
2025-11-15 16:26:53 - douyin_rpa - [WARNING] - logger.py:157 - warning() - 元素未找到: id = com.android.packageinstaller:id/permission_allow_button
2025-11-15 16:26:59 - douyin_rpa - [WARNING] - logger.py:157 - warning() - 元素未找到: xpath = //android.widget.TextView[@text='拒绝']
2025-11-15 16:27:06 - douyin_rpa - [WARNING] - logger.py:157 - warning() - 元素未找到: xpath = //android.widget.TextView[@text='暂不开启']
2025-11-15 16:27:11 - douyin_rpa - [WARNING] - logger.py:157 - warning() - 元素未找到: xpath = //android.widget.TextView[@text='残忍拒绝']
2025-11-15 16:27:14 - douyin_rpa - [WARNING] - logger.py:157 - warning() - 元素未找到: xpath = //android.widget.ImageView[@content-desc='关闭']
2025-11-15 16:27:18 - douyin_rpa - [WARNING] - logger.py:157 - warning() - 元素未找到: xpath = //android.widget.Button[@text='我知道了']
2025-11-15 16:27:23 - douyin_rpa - [WARNING] - logger.py:157 - warning() - 元素未找到: xpath = //android.widget.TextView[@text='稍后']
2025-11-15 16:27:32 - douyin_rpa - [WARNING] - logger.py:157 - warning() - 元素未找到: id = com.ss.android.ugc.aweme:id/a3o
2025-11-15 16:27:38 - douyin_rpa - [WARNING] - logger.py:157 - warning() - 元素未找到: xpath = //android.widget.ImageView[@content-desc='点赞']
2025-11-15 16:27:44 - douyin_rpa - [WARNING] - logger.py:157 - warning() - 元素未找到: xpath = //android.widget.Button[@content-desc='点赞']
2025-11-15 16:27:51 - douyin_rpa - [WARNING] - logger.py:157 - warning() - 元素未找到: xpath = //android.widget.ImageView[contains(@content-desc, '喜欢')]
2025-11-15 16:27:52 - douyin_rpa - [INFO] - logger.py:153 - info() - 📱 高级轨迹滑动: 点数=29, 时长=445ms
2025-11-15 16:28:00 - douyin_rpa - [WARNING] - logger.py:157 - warning() - 元素未找到: id = com.ss.android.ugc.aweme:id/q7
2025-11-15 16:28:05 - douyin_rpa - [WARNING] - logger.py:157 - warning() - 元素未找到: id = com.ss.android.ugc.aweme:id/arh
2025-11-15 16:28:08 - douyin_rpa - [WARNING] - logger.py:157 - warning() - 元素未找到: id = com.android.packageinstaller:id/permission_allow_button
2025-11-15 16:29:01 - douyin_rpa - [WARNING] - logger.py:157 - warning() - 元素未找到: xpath = //android.widget.TextView[@text='拒绝']
2025-11-15 16:29:11 - douyin_rpa - [WARNING] - logger.py:157 - warning() - 元素未找到: xpath = //android.widget.TextView[@text='暂不开启']
2025-11-15 16:29:17 - douyin_rpa - [WARNING] - logger.py:157 - warning() - 元素未找到: xpath = //android.widget.TextView[@text='残忍拒绝']
2025-11-15 16:29:21 - douyin_rpa - [WARNING] - logger.py:157 - warning() - 元素未找到: xpath = //android.widget.ImageView[@content-desc='关闭']
2025-11-15 16:29:24 - douyin_rpa - [WARNING] - logger.py:157 - warning() - 元素未找到: xpath = //android.widget.Button[@text='我知道了']
2025-11-15 16:29:30 - douyin_rpa - [WARNING] - logger.py:157 - warning() - 元素未找到: xpath = //android.widget.TextView[@text='稍后']
2025-11-15 16:29:35 - douyin_rpa - [INFO] - logger.py:153 - info() - 📱 高级轨迹滑动: 点数=21, 时长=617ms
2025-11-15 16:29:39 - douyin_rpa - [WARNING] - logger.py:157 - warning() - 元素未找到: id = com.ss.android.ugc.aweme:id/q7
2025-11-15 16:29:42 - douyin_rpa - [WARNING] - logger.py:157 - warning() - 元素未找到: id = com.ss.android.ugc.aweme:id/arh
2025-11-15 16:29:45 - douyin_rpa - [WARNING] - logger.py:157 - warning() - 元素未找到: id = com.android.packageinstaller:id/permission_allow_button
2025-11-15 16:29:50 - douyin_rpa - [WARNING] - logger.py:157 - warning() - 元素未找到: xpath = //android.widget.TextView[@text='拒绝']
2025-11-15 16:29:54 - douyin_rpa - [WARNING] - logger.py:157 - warning() - 元素未找到: xpath = //android.widget.TextView[@text='暂不开启']
2025-11-15 16:30:00 - douyin_rpa - [WARNING] - logger.py:157 - warning() - 元素未找到: xpath = //android.widget.TextView[@text='残忍拒绝']
2025-11-15 16:30:03 - douyin_rpa - [WARNING] - logger.py:157 - warning() - 元素未找到: xpath = //android.widget.ImageView[@content-desc='关闭']
2025-11-15 16:30:06 - douyin_rpa - [WARNING] - logger.py:157 - warning() - 元素未找到: xpath = //android.widget.Button[@text='我知道了']
2025-11-15 16:30:11 - douyin_rpa - [WARNING] - logger.py:157 - warning() - 元素未找到: xpath = //android.widget.TextView[@text='稍后']
2025-11-15 16:30:20 - douyin_rpa - [WARNING] - logger.py:157 - warning() - 元素未找到: id = com.ss.android.ugc.aweme:id/a3o
2025-11-15 16:30:26 - douyin_rpa - [WARNING] - logger.py:157 - warning() - 元素未找到: xpath = //android.widget.ImageView[@content-desc='点赞']
2025-11-15 16:30:32 - douyin_rpa - [WARNING] - logger.py:157 - warning() - 元素未找到: xpath = //android.widget.Button[@content-desc='点赞']
2025-11-15 16:30:38 - douyin_rpa - [WARNING] - logger.py:157 - warning() - 元素未找到: xpath = //android.widget.ImageView[contains(@content-desc, '喜欢')]
2025-11-15 16:30:39 - douyin_rpa - [INFO] - logger.py:153 - info() - 📱 高级轨迹滑动: 点数=28, 时长=377ms
2025-11-15 16:30:47 - douyin_rpa - [WARNING] - logger.py:157 - warning() - 元素未找到: id = com.ss.android.ugc.aweme:id/q7
2025-11-15 16:30:55 - douyin_rpa - [WARNING] - logger.py:157 - warning() - 元素未找到: id = com.ss.android.ugc.aweme:id/arh
2025-11-15 16:30:58 - douyin_rpa - [WARNING] - logger.py:157 - warning() - 元素未找到: id = com.android.packageinstaller:id/permission_allow_button
2025-11-15 16:31:04 - douyin_rpa - [WARNING] - logger.py:157 - warning() - 元素未找到: xpath = //android.widget.TextView[@text='拒绝']
2025-11-15 16:31:08 - douyin_rpa - [WARNING] - logger.py:157 - warning() - 元素未找到: xpath = //android.widget.TextView[@text='暂不开启']
2025-11-15 16:31:13 - douyin_rpa - [WARNING] - logger.py:157 - warning() - 元素未找到: xpath = //android.widget.TextView[@text='残忍拒绝']
2025-11-15 16:31:16 - douyin_rpa - [WARNING] - logger.py:157 - warning() - 元素未找到: xpath = //android.widget.ImageView[@content-desc='关闭']
2025-11-15 16:31:19 - douyin_rpa - [WARNING] - logger.py:157 - warning() - 元素未找到: xpath = //android.widget.Button[@text='我知道了']
2025-11-15 16:31:24 - douyin_rpa - [WARNING] - logger.py:157 - warning() - 元素未找到: xpath = //android.widget.TextView[@text='稍后']
2025-11-15 16:31:33 - douyin_rpa - [WARNING] - logger.py:157 - warning() - 元素未找到: id = com.ss.android.ugc.aweme:id/a3o
2025-11-15 16:31:39 - douyin_rpa - [WARNING] - logger.py:157 - warning() - 元素未找到: xpath = //android.widget.ImageView[@content-desc='点赞']
2025-11-15 16:31:45 - douyin_rpa - [WARNING] - logger.py:157 - warning() - 元素未找到: xpath = //android.widget.Button[@content-desc='点赞']
2025-11-15 16:31:52 - douyin_rpa - [WARNING] - logger.py:157 - warning() - 元素未找到: xpath = //android.widget.ImageView[contains(@content-desc, '喜欢')]
2025-11-15 16:31:53 - douyin_rpa - [INFO] - logger.py:153 - info() - 📱 高级轨迹滑动: 点数=21, 时长=571ms
2025-11-15 16:32:37 - douyin_rpa - [WARNING] - logger.py:157 - warning() - 元素未找到: id = com.ss.android.ugc.aweme:id/q7
2025-11-15 16:32:41 - douyin_rpa - [WARNING] - logger.py:157 - warning() - 元素未找到: id = com.ss.android.ugc.aweme:id/arh
2025-11-15 16:32:45 - douyin_rpa - [WARNING] - logger.py:157 - warning() - 元素未找到: id = com.android.packageinstaller:id/permission_allow_button
2025-11-15 16:32:49 - douyin_rpa - [WARNING] - logger.py:157 - warning() - 元素未找到: xpath = //android.widget.TextView[@text='拒绝']
2025-11-15 16:32:54 - douyin_rpa - [WARNING] - logger.py:157 - warning() - 元素未找到: xpath = //android.widget.TextView[@text='暂不开启']
2025-11-15 16:33:00 - douyin_rpa - [WARNING] - logger.py:157 - warning() - 元素未找到: xpath = //android.widget.TextView[@text='残忍拒绝']
2025-11-15 16:33:03 - douyin_rpa - [WARNING] - logger.py:157 - warning() - 元素未找到: xpath = //android.widget.ImageView[@content-desc='关闭']
2025-11-15 16:33:06 - douyin_rpa - [WARNING] - logger.py:157 - warning() - 元素未找到: xpath = //android.widget.Button[@text='我知道了']
2025-11-15 16:33:11 - douyin_rpa - [WARNING] - logger.py:157 - warning() - 元素未找到: xpath = //android.widget.TextView[@text='稍后']
2025-11-15 16:33:19 - douyin_rpa - [WARNING] - logger.py:157 - warning() - 元素未找到: id = com.ss.android.ugc.aweme:id/a3o
2025-11-15 16:33:25 - douyin_rpa - [WARNING] - logger.py:157 - warning() - 元素未找到: xpath = //android.widget.ImageView[@content-desc='点赞']
2025-11-15 16:33:31 - douyin_rpa - [WARNING] - logger.py:157 - warning() - 元素未找到: xpath = //android.widget.Button[@content-desc='点赞']
2025-11-15 16:33:38 - douyin_rpa - [WARNING] - logger.py:157 - warning() - 元素未找到: xpath = //android.widget.ImageView[contains(@content-desc, '喜欢')]
2025-11-15 16:33:38 - douyin_rpa - [INFO] - logger.py:153 - info() - 📱 高级轨迹滑动: 点数=15, 时长=318ms
2025-11-15 16:33:43 - douyin_rpa - [WARNING] - logger.py:157 - warning() - 元素未找到: id = com.ss.android.ugc.aweme:id/q7
2025-11-15 16:33:46 - douyin_rpa - [WARNING] - logger.py:157 - warning() - 元素未找到: id = com.ss.android.ugc.aweme:id/arh
2025-11-15 16:33:50 - douyin_rpa - [WARNING] - logger.py:157 - warning() - 元素未找到: id = com.android.packageinstaller:id/permission_allow_button
2025-11-15 16:33:56 - douyin_rpa - [WARNING] - logger.py:157 - warning() - 元素未找到: xpath = //android.widget.TextView[@text='拒绝']
2025-11-15 16:34:04 - douyin_rpa - [WARNING] - logger.py:157 - warning() - 元素未找到: xpath = //android.widget.TextView[@text='暂不开启']
2025-11-15 16:34:13 - douyin_rpa - [WARNING] - logger.py:157 - warning() - 元素未找到: xpath = //android.widget.TextView[@text='残忍拒绝']
2025-11-15 16:34:17 - douyin_rpa - [WARNING] - logger.py:157 - warning() - 元素未找到: xpath = //android.widget.ImageView[@content-desc='关闭']
2025-11-15 16:34:20 - douyin_rpa - [WARNING] - logger.py:157 - warning() - 元素未找到: xpath = //android.widget.Button[@text='我知道了']
2025-11-15 16:34:28 - douyin_rpa - [WARNING] - logger.py:157 - warning() - 元素未找到: xpath = //android.widget.TextView[@text='稍后']
2025-11-15 16:34:38 - douyin_rpa - [WARNING] - logger.py:157 - warning() - 元素未找到: id = com.ss.android.ugc.aweme:id/a3o
2025-11-15 16:34:44 - douyin_rpa - [WARNING] - logger.py:157 - warning() - 元素未找到: xpath = //android.widget.ImageView[@content-desc='点赞']
2025-11-15 16:34:52 - douyin_rpa - [WARNING] - logger.py:157 - warning() - 元素未找到: xpath = //android.widget.Button[@content-desc='点赞']
2025-11-15 16:34:58 - douyin_rpa - [WARNING] - logger.py:157 - warning() - 元素未找到: xpath = //android.widget.ImageView[contains(@content-desc, '喜欢')]
2025-11-15 16:34:59 - douyin_rpa - [INFO] - logger.py:153 - info() - 📱 高级轨迹滑动: 点数=30, 时长=445ms
2025-11-15 16:35:03 - douyin_rpa - [WARNING] - logger.py:157 - warning() - 元素未找到: id = com.ss.android.ugc.aweme:id/q7
2025-11-15 16:35:06 - douyin_rpa - [WARNING] - logger.py:157 - warning() - 元素未找到: id = com.ss.android.ugc.aweme:id/arh
2025-11-15 16:35:09 - douyin_rpa - [WARNING] - logger.py:157 - warning() - 元素未找到: id = com.android.packageinstaller:id/permission_allow_button
2025-11-15 16:35:14 - douyin_rpa - [WARNING] - logger.py:157 - warning() - 元素未找到: xpath = //android.widget.TextView[@text='拒绝']
2025-11-15 16:35:19 - douyin_rpa - [WARNING] - logger.py:157 - warning() - 元素未找到: xpath = //android.widget.TextView[@text='暂不开启']
2025-11-15 16:35:24 - douyin_rpa - [WARNING] - logger.py:157 - warning() - 元素未找到: xpath = //android.widget.TextView[@text='残忍拒绝']
2025-11-15 16:35:27 - douyin_rpa - [WARNING] - logger.py:157 - warning() - 元素未找到: xpath = //android.widget.ImageView[@content-desc='关闭']
2025-11-15 16:35:30 - douyin_rpa - [WARNING] - logger.py:157 - warning() - 元素未找到: xpath = //android.widget.Button[@text='我知道了']
2025-11-15 16:35:35 - douyin_rpa - [WARNING] - logger.py:157 - warning() - 元素未找到: xpath = //android.widget.TextView[@text='稍后']
2025-11-15 16:35:45 - douyin_rpa - [WARNING] - logger.py:157 - warning() - 元素未找到: id = com.ss.android.ugc.aweme:id/a3o
2025-11-15 16:35:51 - douyin_rpa - [WARNING] - logger.py:157 - warning() - 元素未找到: xpath = //android.widget.ImageView[@content-desc='点赞']
2025-11-15 16:35:57 - douyin_rpa - [WARNING] - logger.py:157 - warning() - 元素未找到: xpath = //android.widget.Button[@content-desc='点赞']
2025-11-15 16:36:04 - douyin_rpa - [WARNING] - logger.py:157 - warning() - 元素未找到: xpath = //android.widget.ImageView[contains(@content-desc, '喜欢')]
2025-11-15 16:36:04 - douyin_rpa - [INFO] - logger.py:153 - info() - 📱 高级轨迹滑动: 点数=28, 时长=491ms
2025-11-15 16:36:16 - douyin_rpa - [WARNING] - logger.py:157 - warning() - 元素未找到: id = com.ss.android.ugc.aweme:id/q7
2025-11-15 16:36:21 - douyin_rpa - [WARNING] - logger.py:157 - warning() - 元素未找到: id = com.ss.android.ugc.aweme:id/arh
2025-11-15 16:36:24 - douyin_rpa - [WARNING] - logger.py:157 - warning() - 元素未找到: id = com.android.packageinstaller:id/permission_allow_button
2025-11-15 16:36:33 - douyin_rpa - [WARNING] - logger.py:157 - warning() - 元素未找到: xpath = //android.widget.TextView[@text='拒绝']
2025-11-15 16:36:43 - douyin_rpa - [WARNING] - logger.py:157 - warning() - 元素未找到: xpath = //android.widget.TextView[@text='暂不开启']
2025-11-15 16:36:52 - douyin_rpa - [WARNING] - logger.py:157 - warning() - 元素未找到: xpath = //android.widget.TextView[@text='残忍拒绝']
2025-11-15 16:36:56 - douyin_rpa - [WARNING] - logger.py:157 - warning() - 元素未找到: xpath = //android.widget.ImageView[@content-desc='关闭']
2025-11-15 16:37:00 - douyin_rpa - [WARNING] - logger.py:157 - warning() - 元素未找到: xpath = //android.widget.Button[@text='我知道了']
2025-11-15 16:37:10 - douyin_rpa - [WARNING] - logger.py:157 - warning() - 元素未找到: xpath = //android.widget.TextView[@text='稍后']
2025-11-15 16:37:19 - douyin_rpa - [WARNING] - logger.py:157 - warning() - 元素未找到: id = com.ss.android.ugc.aweme:id/a3o
2025-11-15 16:37:25 - douyin_rpa - [WARNING] - logger.py:157 - warning() - 元素未找到: xpath = //android.widget.ImageView[@content-desc='点赞']
2025-11-15 16:37:31 - douyin_rpa - [WARNING] - logger.py:157 - warning() - 元素未找到: xpath = //android.widget.Button[@content-desc='点赞']
2025-11-15 16:37:37 - douyin_rpa - [WARNING] - logger.py:157 - warning() - 元素未找到: xpath = //android.widget.ImageView[contains(@content-desc, '喜欢')]
2025-11-15 16:37:38 - douyin_rpa - [INFO] - logger.py:153 - info() - 📱 高级轨迹滑动: 点数=16, 时长=382ms
2025-11-15 16:37:44 - douyin_rpa - [WARNING] - logger.py:157 - warning() - 元素未找到: id = com.ss.android.ugc.aweme:id/q7
2025-11-15 16:37:46 - douyin_rpa - [WARNING] - logger.py:157 - warning() - 元素未找到: id = com.ss.android.ugc.aweme:id/arh
2025-11-15 16:37:50 - douyin_rpa - [WARNING] - logger.py:157 - warning() - 元素未找到: id = com.android.packageinstaller:id/permission_allow_button
2025-11-15 16:37:55 - douyin_rpa - [WARNING] - logger.py:157 - warning() - 元素未找到: xpath = //android.widget.TextView[@text='拒绝']
2025-11-15 16:38:00 - douyin_rpa - [WARNING] - logger.py:157 - warning() - 元素未找到: xpath = //android.widget.TextView[@text='暂不开启']
2025-11-15 16:38:05 - douyin_rpa - [WARNING] - logger.py:157 - warning() - 元素未找到: xpath = //android.widget.TextView[@text='残忍拒绝']
2025-11-15 16:38:08 - douyin_rpa - [WARNING] - logger.py:157 - warning() - 元素未找到: xpath = //android.widget.ImageView[@content-desc='关闭']
2025-11-15 16:38:12 - douyin_rpa - [WARNING] - logger.py:157 - warning() - 元素未找到: xpath = //android.widget.Button[@text='我知道了']
2025-11-15 16:38:16 - douyin_rpa - [WARNING] - logger.py:157 - warning() - 元素未找到: xpath = //android.widget.TextView[@text='稍后']
2025-11-15 16:38:26 - douyin_rpa - [WARNING] - logger.py:157 - warning() - 元素未找到: id = com.ss.android.ugc.aweme:id/a3o
2025-11-15 16:38:33 - douyin_rpa - [WARNING] - logger.py:157 - warning() - 元素未找到: xpath = //android.widget.ImageView[@content-desc='点赞']
2025-11-15 16:38:39 - douyin_rpa - [WARNING] - logger.py:157 - warning() - 元素未找到: xpath = //android.widget.Button[@content-desc='点赞']
2025-11-15 16:38:45 - douyin_rpa - [WARNING] - logger.py:157 - warning() - 元素未找到: xpath = //android.widget.ImageView[contains(@content-desc, '喜欢')]
2025-11-15 16:38:46 - douyin_rpa - [INFO] - logger.py:153 - info() - 📱 标准上滑: (541, 1679) -> (546, 715), 380ms
2025-11-15 16:38:50 - douyin_rpa - [WARNING] - logger.py:157 - warning() - 元素未找到: id = com.ss.android.ugc.aweme:id/q7
2025-11-15 16:38:52 - douyin_rpa - [WARNING] - logger.py:157 - warning() - 元素未找到: id = com.ss.android.ugc.aweme:id/arh
2025-11-15 16:38:54 - douyin_rpa - [WARNING] - logger.py:157 - warning() - 元素未找到: id = com.android.packageinstaller:id/permission_allow_button
2025-11-15 16:38:57 - douyin_rpa - [WARNING] - logger.py:157 - warning() - 元素未找到: xpath = //android.widget.TextView[@text='拒绝']
2025-11-15 16:39:04 - douyin_rpa - [WARNING] - logger.py:157 - warning() - 元素未找到: xpath = //android.widget.TextView[@text='暂不开启']
2025-11-15 16:39:09 - douyin_rpa - [ERROR] - logger.py:161 - error() - WebDriver滑动异常: Message: 'GET /window/current/size' cannot be proxied to UiAutomator2 server because the instrumentation process is not running (probably crashed). Check the server log and/or the logcat output for more details
Stacktrace:
UnknownError: 'GET /window/current/size' cannot be proxied to UiAutomator2 server because the instrumentation process is not running (probably crashed). Check the server log and/or the logcat output for more details
    at UIA2Proxy.command (C:\Users\admin\AppData\Roaming\npm\node_modules\appium\node_modules\@appium\base-driver\lib\jsonwp-proxy\proxy.js:332:13)
    at processTicksAndRejections (node:internal/process/task_queues:105:5)
    at AndroidUiautomator2Driver.getWindowSize (C:\Users\admin\.appium\node_modules\appium-uiautomator2-driver\lib\commands\viewport.js:90:5)
    at AndroidUiautomator2Driver.getWindowRect (C:\Users\admin\.appium\node_modules\appium-uiautomator2-driver\lib\commands\viewport.js:61:27)
2025-11-15 16:39:12 - douyin_rpa - [ERROR] - logger.py:161 - error() - WebDriver滑动异常: Message: 'GET /window/current/size' cannot be proxied to UiAutomator2 server because the instrumentation process is not running (probably crashed). Check the server log and/or the logcat output for more details
Stacktrace:
UnknownError: 'GET /window/current/size' cannot be proxied to UiAutomator2 server because the instrumentation process is not running (probably crashed). Check the server log and/or the logcat output for more details
    at UIA2Proxy.command (C:\Users\admin\AppData\Roaming\npm\node_modules\appium\node_modules\@appium\base-driver\lib\jsonwp-proxy\proxy.js:332:13)
    at processTicksAndRejections (node:internal/process/task_queues:105:5)
    at AndroidUiautomator2Driver.getWindowSize (C:\Users\admin\.appium\node_modules\appium-uiautomator2-driver\lib\commands\viewport.js:90:5)
    at AndroidUiautomator2Driver.getWindowRect (C:\Users\admin\.appium\node_modules\appium-uiautomator2-driver\lib\commands\viewport.js:61:27)
2025-11-15 16:44:24 - douyin_rpa - [ERROR] - logger.py:161 - error() - WebDriver滑动异常: Message: A session is either terminated or not started; For documentation on this error, please visit: https://www.selenium.dev/documentation/webdriver/troubleshooting/errors#invalidsessionidexception
Stacktrace:
NoSuchDriverError: A session is either terminated or not started
    at asyncHandler (C:\Users\admin\AppData\Roaming\npm\node_modules\appium\node_modules\@appium\base-driver\lib\protocol\protocol.ts:329:15)
    at C:\Users\admin\AppData\Roaming\npm\node_modules\appium\node_modules\@appium\base-driver\lib\protocol\protocol.ts:524:15
    at Layer.handleRequest (C:\Users\admin\AppData\Roaming\npm\node_modules\appium\node_modules\router\lib\layer.js:152:17)
    at next (C:\Users\admin\AppData\Roaming\npm\node_modules\appium\node_modules\router\lib\route.js:157:13)
    at Route.dispatch (C:\Users\admin\AppData\Roaming\npm\node_modules\appium\node_modules\router\lib\route.js:117:3)
    at handle (C:\Users\admin\AppData\Roaming\npm\node_modules\appium\node_modules\router\index.js:435:11)
    at Layer.handleRequest (C:\Users\admin\AppData\Roaming\npm\node_modules\appium\node_modules\router\lib\layer.js:152:17)
    at C:\Users\admin\AppData\Roaming\npm\node_modules\appium\node_modules\router\index.js:295:15
    at param (C:\Users\admin\AppData\Roaming\npm\node_modules\appium\node_modules\router\index.js:600:14)
    at param (C:\Users\admin\AppData\Roaming\npm\node_modules\appium\node_modules\router\index.js:610:14)
    at processParams (C:\Users\admin\AppData\Roaming\npm\node_modules\appium\node_modules\router\index.js:664:3)
    at next (C:\Users\admin\AppData\Roaming\npm\node_modules\appium\node_modules\router\index.js:291:5)
    at logger (C:\Users\admin\AppData\Roaming\npm\node_modules\appium\node_modules\morgan\index.js:144:5)
    at Layer.handleRequest (C:\Users\admin\AppData\Roaming\npm\node_modules\appium\node_modules\router\lib\layer.js:152:17)
    at trimPrefix (C:\Users\admin\AppData\Roaming\npm\node_modules\appium\node_modules\router\index.js:342:13)
    at C:\Users\admin\AppData\Roaming\npm\node_modules\appium\node_modules\router\index.js:297:9
    at processParams (C:\Users\admin\AppData\Roaming\npm\node_modules\appium\node_modules\router\index.js:582:12)
    at next (C:\Users\admin\AppData\Roaming\npm\node_modules\appium\node_modules\router\index.js:291:5)
    at jsonParser (C:\Users\admin\AppData\Roaming\npm\node_modules\appium\node_modules\body-parser\lib\types\json.js:100:7)
    at Layer.handleRequest (C:\Users\admin\AppData\Roaming\npm\node_modules\appium\node_modules\router\lib\layer.js:152:17)
    at trimPrefix (C:\Users\admin\AppData\Roaming\npm\node_modules\appium\node_modules\router\index.js:342:13)
    at C:\Users\admin\AppData\Roaming\npm\node_modules\appium\node_modules\router\index.js:297:9
2025-11-15 16:44:28 - douyin_rpa - [ERROR] - logger.py:161 - error() - WebDriver滑动异常: Message: A session is either terminated or not started; For documentation on this error, please visit: https://www.selenium.dev/documentation/webdriver/troubleshooting/errors#invalidsessionidexception
Stacktrace:
NoSuchDriverError: A session is either terminated or not started
    at asyncHandler (C:\Users\admin\AppData\Roaming\npm\node_modules\appium\node_modules\@appium\base-driver\lib\protocol\protocol.ts:329:15)
    at C:\Users\admin\AppData\Roaming\npm\node_modules\appium\node_modules\@appium\base-driver\lib\protocol\protocol.ts:524:15
    at Layer.handleRequest (C:\Users\admin\AppData\Roaming\npm\node_modules\appium\node_modules\router\lib\layer.js:152:17)
    at next (C:\Users\admin\AppData\Roaming\npm\node_modules\appium\node_modules\router\lib\route.js:157:13)
    at Route.dispatch (C:\Users\admin\AppData\Roaming\npm\node_modules\appium\node_modules\router\lib\route.js:117:3)
    at handle (C:\Users\admin\AppData\Roaming\npm\node_modules\appium\node_modules\router\index.js:435:11)
    at Layer.handleRequest (C:\Users\admin\AppData\Roaming\npm\node_modules\appium\node_modules\router\lib\layer.js:152:17)
    at C:\Users\admin\AppData\Roaming\npm\node_modules\appium\node_modules\router\index.js:295:15
    at param (C:\Users\admin\AppData\Roaming\npm\node_modules\appium\node_modules\router\index.js:600:14)
    at param (C:\Users\admin\AppData\Roaming\npm\node_modules\appium\node_modules\router\index.js:610:14)
    at processParams (C:\Users\admin\AppData\Roaming\npm\node_modules\appium\node_modules\router\index.js:664:3)
    at next (C:\Users\admin\AppData\Roaming\npm\node_modules\appium\node_modules\router\index.js:291:5)
    at logger (C:\Users\admin\AppData\Roaming\npm\node_modules\appium\node_modules\morgan\index.js:144:5)
    at Layer.handleRequest (C:\Users\admin\AppData\Roaming\npm\node_modules\appium\node_modules\router\lib\layer.js:152:17)
    at trimPrefix (C:\Users\admin\AppData\Roaming\npm\node_modules\appium\node_modules\router\index.js:342:13)
    at C:\Users\admin\AppData\Roaming\npm\node_modules\appium\node_modules\router\index.js:297:9
    at processParams (C:\Users\admin\AppData\Roaming\npm\node_modules\appium\node_modules\router\index.js:582:12)
    at next (C:\Users\admin\AppData\Roaming\npm\node_modules\appium\node_modules\router\index.js:291:5)
    at jsonParser (C:\Users\admin\AppData\Roaming\npm\node_modules\appium\node_modules\body-parser\lib\types\json.js:100:7)
    at Layer.handleRequest (C:\Users\admin\AppData\Roaming\npm\node_modules\appium\node_modules\router\lib\layer.js:152:17)
    at trimPrefix (C:\Users\admin\AppData\Roaming\npm\node_modules\appium\node_modules\router\index.js:342:13)
    at C:\Users\admin\AppData\Roaming\npm\node_modules\appium\node_modules\router\index.js:297:9
2025-11-15 16:44:31 - douyin_rpa - [ERROR] - logger.py:161 - error() - WebDriver滑动异常: Message: A session is either terminated or not started; For documentation on this error, please visit: https://www.selenium.dev/documentation/webdriver/troubleshooting/errors#invalidsessionidexception
Stacktrace:
NoSuchDriverError: A session is either terminated or not started
    at asyncHandler (C:\Users\admin\AppData\Roaming\npm\node_modules\appium\node_modules\@appium\base-driver\lib\protocol\protocol.ts:329:15)
    at C:\Users\admin\AppData\Roaming\npm\node_modules\appium\node_modules\@appium\base-driver\lib\protocol\protocol.ts:524:15
    at Layer.handleRequest (C:\Users\admin\AppData\Roaming\npm\node_modules\appium\node_modules\router\lib\layer.js:152:17)
    at next (C:\Users\admin\AppData\Roaming\npm\node_modules\appium\node_modules\router\lib\route.js:157:13)
    at Route.dispatch (C:\Users\admin\AppData\Roaming\npm\node_modules\appium\node_modules\router\lib\route.js:117:3)
    at handle (C:\Users\admin\AppData\Roaming\npm\node_modules\appium\node_modules\router\index.js:435:11)
    at Layer.handleRequest (C:\Users\admin\AppData\Roaming\npm\node_modules\appium\node_modules\router\lib\layer.js:152:17)
    at C:\Users\admin\AppData\Roaming\npm\node_modules\appium\node_modules\router\index.js:295:15
    at param (C:\Users\admin\AppData\Roaming\npm\node_modules\appium\node_modules\router\index.js:600:14)
    at param (C:\Users\admin\AppData\Roaming\npm\node_modules\appium\node_modules\router\index.js:610:14)
    at processParams (C:\Users\admin\AppData\Roaming\npm\node_modules\appium\node_modules\router\index.js:664:3)
    at next (C:\Users\admin\AppData\Roaming\npm\node_modules\appium\node_modules\router\index.js:291:5)
    at logger (C:\Users\admin\AppData\Roaming\npm\node_modules\appium\node_modules\morgan\index.js:144:5)
    at Layer.handleRequest (C:\Users\admin\AppData\Roaming\npm\node_modules\appium\node_modules\router\lib\layer.js:152:17)
    at trimPrefix (C:\Users\admin\AppData\Roaming\npm\node_modules\appium\node_modules\router\index.js:342:13)
    at C:\Users\admin\AppData\Roaming\npm\node_modules\appium\node_modules\router\index.js:297:9
    at processParams (C:\Users\admin\AppData\Roaming\npm\node_modules\appium\node_modules\router\index.js:582:12)
    at next (C:\Users\admin\AppData\Roaming\npm\node_modules\appium\node_modules\router\index.js:291:5)
    at jsonParser (C:\Users\admin\AppData\Roaming\npm\node_modules\appium\node_modules\body-parser\lib\types\json.js:100:7)
    at Layer.handleRequest (C:\Users\admin\AppData\Roaming\npm\node_modules\appium\node_modules\router\lib\layer.js:152:17)
    at trimPrefix (C:\Users\admin\AppData\Roaming\npm\node_modules\appium\node_modules\router\index.js:342:13)
    at C:\Users\admin\AppData\Roaming\npm\node_modules\appium\node_modules\router\index.js:297:9
2025-11-15 16:52:33 - douyin_rpa - [INFO] - logger.py:153 - info() - 进入finally块，准备关闭...
2025-11-15 16:52:33 - douyin_rpa - [INFO] - logger.py:153 - info() - ================================================================================
2025-11-15 16:52:33 - douyin_rpa - [INFO] - logger.py:153 - info() - 开始优雅关闭程序
2025-11-15 16:52:33 - douyin_rpa - [INFO] - logger.py:153 - info() - ================================================================================
2025-11-15 16:52:33 - douyin_rpa - [INFO] - logger.py:153 - info() - 保存任务管理器统计数据...
2025-11-15 16:52:33 - douyin_rpa - [INFO] - logger.py:153 - info() - ✅ 任务管理器已关闭
2025-11-15 16:52:33 - douyin_rpa - [INFO] - logger.py:153 - info() - 断开Appium连接...
2025-11-15 16:52:33 - douyin_rpa - [INFO] - logger.py:153 - info() - ✅ Appium连接已断开
2025-11-15 16:52:33 - douyin_rpa - [INFO] - logger.py:153 - info() - 生成运行统计摘要...
2025-11-15 16:52:33 - douyin_rpa - [INFO] - logger.py:153 - info() - 运行时间: 0:42:05.484075
2025-11-15 16:52:33 - douyin_rpa - [INFO] - logger.py:153 - info() - 完成会话: 103 个
2025-11-15 16:52:33 - douyin_rpa - [INFO] - logger.py:153 - info() - ✅ 程序已安全关闭
2025-11-15 16:52:33 - douyin_rpa - [INFO] - logger.py:153 - info() - ================================================================================
2025-11-15 16:52:33 - douyin_rpa - [INFO] - logger.py:153 - info() - 程序完全退出 - 时间: 2025-11-15 16:52:33
2025-11-15 16:52:33 - douyin_rpa - [INFO] - logger.py:153 - info() - ================================================================================
2025-11-15 16:52:33 - douyin_rpa - [INFO] - logger.py:153 - info() - 程序正常结束 - 总运行时间: 0:26:20.894119
2025-11-15 16:52:33 - douyin_rpa - [INFO] - logger.py:153 - info() - ================================================================================
2025-11-15 16:52:33 - douyin_rpa - [INFO] - logger.py:153 - info() - 程序最终退出 - 总运行时间: 0:26:20.894119
2025-11-15 16:52:33 - douyin_rpa - [INFO] - logger.py:153 - info() - ================================================================================
2025-11-15 16:54:32 - douyin_rpa - [INFO] - logger.py:73 - __init__() - 日志系统初始化完成: douyin_rpa
2025-11-15 16:54:33 - douyin_rpa - [INFO] - logger.py:153 - info() - ╔==============================================================================╗
2025-11-15 16:54:33 - douyin_rpa - [INFO] - logger.py:153 - info() - ║                         程序启动                         ║
2025-11-15 16:54:33 - douyin_rpa - [INFO] - logger.py:153 - info() - ╚==============================================================================╝
2025-11-15 16:54:33 - douyin_rpa - [INFO] - logger.py:153 - info() - 启动时间: 2025-11-15 16:54:33
2025-11-15 16:54:33 - douyin_rpa - [INFO] - logger.py:153 - info() - Python版本: 3.11.9 (tags/v3.11.9:de54cf5, Apr  2 2024, 10:12:12) [MSC v.1938 64 bit (AMD64)]
2025-11-15 16:54:33 - douyin_rpa - [INFO] - logger.py:153 - info() - 工作目录: C:\Users\admin\Desktop\onebutton\douyin—autoclient
2025-11-15 16:54:33 - douyin_rpa - [INFO] - logger.py:153 - info() - 脚本路径: C:\Users\admin\Desktop\onebutton\douyin—autoclient\src\main.py
2025-11-15 16:54:33 - douyin_rpa - [INFO] - logger.py:153 - info() - ================================================================================
2025-11-15 16:54:33 - douyin_rpa - [INFO] - logger.py:153 - info() - DouyinRPA实例初始化 - 时间: 2025-11-15 16:54:33
2025-11-15 16:54:33 - douyin_rpa - [INFO] - logger.py:153 - info() - ================================================================================
2025-11-15 16:54:33 - douyin_rpa - [INFO] - logger.py:153 - info() - 解析命令行参数...
2025-11-15 16:54:33 - douyin_rpa - [INFO] - logger.py:153 - info() - 命令行参数: {'auto_accept': True, 'auto_start': False, 'check_only': False, 'config': None, 'export_data': False}
2025-11-15 16:54:33 - douyin_rpa - [INFO] - logger.py:153 - info() - 显示启动横幅
2025-11-15 16:54:33 - douyin_rpa - [INFO] - logger.py:153 - info() - 开始合规性检查
2025-11-15 16:54:33 - douyin_rpa - [INFO] - logger.py:153 - info() - 用户通过--auto-accept参数自动接受协议
2025-11-15 16:54:33 - douyin_rpa - [INFO] - logger.py:153 - info() - ============================================================
2025-11-15 16:54:33 - douyin_rpa - [INFO] - logger.py:153 - info() - 开始环境检查
2025-11-15 16:54:33 - douyin_rpa - [INFO] - logger.py:153 - info() - ============================================================
2025-11-15 16:54:33 - douyin_rpa - [INFO] - logger.py:153 - info() - 检查Python版本: 3.11.9
2025-11-15 16:54:33 - douyin_rpa - [INFO] - logger.py:153 - info() - ✅ Python版本检查通过: 3.11.9
2025-11-15 16:54:33 - douyin_rpa - [INFO] - logger.py:153 - info() - 检查必要文件...
2025-11-15 16:54:33 - douyin_rpa - [INFO] - logger.py:153 - info() - ✅ 必要文件检查通过
2025-11-15 16:54:33 - douyin_rpa - [INFO] - logger.py:153 - info() - 检查ADB设备连接...
2025-11-15 16:54:35 - douyin_rpa - [INFO] - logger.py:153 - info() - ✅ Android设备连接正常
2025-11-15 16:54:35 - douyin_rpa - [INFO] - logger.py:153 - info() - 检查Appium Server状态...
2025-11-15 16:54:35 - douyin_rpa - [WARNING] - logger.py:157 - warning() - Appium Server未运行
2025-11-15 16:54:35 - douyin_rpa - [WARNING] - logger.py:157 - warning() - Appium Server未运行，请执行: appium
2025-11-15 16:54:35 - douyin_rpa - [ERROR] - logger.py:161 - error() - Appium Server未运行且未设置auto_start参数，环境检查失败
NoneType: None
2025-11-15 16:54:35 - douyin_rpa - [ERROR] - logger.py:161 - error() - 环境检查失败，程序退出
NoneType: None
2025-11-15 16:54:35 - douyin_rpa - [ERROR] - logger.py:161 - error() - 建议: 1.检查Python版本 2.安装依赖 3.连接设备 4.启动Appium
NoneType: None
2025-11-15 16:54:35 - douyin_rpa - [INFO] - logger.py:153 - info() - ================================================================================
2025-11-15 16:54:35 - douyin_rpa - [INFO] - logger.py:153 - info() - 程序最终退出 - 总运行时间: 0:00:02.104667
2025-11-15 16:54:35 - douyin_rpa - [INFO] - logger.py:153 - info() - ================================================================================
2025-11-15 16:56:13 - douyin_rpa - [INFO] - logger.py:73 - __init__() - 日志系统初始化完成: douyin_rpa
2025-11-15 16:56:13 - douyin_rpa - [INFO] - logger.py:153 - info() - ╔==============================================================================╗
2025-11-15 16:56:13 - douyin_rpa - [INFO] - logger.py:153 - info() - ║                         程序启动                         ║
2025-11-15 16:56:13 - douyin_rpa - [INFO] - logger.py:153 - info() - ╚==============================================================================╝
2025-11-15 16:56:13 - douyin_rpa - [INFO] - logger.py:153 - info() - 启动时间: 2025-11-15 16:56:13
2025-11-15 16:56:13 - douyin_rpa - [INFO] - logger.py:153 - info() - Python版本: 3.11.9 (tags/v3.11.9:de54cf5, Apr  2 2024, 10:12:12) [MSC v.1938 64 bit (AMD64)]
2025-11-15 16:56:13 - douyin_rpa - [INFO] - logger.py:153 - info() - 工作目录: C:\Users\admin\Desktop\onebutton\douyin—autoclient
2025-11-15 16:56:13 - douyin_rpa - [INFO] - logger.py:153 - info() - 脚本路径: C:\Users\admin\Desktop\onebutton\douyin—autoclient\src\main.py
2025-11-15 16:56:13 - douyin_rpa - [INFO] - logger.py:153 - info() - ================================================================================
2025-11-15 16:56:13 - douyin_rpa - [INFO] - logger.py:153 - info() - DouyinRPA实例初始化 - 时间: 2025-11-15 16:56:13
2025-11-15 16:56:13 - douyin_rpa - [INFO] - logger.py:153 - info() - ================================================================================
2025-11-15 16:56:13 - douyin_rpa - [INFO] - logger.py:153 - info() - 解析命令行参数...
2025-11-15 16:56:13 - douyin_rpa - [INFO] - logger.py:153 - info() - 命令行参数: {'auto_accept': True, 'auto_start': False, 'check_only': False, 'config': None, 'export_data': False}
2025-11-15 16:56:13 - douyin_rpa - [INFO] - logger.py:153 - info() - 显示启动横幅
2025-11-15 16:56:13 - douyin_rpa - [INFO] - logger.py:153 - info() - 开始合规性检查
2025-11-15 16:56:13 - douyin_rpa - [INFO] - logger.py:153 - info() - 用户通过--auto-accept参数自动接受协议
2025-11-15 16:56:13 - douyin_rpa - [INFO] - logger.py:153 - info() - ============================================================
2025-11-15 16:56:13 - douyin_rpa - [INFO] - logger.py:153 - info() - 开始环境检查
2025-11-15 16:56:13 - douyin_rpa - [INFO] - logger.py:153 - info() - ============================================================
2025-11-15 16:56:13 - douyin_rpa - [INFO] - logger.py:153 - info() - 检查Python版本: 3.11.9
2025-11-15 16:56:13 - douyin_rpa - [INFO] - logger.py:153 - info() - ✅ Python版本检查通过: 3.11.9
2025-11-15 16:56:13 - douyin_rpa - [INFO] - logger.py:153 - info() - 检查必要文件...
2025-11-15 16:56:13 - douyin_rpa - [INFO] - logger.py:153 - info() - ✅ 必要文件检查通过
2025-11-15 16:56:13 - douyin_rpa - [INFO] - logger.py:153 - info() - 检查ADB设备连接...
2025-11-15 16:56:15 - douyin_rpa - [INFO] - logger.py:153 - info() - ✅ Android设备连接正常
2025-11-15 16:56:15 - douyin_rpa - [INFO] - logger.py:153 - info() - 检查Appium Server状态...
2025-11-15 16:56:15 - douyin_rpa - [WARNING] - logger.py:157 - warning() - Appium Server未运行
2025-11-15 16:56:15 - douyin_rpa - [WARNING] - logger.py:157 - warning() - Appium Server未运行，请执行: appium
2025-11-15 16:56:15 - douyin_rpa - [ERROR] - logger.py:161 - error() - Appium Server未运行且未设置auto_start参数，环境检查失败
NoneType: None
2025-11-15 16:56:15 - douyin_rpa - [ERROR] - logger.py:161 - error() - 环境检查失败，程序退出
NoneType: None
2025-11-15 16:56:15 - douyin_rpa - [ERROR] - logger.py:161 - error() - 建议: 1.检查Python版本 2.安装依赖 3.连接设备 4.启动Appium
NoneType: None
2025-11-15 16:56:15 - douyin_rpa - [INFO] - logger.py:153 - info() - ================================================================================
2025-11-15 16:56:15 - douyin_rpa - [INFO] - logger.py:153 - info() - 程序最终退出 - 总运行时间: 0:00:02.115802
2025-11-15 16:56:15 - douyin_rpa - [INFO] - logger.py:153 - info() - ================================================================================
2025-11-15 17:02:31 - douyin_rpa - [INFO] - logger.py:73 - __init__() - 日志系统初始化完成: douyin_rpa
2025-11-15 17:02:31 - douyin_rpa - [INFO] - logger.py:153 - info() - ╔==============================================================================╗
2025-11-15 17:02:31 - douyin_rpa - [INFO] - logger.py:153 - info() - ║                         程序启动                         ║
2025-11-15 17:02:31 - douyin_rpa - [INFO] - logger.py:153 - info() - ╚==============================================================================╝
2025-11-15 17:02:31 - douyin_rpa - [INFO] - logger.py:153 - info() - 启动时间: 2025-11-15 17:02:31
2025-11-15 17:02:31 - douyin_rpa - [INFO] - logger.py:153 - info() - Python版本: 3.11.9 (tags/v3.11.9:de54cf5, Apr  2 2024, 10:12:12) [MSC v.1938 64 bit (AMD64)]
2025-11-15 17:02:31 - douyin_rpa - [INFO] - logger.py:153 - info() - 工作目录: C:\Users\admin\Desktop\onebutton\douyin—autoclient
2025-11-15 17:02:31 - douyin_rpa - [INFO] - logger.py:153 - info() - 脚本路径: C:\Users\admin\Desktop\onebutton\douyin—autoclient\src\main.py
2025-11-15 17:02:31 - douyin_rpa - [INFO] - logger.py:153 - info() - ================================================================================
2025-11-15 17:02:31 - douyin_rpa - [INFO] - logger.py:153 - info() - DouyinRPA实例初始化 - 时间: 2025-11-15 17:02:31
2025-11-15 17:02:31 - douyin_rpa - [INFO] - logger.py:153 - info() - ================================================================================
2025-11-15 17:02:31 - douyin_rpa - [INFO] - logger.py:153 - info() - 解析命令行参数...
2025-11-15 17:02:31 - douyin_rpa - [INFO] - logger.py:153 - info() - 命令行参数: {'auto_accept': True, 'auto_start': False, 'check_only': False, 'config': None, 'export_data': False}
2025-11-15 17:02:31 - douyin_rpa - [INFO] - logger.py:153 - info() - 显示启动横幅
2025-11-15 17:02:31 - douyin_rpa - [INFO] - logger.py:153 - info() - 开始合规性检查
2025-11-15 17:02:31 - douyin_rpa - [INFO] - logger.py:153 - info() - 用户通过--auto-accept参数自动接受协议
2025-11-15 17:02:31 - douyin_rpa - [INFO] - logger.py:153 - info() - ============================================================
2025-11-15 17:02:31 - douyin_rpa - [INFO] - logger.py:153 - info() - 开始环境检查
2025-11-15 17:02:31 - douyin_rpa - [INFO] - logger.py:153 - info() - ============================================================
2025-11-15 17:02:31 - douyin_rpa - [INFO] - logger.py:153 - info() - 检查Python版本: 3.11.9
2025-11-15 17:02:31 - douyin_rpa - [INFO] - logger.py:153 - info() - ✅ Python版本检查通过: 3.11.9
2025-11-15 17:02:31 - douyin_rpa - [INFO] - logger.py:153 - info() - 检查必要文件...
2025-11-15 17:02:31 - douyin_rpa - [INFO] - logger.py:153 - info() - ✅ 必要文件检查通过
2025-11-15 17:02:31 - douyin_rpa - [INFO] - logger.py:153 - info() - 检查ADB设备连接...
2025-11-15 17:02:31 - douyin_rpa - [INFO] - logger.py:153 - info() - ✅ Android设备连接正常
2025-11-15 17:02:31 - douyin_rpa - [INFO] - logger.py:153 - info() - 检查Appium Server状态...
2025-11-15 17:02:31 - douyin_rpa - [INFO] - logger.py:153 - info() - ✅ Appium Server运行正常
2025-11-15 17:02:31 - douyin_rpa - [INFO] - logger.py:153 - info() - ✅ 必要目录已创建
2025-11-15 17:02:31 - douyin_rpa - [INFO] - logger.py:153 - info() - ============================================================
2025-11-15 17:02:31 - douyin_rpa - [INFO] - logger.py:153 - info() - ✅ 环境检查全部通过
2025-11-15 17:02:31 - douyin_rpa - [INFO] - logger.py:153 - info() - ============================================================
2025-11-15 17:02:31 - douyin_rpa - [INFO] - logger.py:153 - info() - ============================================================
2025-11-15 17:02:31 - douyin_rpa - [INFO] - logger.py:153 - info() - 开始初始化组件
2025-11-15 17:02:31 - douyin_rpa - [INFO] - logger.py:153 - info() - ============================================================
2025-11-15 17:02:31 - douyin_rpa - [INFO] - logger.py:153 - info() - 开始连接Appium...
2025-11-15 17:02:35 - douyin_rpa - [INFO] - logger.py:153 - info() - ✅ Appium连接成功
2025-11-15 17:02:35 - douyin_rpa - [INFO] - logger.py:153 - info() - 初始化统计器...
2025-11-15 17:02:35 - douyin_rpa - [INFO] - logger.py:153 - info() - ✅ 统计器初始化完成
2025-11-15 17:02:35 - douyin_rpa - [INFO] - logger.py:153 - info() - 初始化任务管理器...
2025-11-15 17:02:35 - douyin_rpa - [INFO] - logger.py:153 - info() - ✅ 任务管理器初始化完成
2025-11-15 17:02:35 - douyin_rpa - [INFO] - logger.py:153 - info() - ============================================================
2025-11-15 17:02:35 - douyin_rpa - [INFO] - logger.py:153 - info() - ✅ 所有组件初始化完成
2025-11-15 17:02:35 - douyin_rpa - [INFO] - logger.py:153 - info() - ============================================================
2025-11-15 17:02:35 - douyin_rpa - [INFO] - logger.py:153 - info() - 设置信号处理器...
2025-11-15 17:02:35 - douyin_rpa - [INFO] - logger.py:153 - info() - ✅ 信号处理器设置完成
2025-11-15 17:02:35 - douyin_rpa - [INFO] - logger.py:153 - info() - ================================================================================
2025-11-15 17:02:35 - douyin_rpa - [INFO] - logger.py:153 - info() - 开始运行RPA主任务
2025-11-15 17:02:35 - douyin_rpa - [INFO] - logger.py:153 - info() - ================================================================================
2025-11-15 17:02:35 - douyin_rpa - [INFO] - logger.py:153 - info() - RPA任务提示信息已显示
2025-11-15 17:02:35 - douyin_rpa - [INFO] - logger.py:153 - info() - 开始执行任务管理器主循环...
2025-11-15 17:02:51 - douyin_rpa - [WARNING] - logger.py:157 - warning() - 元素未找到: id = com.ss.android.ugc.aweme:id/q7
2025-11-15 17:02:54 - douyin_rpa - [WARNING] - logger.py:157 - warning() - 元素未找到: id = com.ss.android.ugc.aweme:id/arh
2025-11-15 17:02:57 - douyin_rpa - [WARNING] - logger.py:157 - warning() - 元素未找到: id = com.android.packageinstaller:id/permission_allow_button
2025-11-15 17:03:02 - douyin_rpa - [WARNING] - logger.py:157 - warning() - 元素未找到: xpath = //android.widget.TextView[@text='拒绝']
2025-11-15 17:03:06 - douyin_rpa - [WARNING] - logger.py:157 - warning() - 元素未找到: xpath = //android.widget.TextView[@text='暂不开启']
2025-11-15 17:03:10 - douyin_rpa - [WARNING] - logger.py:157 - warning() - 元素未找到: xpath = //android.widget.TextView[@text='残忍拒绝']
2025-11-15 17:03:12 - douyin_rpa - [WARNING] - logger.py:157 - warning() - 元素未找到: xpath = //android.widget.ImageView[@content-desc='关闭']
2025-11-15 17:03:14 - douyin_rpa - [WARNING] - logger.py:157 - warning() - 元素未找到: xpath = //android.widget.Button[@text='我知道了']
2025-11-15 17:03:18 - douyin_rpa - [WARNING] - logger.py:157 - warning() - 元素未找到: xpath = //android.widget.TextView[@text='稍后']
2025-11-15 17:03:22 - douyin_rpa - [INFO] - logger.py:153 - info() - 📱 高级轨迹滑动: 点数=19, 时长=555ms
2025-11-15 17:03:25 - douyin_rpa - [WARNING] - logger.py:157 - warning() - 元素未找到: id = com.ss.android.ugc.aweme:id/q7
2025-11-15 17:03:28 - douyin_rpa - [WARNING] - logger.py:157 - warning() - 元素未找到: id = com.ss.android.ugc.aweme:id/arh
2025-11-15 17:03:31 - douyin_rpa - [WARNING] - logger.py:157 - warning() - 元素未找到: id = com.android.packageinstaller:id/permission_allow_button
2025-11-15 17:03:34 - douyin_rpa - [WARNING] - logger.py:157 - warning() - 元素未找到: xpath = //android.widget.TextView[@text='拒绝']
2025-11-15 17:03:38 - douyin_rpa - [WARNING] - logger.py:157 - warning() - 元素未找到: xpath = //android.widget.TextView[@text='暂不开启']
2025-11-15 17:03:42 - douyin_rpa - [WARNING] - logger.py:157 - warning() - 元素未找到: xpath = //android.widget.TextView[@text='残忍拒绝']
2025-11-15 17:03:44 - douyin_rpa - [WARNING] - logger.py:157 - warning() - 元素未找到: xpath = //android.widget.ImageView[@content-desc='关闭']
2025-11-15 17:03:46 - douyin_rpa - [WARNING] - logger.py:157 - warning() - 元素未找到: xpath = //android.widget.Button[@text='我知道了']
2025-11-15 17:03:50 - douyin_rpa - [WARNING] - logger.py:157 - warning() - 元素未找到: xpath = //android.widget.TextView[@text='稍后']
2025-11-15 17:03:59 - douyin_rpa - [WARNING] - logger.py:157 - warning() - 元素未找到: id = com.ss.android.ugc.aweme:id/f_u
2025-11-15 17:04:04 - douyin_rpa - [WARNING] - logger.py:157 - warning() - 元素未找到: xpath = //android.widget.LinearLayout[contains(@content-desc, '点赞')]
2025-11-15 17:04:10 - douyin_rpa - [WARNING] - logger.py:157 - warning() - 元素未找到: xpath = //android.widget.LinearLayout[contains(@content-desc, '喜欢')]
2025-11-15 17:04:15 - douyin_rpa - [WARNING] - logger.py:157 - warning() - 元素未找到: id = com.ss.android.ugc.aweme:id/a3o
2025-11-15 17:04:21 - douyin_rpa - [WARNING] - logger.py:157 - warning() - 元素未找到: xpath = //android.widget.ImageView[@content-desc='点赞']
2025-11-15 17:04:22 - douyin_rpa - [INFO] - logger.py:153 - info() - 📱 高级轨迹滑动: 点数=19, 时长=523ms
2025-11-15 17:04:25 - douyin_rpa - [WARNING] - logger.py:157 - warning() - 元素未找到: id = com.ss.android.ugc.aweme:id/q7
2025-11-15 17:04:28 - douyin_rpa - [WARNING] - logger.py:157 - warning() - 元素未找到: id = com.ss.android.ugc.aweme:id/arh
2025-11-15 17:04:30 - douyin_rpa - [WARNING] - logger.py:157 - warning() - 元素未找到: id = com.android.packageinstaller:id/permission_allow_button
2025-11-15 17:04:34 - douyin_rpa - [WARNING] - logger.py:157 - warning() - 元素未找到: xpath = //android.widget.TextView[@text='拒绝']
2025-11-15 17:04:38 - douyin_rpa - [WARNING] - logger.py:157 - warning() - 元素未找到: xpath = //android.widget.TextView[@text='暂不开启']
2025-11-15 17:04:42 - douyin_rpa - [WARNING] - logger.py:157 - warning() - 元素未找到: xpath = //android.widget.TextView[@text='残忍拒绝']
2025-11-15 17:04:44 - douyin_rpa - [WARNING] - logger.py:157 - warning() - 元素未找到: xpath = //android.widget.ImageView[@content-desc='关闭']
2025-11-15 17:04:47 - douyin_rpa - [WARNING] - logger.py:157 - warning() - 元素未找到: xpath = //android.widget.Button[@text='我知道了']
2025-11-15 17:04:50 - douyin_rpa - [WARNING] - logger.py:157 - warning() - 元素未找到: xpath = //android.widget.TextView[@text='稍后']
2025-11-15 17:04:59 - douyin_rpa - [WARNING] - logger.py:157 - warning() - 元素未找到: id = com.ss.android.ugc.aweme:id/f_u
2025-11-15 17:05:05 - douyin_rpa - [WARNING] - logger.py:157 - warning() - 元素未找到: xpath = //android.widget.LinearLayout[contains(@content-desc, '点赞')]
2025-11-15 17:05:10 - douyin_rpa - [WARNING] - logger.py:157 - warning() - 元素未找到: xpath = //android.widget.LinearLayout[contains(@content-desc, '喜欢')]
2025-11-15 17:05:16 - douyin_rpa - [WARNING] - logger.py:157 - warning() - 元素未找到: id = com.ss.android.ugc.aweme:id/a3o
2025-11-15 17:05:21 - douyin_rpa - [WARNING] - logger.py:157 - warning() - 元素未找到: xpath = //android.widget.ImageView[@content-desc='点赞']
2025-11-15 17:05:22 - douyin_rpa - [INFO] - logger.py:153 - info() - 📱 高级轨迹滑动: 点数=15, 时长=505ms
2025-11-15 17:05:25 - douyin_rpa - [WARNING] - logger.py:157 - warning() - 元素未找到: id = com.ss.android.ugc.aweme:id/q7
2025-11-15 17:05:30 - douyin_rpa - [WARNING] - logger.py:157 - warning() - 元素未找到: id = com.ss.android.ugc.aweme:id/arh
2025-11-15 17:05:32 - douyin_rpa - [WARNING] - logger.py:157 - warning() - 元素未找到: id = com.android.packageinstaller:id/permission_allow_button
2025-11-15 17:05:36 - douyin_rpa - [WARNING] - logger.py:157 - warning() - 元素未找到: xpath = //android.widget.TextView[@text='拒绝']
2025-11-15 17:05:40 - douyin_rpa - [WARNING] - logger.py:157 - warning() - 元素未找到: xpath = //android.widget.TextView[@text='暂不开启']
2025-11-15 17:05:43 - douyin_rpa - [WARNING] - logger.py:157 - warning() - 元素未找到: xpath = //android.widget.TextView[@text='残忍拒绝']
2025-11-15 17:05:45 - douyin_rpa - [WARNING] - logger.py:157 - warning() - 元素未找到: xpath = //android.widget.ImageView[@content-desc='关闭']
2025-11-15 17:05:48 - douyin_rpa - [WARNING] - logger.py:157 - warning() - 元素未找到: xpath = //android.widget.Button[@text='我知道了']
2025-11-15 17:05:50 - douyin_rpa - [WARNING] - logger.py:157 - warning() - 元素未找到: xpath = //android.widget.TextView[@text='稍后']
2025-11-15 17:05:57 - douyin_rpa - [WARNING] - logger.py:157 - warning() - 元素未找到: id = com.ss.android.ugc.aweme:id/f_u
2025-11-15 17:06:03 - douyin_rpa - [WARNING] - logger.py:157 - warning() - 元素未找到: xpath = //android.widget.LinearLayout[contains(@content-desc, '点赞')]
2025-11-15 17:06:08 - douyin_rpa - [WARNING] - logger.py:157 - warning() - 元素未找到: xpath = //android.widget.LinearLayout[contains(@content-desc, '喜欢')]
2025-11-15 17:06:14 - douyin_rpa - [WARNING] - logger.py:157 - warning() - 元素未找到: id = com.ss.android.ugc.aweme:id/a3o
2025-11-15 17:06:19 - douyin_rpa - [WARNING] - logger.py:157 - warning() - 元素未找到: xpath = //android.widget.ImageView[@content-desc='点赞']
2025-11-15 17:06:20 - douyin_rpa - [INFO] - logger.py:153 - info() - 📱 高级轨迹滑动: 点数=21, 时长=439ms
2025-11-15 17:06:22 - douyin_rpa - [WARNING] - logger.py:157 - warning() - 元素未找到: id = com.ss.android.ugc.aweme:id/q7
2025-11-15 17:06:25 - douyin_rpa - [WARNING] - logger.py:157 - warning() - 元素未找到: id = com.ss.android.ugc.aweme:id/arh
2025-11-15 17:06:27 - douyin_rpa - [WARNING] - logger.py:157 - warning() - 元素未找到: id = com.android.packageinstaller:id/permission_allow_button
2025-11-15 17:06:30 - douyin_rpa - [WARNING] - logger.py:157 - warning() - 元素未找到: xpath = //android.widget.TextView[@text='拒绝']
2025-11-15 17:06:32 - douyin_rpa - [WARNING] - logger.py:157 - warning() - 元素未找到: xpath = //android.widget.TextView[@text='暂不开启']
2025-11-15 17:06:35 - douyin_rpa - [WARNING] - logger.py:157 - warning() - 元素未找到: xpath = //android.widget.TextView[@text='残忍拒绝']
2025-11-15 17:06:38 - douyin_rpa - [WARNING] - logger.py:157 - warning() - 元素未找到: xpath = //android.widget.ImageView[@content-desc='关闭']
2025-11-15 17:06:40 - douyin_rpa - [WARNING] - logger.py:157 - warning() - 元素未找到: xpath = //android.widget.Button[@text='我知道了']
2025-11-15 17:06:43 - douyin_rpa - [WARNING] - logger.py:157 - warning() - 元素未找到: xpath = //android.widget.TextView[@text='稍后']
2025-11-15 17:06:52 - douyin_rpa - [WARNING] - logger.py:157 - warning() - 元素未找到: id = com.ss.android.ugc.aweme:id/f_u
2025-11-15 17:06:57 - douyin_rpa - [WARNING] - logger.py:157 - warning() - 元素未找到: xpath = //android.widget.LinearLayout[contains(@content-desc, '点赞')]
2025-11-15 17:07:02 - douyin_rpa - [WARNING] - logger.py:157 - warning() - 元素未找到: xpath = //android.widget.LinearLayout[contains(@content-desc, '喜欢')]
2025-11-15 17:07:08 - douyin_rpa - [WARNING] - logger.py:157 - warning() - 元素未找到: id = com.ss.android.ugc.aweme:id/a3o
2025-11-15 17:07:13 - douyin_rpa - [WARNING] - logger.py:157 - warning() - 元素未找到: xpath = //android.widget.ImageView[@content-desc='点赞']
2025-11-15 17:07:14 - douyin_rpa - [INFO] - logger.py:153 - info() - 📱 高级轨迹滑动: 点数=19, 时长=413ms
2025-11-15 17:09:25 - douyin_rpa - [WARNING] - logger.py:157 - warning() - 元素未找到: id = com.ss.android.ugc.aweme:id/q7
2025-11-15 17:09:28 - douyin_rpa - [WARNING] - logger.py:157 - warning() - 元素未找到: id = com.ss.android.ugc.aweme:id/arh
2025-11-15 17:09:30 - douyin_rpa - [WARNING] - logger.py:157 - warning() - 元素未找到: id = com.android.packageinstaller:id/permission_allow_button
2025-11-15 17:09:33 - douyin_rpa - [WARNING] - logger.py:157 - warning() - 元素未找到: xpath = //android.widget.TextView[@text='拒绝']
2025-11-15 17:09:36 - douyin_rpa - [WARNING] - logger.py:157 - warning() - 元素未找到: xpath = //android.widget.TextView[@text='暂不开启']
2025-11-15 17:09:39 - douyin_rpa - [WARNING] - logger.py:157 - warning() - 元素未找到: xpath = //android.widget.TextView[@text='残忍拒绝']
2025-11-15 17:09:42 - douyin_rpa - [WARNING] - logger.py:157 - warning() - 元素未找到: xpath = //android.widget.ImageView[@content-desc='关闭']
2025-11-15 17:09:45 - douyin_rpa - [WARNING] - logger.py:157 - warning() - 元素未找到: xpath = //android.widget.Button[@text='我知道了']
2025-11-15 17:09:48 - douyin_rpa - [WARNING] - logger.py:157 - warning() - 元素未找到: xpath = //android.widget.TextView[@text='稍后']
2025-11-15 17:09:51 - douyin_rpa - [INFO] - logger.py:153 - info() - 📱 高级轨迹滑动: 点数=21, 时长=532ms
2025-11-15 17:09:54 - douyin_rpa - [WARNING] - logger.py:157 - warning() - 元素未找到: id = com.ss.android.ugc.aweme:id/q7
2025-11-15 17:09:58 - douyin_rpa - [WARNING] - logger.py:157 - warning() - 元素未找到: id = com.ss.android.ugc.aweme:id/arh
2025-11-15 17:10:00 - douyin_rpa - [WARNING] - logger.py:157 - warning() - 元素未找到: id = com.android.packageinstaller:id/permission_allow_button
2025-11-15 17:10:03 - douyin_rpa - [WARNING] - logger.py:157 - warning() - 元素未找到: xpath = //android.widget.TextView[@text='拒绝']
2025-11-15 17:10:06 - douyin_rpa - [WARNING] - logger.py:157 - warning() - 元素未找到: xpath = //android.widget.TextView[@text='暂不开启']
2025-11-15 17:10:08 - douyin_rpa - [WARNING] - logger.py:157 - warning() - 元素未找到: xpath = //android.widget.TextView[@text='残忍拒绝']
2025-11-15 17:10:11 - douyin_rpa - [WARNING] - logger.py:157 - warning() - 元素未找到: xpath = //android.widget.ImageView[@content-desc='关闭']
2025-11-15 17:10:13 - douyin_rpa - [WARNING] - logger.py:157 - warning() - 元素未找到: xpath = //android.widget.Button[@text='我知道了']
2025-11-15 17:10:15 - douyin_rpa - [WARNING] - logger.py:157 - warning() - 元素未找到: xpath = //android.widget.TextView[@text='稍后']
2025-11-15 17:10:19 - douyin_rpa - [ERROR] - logger.py:161 - error() - WebDriver滑动异常: Message: Could not proxy command to the remote server. Original error: socket hang up
Stacktrace:
UnknownError: Could not proxy command to the remote server. Original error: socket hang up
    at ProxyRequestError.getActualError (C:\Users\admin\AppData\Roaming\npm\node_modules\appium\node_modules\@appium\base-driver\lib\protocol\errors.ts:960:12)
    at UIA2Proxy.command (C:\Users\admin\AppData\Roaming\npm\node_modules\appium\node_modules\@appium\base-driver\lib\jsonwp-proxy\proxy.js:330:19)
    at processTicksAndRejections (node:internal/process/task_queues:105:5)
    at AndroidUiautomator2Driver.getWindowSize (C:\Users\admin\.appium\node_modules\appium-uiautomator2-driver\lib\commands\viewport.js:90:5)
    at AndroidUiautomator2Driver.getWindowRect (C:\Users\admin\.appium\node_modules\appium-uiautomator2-driver\lib\commands\viewport.js:61:27)
2025-11-15 17:10:22 - douyin_rpa - [ERROR] - logger.py:161 - error() - WebDriver滑动异常: Message: 'GET /window/current/size' cannot be proxied to UiAutomator2 server because the instrumentation process is not running (probably crashed). Check the server log and/or the logcat output for more details
Stacktrace:
UnknownError: 'GET /window/current/size' cannot be proxied to UiAutomator2 server because the instrumentation process is not running (probably crashed). Check the server log and/or the logcat output for more details
    at UIA2Proxy.command (C:\Users\admin\AppData\Roaming\npm\node_modules\appium\node_modules\@appium\base-driver\lib\jsonwp-proxy\proxy.js:332:13)
    at processTicksAndRejections (node:internal/process/task_queues:105:5)
    at AndroidUiautomator2Driver.getWindowSize (C:\Users\admin\.appium\node_modules\appium-uiautomator2-driver\lib\commands\viewport.js:90:5)
    at AndroidUiautomator2Driver.getWindowRect (C:\Users\admin\.appium\node_modules\appium-uiautomator2-driver\lib\commands\viewport.js:61:27)
2025-11-15 17:10:34 - douyin_rpa - [INFO] - logger.py:153 - info() - 进入finally块，准备关闭...
2025-11-15 17:10:34 - douyin_rpa - [INFO] - logger.py:153 - info() - ================================================================================
2025-11-15 17:10:34 - douyin_rpa - [INFO] - logger.py:153 - info() - 开始优雅关闭程序
2025-11-15 17:10:34 - douyin_rpa - [INFO] - logger.py:153 - info() - ================================================================================
2025-11-15 17:10:34 - douyin_rpa - [INFO] - logger.py:153 - info() - 保存任务管理器统计数据...
2025-11-15 17:10:34 - douyin_rpa - [INFO] - logger.py:153 - info() - ✅ 任务管理器已关闭
2025-11-15 17:10:34 - douyin_rpa - [INFO] - logger.py:153 - info() - 断开Appium连接...
2025-11-15 17:10:35 - douyin_rpa - [INFO] - logger.py:153 - info() - ✅ Appium连接已断开
2025-11-15 17:10:35 - douyin_rpa - [INFO] - logger.py:153 - info() - 生成运行统计摘要...
2025-11-15 17:10:35 - douyin_rpa - [INFO] - logger.py:153 - info() - 运行时间: 1:00:06.867815
2025-11-15 17:10:35 - douyin_rpa - [INFO] - logger.py:153 - info() - 完成会话: 106 个
2025-11-15 17:10:35 - douyin_rpa - [INFO] - logger.py:153 - info() - ✅ 程序已安全关闭
2025-11-15 17:10:35 - douyin_rpa - [INFO] - logger.py:153 - info() - ================================================================================
2025-11-15 17:10:35 - douyin_rpa - [INFO] - logger.py:153 - info() - 程序完全退出 - 时间: 2025-11-15 17:10:35
2025-11-15 17:10:35 - douyin_rpa - [INFO] - logger.py:153 - info() - ================================================================================
2025-11-15 17:10:35 - douyin_rpa - [INFO] - logger.py:153 - info() - 程序正常结束 - 总运行时间: 0:08:03.637592
2025-11-15 17:10:35 - douyin_rpa - [INFO] - logger.py:153 - info() - ================================================================================
2025-11-15 17:10:35 - douyin_rpa - [INFO] - logger.py:153 - info() - 程序最终退出 - 总运行时间: 0:08:03.637592
2025-11-15 17:10:35 - douyin_rpa - [INFO] - logger.py:153 - info() - ================================================================================
2025-11-15 17:11:24 - douyin_rpa - [INFO] - logger.py:73 - __init__() - 日志系统初始化完成: douyin_rpa
2025-11-15 17:11:24 - douyin_rpa - [INFO] - logger.py:153 - info() - ╔==============================================================================╗
2025-11-15 17:11:24 - douyin_rpa - [INFO] - logger.py:153 - info() - ║                         程序启动                         ║
2025-11-15 17:11:24 - douyin_rpa - [INFO] - logger.py:153 - info() - ╚==============================================================================╝
2025-11-15 17:11:24 - douyin_rpa - [INFO] - logger.py:153 - info() - 启动时间: 2025-11-15 17:11:24
2025-11-15 17:11:24 - douyin_rpa - [INFO] - logger.py:153 - info() - Python版本: 3.11.9 (tags/v3.11.9:de54cf5, Apr  2 2024, 10:12:12) [MSC v.1938 64 bit (AMD64)]
2025-11-15 17:11:24 - douyin_rpa - [INFO] - logger.py:153 - info() - 工作目录: C:\Users\admin\Desktop\onebutton\douyin—autoclient
2025-11-15 17:11:24 - douyin_rpa - [INFO] - logger.py:153 - info() - 脚本路径: C:\Users\admin\Desktop\onebutton\douyin—autoclient\src\main.py
2025-11-15 17:11:24 - douyin_rpa - [INFO] - logger.py:153 - info() - ================================================================================
2025-11-15 17:11:24 - douyin_rpa - [INFO] - logger.py:153 - info() - DouyinRPA实例初始化 - 时间: 2025-11-15 17:11:24
2025-11-15 17:11:24 - douyin_rpa - [INFO] - logger.py:153 - info() - ================================================================================
2025-11-15 17:11:24 - douyin_rpa - [INFO] - logger.py:153 - info() - 解析命令行参数...
2025-11-15 17:11:24 - douyin_rpa - [INFO] - logger.py:153 - info() - 命令行参数: {'auto_accept': True, 'auto_start': False, 'check_only': False, 'config': None, 'export_data': False}
2025-11-15 17:11:24 - douyin_rpa - [INFO] - logger.py:153 - info() - 显示启动横幅
2025-11-15 17:11:24 - douyin_rpa - [INFO] - logger.py:153 - info() - 开始合规性检查
2025-11-15 17:11:24 - douyin_rpa - [INFO] - logger.py:153 - info() - 用户通过--auto-accept参数自动接受协议
2025-11-15 17:11:24 - douyin_rpa - [INFO] - logger.py:153 - info() - ============================================================
2025-11-15 17:11:24 - douyin_rpa - [INFO] - logger.py:153 - info() - 开始环境检查
2025-11-15 17:11:24 - douyin_rpa - [INFO] - logger.py:153 - info() - ============================================================
2025-11-15 17:11:24 - douyin_rpa - [INFO] - logger.py:153 - info() - 检查Python版本: 3.11.9
2025-11-15 17:11:24 - douyin_rpa - [INFO] - logger.py:153 - info() - ✅ Python版本检查通过: 3.11.9
2025-11-15 17:11:24 - douyin_rpa - [INFO] - logger.py:153 - info() - 检查必要文件...
2025-11-15 17:11:24 - douyin_rpa - [INFO] - logger.py:153 - info() - ✅ 必要文件检查通过
2025-11-15 17:11:24 - douyin_rpa - [INFO] - logger.py:153 - info() - 检查ADB设备连接...
2025-11-15 17:11:24 - douyin_rpa - [INFO] - logger.py:153 - info() - ✅ Android设备连接正常
2025-11-15 17:11:24 - douyin_rpa - [INFO] - logger.py:153 - info() - 检查Appium Server状态...
2025-11-15 17:11:24 - douyin_rpa - [INFO] - logger.py:153 - info() - ✅ Appium Server运行正常
2025-11-15 17:11:24 - douyin_rpa - [INFO] - logger.py:153 - info() - ✅ 必要目录已创建
2025-11-15 17:11:24 - douyin_rpa - [INFO] - logger.py:153 - info() - ============================================================
2025-11-15 17:11:24 - douyin_rpa - [INFO] - logger.py:153 - info() - ✅ 环境检查全部通过
2025-11-15 17:11:24 - douyin_rpa - [INFO] - logger.py:153 - info() - ============================================================
2025-11-15 17:11:24 - douyin_rpa - [INFO] - logger.py:153 - info() - ============================================================
2025-11-15 17:11:24 - douyin_rpa - [INFO] - logger.py:153 - info() - 开始初始化组件
2025-11-15 17:11:24 - douyin_rpa - [INFO] - logger.py:153 - info() - ============================================================
2025-11-15 17:11:24 - douyin_rpa - [INFO] - logger.py:153 - info() - 开始连接Appium...
2025-11-15 17:11:28 - douyin_rpa - [INFO] - logger.py:153 - info() - ✅ Appium连接成功
2025-11-15 17:11:28 - douyin_rpa - [INFO] - logger.py:153 - info() - 初始化统计器...
2025-11-15 17:11:28 - douyin_rpa - [INFO] - logger.py:153 - info() - ✅ 统计器初始化完成
2025-11-15 17:11:28 - douyin_rpa - [INFO] - logger.py:153 - info() - 初始化任务管理器...
2025-11-15 17:11:28 - douyin_rpa - [INFO] - logger.py:153 - info() - ✅ 任务管理器初始化完成
2025-11-15 17:11:28 - douyin_rpa - [INFO] - logger.py:153 - info() - ============================================================
2025-11-15 17:11:28 - douyin_rpa - [INFO] - logger.py:153 - info() - ✅ 所有组件初始化完成
2025-11-15 17:11:28 - douyin_rpa - [INFO] - logger.py:153 - info() - ============================================================
2025-11-15 17:11:28 - douyin_rpa - [INFO] - logger.py:153 - info() - 设置信号处理器...
2025-11-15 17:11:28 - douyin_rpa - [INFO] - logger.py:153 - info() - ✅ 信号处理器设置完成
2025-11-15 17:11:28 - douyin_rpa - [INFO] - logger.py:153 - info() - ================================================================================
2025-11-15 17:11:28 - douyin_rpa - [INFO] - logger.py:153 - info() - 开始运行RPA主任务
2025-11-15 17:11:28 - douyin_rpa - [INFO] - logger.py:153 - info() - ================================================================================
2025-11-15 17:11:28 - douyin_rpa - [INFO] - logger.py:153 - info() - RPA任务提示信息已显示
2025-11-15 17:11:28 - douyin_rpa - [INFO] - logger.py:153 - info() - 开始执行任务管理器主循环...
2025-11-15 17:11:46 - douyin_rpa - [WARNING] - logger.py:157 - warning() - 元素未找到: id = com.ss.android.ugc.aweme:id/q7
2025-11-15 17:11:49 - douyin_rpa - [WARNING] - logger.py:157 - warning() - 元素未找到: id = com.ss.android.ugc.aweme:id/arh
2025-11-15 17:11:52 - douyin_rpa - [WARNING] - logger.py:157 - warning() - 元素未找到: id = com.android.packageinstaller:id/permission_allow_button
2025-11-15 17:11:58 - douyin_rpa - [WARNING] - logger.py:157 - warning() - 元素未找到: xpath = //android.widget.TextView[@text='拒绝']
2025-11-15 17:12:06 - douyin_rpa - [WARNING] - logger.py:157 - warning() - 元素未找到: xpath = //android.widget.TextView[@text='暂不开启']
2025-11-15 17:12:12 - douyin_rpa - [WARNING] - logger.py:157 - warning() - 元素未找到: xpath = //android.widget.TextView[@text='残忍拒绝']
2025-11-15 17:12:15 - douyin_rpa - [WARNING] - logger.py:157 - warning() - 元素未找到: xpath = //android.widget.ImageView[@content-desc='关闭']
2025-11-15 17:12:18 - douyin_rpa - [WARNING] - logger.py:157 - warning() - 元素未找到: xpath = //android.widget.Button[@text='我知道了']
2025-11-15 17:12:25 - douyin_rpa - [WARNING] - logger.py:157 - warning() - 元素未找到: xpath = //android.widget.TextView[@text='稍后']
2025-11-15 17:12:33 - douyin_rpa - [INFO] - logger.py:153 - info() - 📱 高级轨迹滑动: 点数=25, 时长=428ms
2025-11-15 17:12:37 - douyin_rpa - [WARNING] - logger.py:157 - warning() - 元素未找到: id = com.ss.android.ugc.aweme:id/q7
2025-11-15 17:12:39 - douyin_rpa - [WARNING] - logger.py:157 - warning() - 元素未找到: id = com.ss.android.ugc.aweme:id/arh
2025-11-15 17:12:42 - douyin_rpa - [WARNING] - logger.py:157 - warning() - 元素未找到: id = com.android.packageinstaller:id/permission_allow_button
2025-11-15 17:12:46 - douyin_rpa - [WARNING] - logger.py:157 - warning() - 元素未找到: xpath = //android.widget.TextView[@text='拒绝']
2025-11-15 17:12:50 - douyin_rpa - [WARNING] - logger.py:157 - warning() - 元素未找到: xpath = //android.widget.TextView[@text='暂不开启']
2025-11-15 17:12:54 - douyin_rpa - [WARNING] - logger.py:157 - warning() - 元素未找到: xpath = //android.widget.TextView[@text='残忍拒绝']
2025-11-15 17:12:57 - douyin_rpa - [WARNING] - logger.py:157 - warning() - 元素未找到: xpath = //android.widget.ImageView[@content-desc='关闭']
2025-11-15 17:12:59 - douyin_rpa - [WARNING] - logger.py:157 - warning() - 元素未找到: xpath = //android.widget.Button[@text='我知道了']
2025-11-15 17:13:03 - douyin_rpa - [WARNING] - logger.py:157 - warning() - 元素未找到: xpath = //android.widget.TextView[@text='稍后']
2025-11-15 17:13:13 - douyin_rpa - [INFO] - logger.py:153 - info() - 📱 高级轨迹滑动: 点数=24, 时长=455ms
2025-11-15 17:13:28 - douyin_rpa - [WARNING] - logger.py:157 - warning() - 元素未找到: id = com.ss.android.ugc.aweme:id/q7
2025-11-15 17:13:49 - douyin_rpa - [WARNING] - logger.py:157 - warning() - 元素未找到: id = com.ss.android.ugc.aweme:id/arh
2025-11-15 17:14:10 - douyin_rpa - [WARNING] - logger.py:157 - warning() - 元素未找到: id = com.android.packageinstaller:id/permission_allow_button
2025-11-15 17:15:11 - douyin_rpa - [WARNING] - logger.py:157 - warning() - 元素未找到: xpath = //android.widget.TextView[@text='拒绝']
2025-11-15 17:16:12 - douyin_rpa - [WARNING] - logger.py:157 - warning() - 元素未找到: xpath = //android.widget.TextView[@text='暂不开启']
2025-11-15 17:17:11 - douyin_rpa - [WARNING] - logger.py:157 - warning() - 元素未找到: xpath = //android.widget.TextView[@text='残忍拒绝']
2025-11-15 17:17:32 - douyin_rpa - [WARNING] - logger.py:157 - warning() - 元素未找到: xpath = //android.widget.ImageView[@content-desc='关闭']
2025-11-15 17:17:52 - douyin_rpa - [WARNING] - logger.py:157 - warning() - 元素未找到: xpath = //android.widget.Button[@text='我知道了']
2025-11-15 17:18:25 - douyin_rpa - [WARNING] - logger.py:157 - warning() - 元素未找到: xpath = //android.widget.TextView[@text='稍后']
2025-11-15 17:18:30 - douyin_rpa - [INFO] - logger.py:153 - info() - 📱 高级轨迹滑动: 点数=19, 时长=547ms
2025-11-15 17:18:34 - douyin_rpa - [WARNING] - logger.py:157 - warning() - 元素未找到: id = com.ss.android.ugc.aweme:id/q7
2025-11-15 17:18:45 - douyin_rpa - [WARNING] - logger.py:157 - warning() - 元素未找到: id = com.ss.android.ugc.aweme:id/arh
2025-11-15 17:19:00 - douyin_rpa - [WARNING] - logger.py:157 - warning() - 元素未找到: id = com.android.packageinstaller:id/permission_allow_button
2025-11-15 17:19:40 - douyin_rpa - [WARNING] - logger.py:157 - warning() - 元素未找到: xpath = //android.widget.TextView[@text='拒绝']
2025-11-15 17:20:11 - douyin_rpa - [WARNING] - logger.py:157 - warning() - 元素未找到: xpath = //android.widget.TextView[@text='暂不开启']
2025-11-15 17:21:24 - douyin_rpa - [WARNING] - logger.py:157 - warning() - 元素未找到: xpath = //android.widget.TextView[@text='残忍拒绝']
2025-11-15 17:21:34 - douyin_rpa - [WARNING] - logger.py:157 - warning() - 元素未找到: xpath = //android.widget.ImageView[@content-desc='关闭']
2025-11-15 17:21:40 - douyin_rpa - [WARNING] - logger.py:157 - warning() - 元素未找到: xpath = //android.widget.Button[@text='我知道了']
2025-11-15 17:22:39 - douyin_rpa - [WARNING] - logger.py:157 - warning() - 元素未找到: xpath = //android.widget.TextView[@text='稍后']
2025-11-15 17:22:43 - douyin_rpa - [INFO] - logger.py:153 - info() - 📱 高级轨迹滑动: 点数=28, 时长=613ms
2025-11-15 17:22:57 - douyin_rpa - [WARNING] - logger.py:157 - warning() - 元素未找到: id = com.ss.android.ugc.aweme:id/q7
2025-11-15 17:23:18 - douyin_rpa - [WARNING] - logger.py:157 - warning() - 元素未找到: id = com.ss.android.ugc.aweme:id/arh
2025-11-15 17:23:38 - douyin_rpa - [WARNING] - logger.py:157 - warning() - 元素未找到: id = com.android.packageinstaller:id/permission_allow_button
2025-11-15 17:24:12 - douyin_rpa - [WARNING] - logger.py:157 - warning() - 元素未找到: xpath = //android.widget.TextView[@text='拒绝']
2025-11-15 17:24:26 - douyin_rpa - [WARNING] - logger.py:157 - warning() - 元素未找到: xpath = //android.widget.TextView[@text='暂不开启']
2025-11-15 17:24:30 - douyin_rpa - [WARNING] - logger.py:157 - warning() - 元素未找到: xpath = //android.widget.TextView[@text='残忍拒绝']
2025-11-15 17:24:33 - douyin_rpa - [WARNING] - logger.py:157 - warning() - 元素未找到: xpath = //android.widget.ImageView[@content-desc='关闭']
2025-11-15 17:24:35 - douyin_rpa - [WARNING] - logger.py:157 - warning() - 元素未找到: xpath = //android.widget.Button[@text='我知道了']
2025-11-15 17:24:39 - douyin_rpa - [WARNING] - logger.py:157 - warning() - 元素未找到: xpath = //android.widget.TextView[@text='稍后']
2025-11-15 17:24:46 - douyin_rpa - [INFO] - logger.py:153 - info() - 📱 高级轨迹滑动: 点数=15, 时长=687ms
2025-11-15 17:24:50 - douyin_rpa - [INFO] - logger.py:73 - __init__() - 日志系统初始化完成: douyin_rpa
2025-11-15 17:24:50 - douyin_rpa - [INFO] - logger.py:153 - info() - ╔==============================================================================╗
2025-11-15 17:24:50 - douyin_rpa - [INFO] - logger.py:153 - info() - ║                         程序启动                         ║
2025-11-15 17:24:50 - douyin_rpa - [INFO] - logger.py:153 - info() - ╚==============================================================================╝
2025-11-15 17:24:50 - douyin_rpa - [INFO] - logger.py:153 - info() - 启动时间: 2025-11-15 17:24:50
2025-11-15 17:24:50 - douyin_rpa - [INFO] - logger.py:153 - info() - Python版本: 3.11.9 (tags/v3.11.9:de54cf5, Apr  2 2024, 10:12:12) [MSC v.1938 64 bit (AMD64)]
2025-11-15 17:24:50 - douyin_rpa - [INFO] - logger.py:153 - info() - 工作目录: C:\Users\admin\Desktop\onebutton\douyin—autoclient
2025-11-15 17:24:50 - douyin_rpa - [INFO] - logger.py:153 - info() - 脚本路径: C:\Users\admin\Desktop\onebutton\douyin—autoclient\src\main.py
2025-11-15 17:24:50 - douyin_rpa - [INFO] - logger.py:153 - info() - ================================================================================
2025-11-15 17:24:50 - douyin_rpa - [INFO] - logger.py:153 - info() - DouyinRPA实例初始化 - 时间: 2025-11-15 17:24:50
2025-11-15 17:24:50 - douyin_rpa - [INFO] - logger.py:153 - info() - ================================================================================
2025-11-15 17:24:50 - douyin_rpa - [INFO] - logger.py:153 - info() - 解析命令行参数...
2025-11-15 17:24:50 - douyin_rpa - [INFO] - logger.py:153 - info() - 命令行参数: {'auto_accept': True, 'auto_start': False, 'check_only': False, 'config': None, 'export_data': False}
2025-11-15 17:24:50 - douyin_rpa - [INFO] - logger.py:153 - info() - 显示启动横幅
2025-11-15 17:24:50 - douyin_rpa - [INFO] - logger.py:153 - info() - 开始合规性检查
2025-11-15 17:24:50 - douyin_rpa - [INFO] - logger.py:153 - info() - 用户通过--auto-accept参数自动接受协议
2025-11-15 17:24:50 - douyin_rpa - [INFO] - logger.py:153 - info() - ============================================================
2025-11-15 17:24:50 - douyin_rpa - [INFO] - logger.py:153 - info() - 开始环境检查
2025-11-15 17:24:50 - douyin_rpa - [INFO] - logger.py:153 - info() - ============================================================
2025-11-15 17:24:50 - douyin_rpa - [INFO] - logger.py:153 - info() - 检查Python版本: 3.11.9
2025-11-15 17:24:50 - douyin_rpa - [INFO] - logger.py:153 - info() - ✅ Python版本检查通过: 3.11.9
2025-11-15 17:24:50 - douyin_rpa - [INFO] - logger.py:153 - info() - 检查必要文件...
2025-11-15 17:24:50 - douyin_rpa - [INFO] - logger.py:153 - info() - ✅ 必要文件检查通过
2025-11-15 17:24:50 - douyin_rpa - [INFO] - logger.py:153 - info() - 检查ADB设备连接...
2025-11-15 17:24:51 - douyin_rpa - [INFO] - logger.py:153 - info() - ✅ Android设备连接正常
2025-11-15 17:24:51 - douyin_rpa - [INFO] - logger.py:153 - info() - 检查Appium Server状态...
2025-11-15 17:24:51 - douyin_rpa - [INFO] - logger.py:153 - info() - ✅ Appium Server运行正常
2025-11-15 17:24:51 - douyin_rpa - [INFO] - logger.py:153 - info() - ✅ 必要目录已创建
2025-11-15 17:24:51 - douyin_rpa - [INFO] - logger.py:153 - info() - ============================================================
2025-11-15 17:24:51 - douyin_rpa - [INFO] - logger.py:153 - info() - ✅ 环境检查全部通过
2025-11-15 17:24:51 - douyin_rpa - [INFO] - logger.py:153 - info() - ============================================================
2025-11-15 17:24:51 - douyin_rpa - [INFO] - logger.py:153 - info() - ============================================================
2025-11-15 17:24:51 - douyin_rpa - [INFO] - logger.py:153 - info() - 开始初始化组件
2025-11-15 17:24:51 - douyin_rpa - [INFO] - logger.py:153 - info() - ============================================================
2025-11-15 17:24:51 - douyin_rpa - [INFO] - logger.py:153 - info() - 开始连接Appium...
2025-11-15 17:24:56 - douyin_rpa - [INFO] - logger.py:153 - info() - ✅ Appium连接成功
2025-11-15 17:24:56 - douyin_rpa - [INFO] - logger.py:153 - info() - 初始化统计器...
2025-11-15 17:24:56 - douyin_rpa - [INFO] - logger.py:153 - info() - ✅ 统计器初始化完成
2025-11-15 17:24:56 - douyin_rpa - [INFO] - logger.py:153 - info() - 初始化任务管理器...
2025-11-15 17:24:56 - douyin_rpa - [INFO] - logger.py:153 - info() - ✅ 任务管理器初始化完成
2025-11-15 17:24:56 - douyin_rpa - [INFO] - logger.py:153 - info() - ============================================================
2025-11-15 17:24:56 - douyin_rpa - [INFO] - logger.py:153 - info() - ✅ 所有组件初始化完成
2025-11-15 17:24:56 - douyin_rpa - [INFO] - logger.py:153 - info() - ============================================================
2025-11-15 17:24:56 - douyin_rpa - [INFO] - logger.py:153 - info() - 设置信号处理器...
2025-11-15 17:24:56 - douyin_rpa - [INFO] - logger.py:153 - info() - ✅ 信号处理器设置完成
2025-11-15 17:24:56 - douyin_rpa - [INFO] - logger.py:153 - info() - ================================================================================
2025-11-15 17:24:56 - douyin_rpa - [INFO] - logger.py:153 - info() - 开始运行RPA主任务
2025-11-15 17:24:56 - douyin_rpa - [INFO] - logger.py:153 - info() - ================================================================================
2025-11-15 17:24:56 - douyin_rpa - [INFO] - logger.py:153 - info() - RPA任务提示信息已显示
2025-11-15 17:24:56 - douyin_rpa - [INFO] - logger.py:153 - info() - 开始执行任务管理器主循环...
2025-11-15 17:24:58 - douyin_rpa - [ERROR] - logger.py:161 - error() - WebDriver滑动异常: Message: 'GET /window/current/size' cannot be proxied to UiAutomator2 server because the instrumentation process is not running (probably crashed). Check the server log and/or the logcat output for more details
Stacktrace:
UnknownError: 'GET /window/current/size' cannot be proxied to UiAutomator2 server because the instrumentation process is not running (probably crashed). Check the server log and/or the logcat output for more details
    at UIA2Proxy.command (C:\Users\admin\AppData\Roaming\npm\node_modules\appium\node_modules\@appium\base-driver\lib\jsonwp-proxy\proxy.js:332:13)
    at processTicksAndRejections (node:internal/process/task_queues:105:5)
    at AndroidUiautomator2Driver.getWindowSize (C:\Users\admin\.appium\node_modules\appium-uiautomator2-driver\lib\commands\viewport.js:90:5)
    at AndroidUiautomator2Driver.getWindowRect (C:\Users\admin\.appium\node_modules\appium-uiautomator2-driver\lib\commands\viewport.js:61:27)
2025-11-15 17:25:01 - douyin_rpa - [ERROR] - logger.py:161 - error() - WebDriver滑动异常: Message: 'GET /window/current/size' cannot be proxied to UiAutomator2 server because the instrumentation process is not running (probably crashed). Check the server log and/or the logcat output for more details
Stacktrace:
UnknownError: 'GET /window/current/size' cannot be proxied to UiAutomator2 server because the instrumentation process is not running (probably crashed). Check the server log and/or the logcat output for more details
    at UIA2Proxy.command (C:\Users\admin\AppData\Roaming\npm\node_modules\appium\node_modules\@appium\base-driver\lib\jsonwp-proxy\proxy.js:332:13)
    at processTicksAndRejections (node:internal/process/task_queues:105:5)
    at AndroidUiautomator2Driver.getWindowSize (C:\Users\admin\.appium\node_modules\appium-uiautomator2-driver\lib\commands\viewport.js:90:5)
    at AndroidUiautomator2Driver.getWindowRect (C:\Users\admin\.appium\node_modules\appium-uiautomator2-driver\lib\commands\viewport.js:61:27)
2025-11-15 17:25:02 - douyin_rpa - [WARNING] - logger.py:157 - warning() - 元素未找到: id = com.ss.android.ugc.aweme:id/q7
2025-11-15 17:25:04 - douyin_rpa - [ERROR] - logger.py:161 - error() - WebDriver滑动异常: Message: 'GET /window/current/size' cannot be proxied to UiAutomator2 server because the instrumentation process is not running (probably crashed). Check the server log and/or the logcat output for more details
Stacktrace:
UnknownError: 'GET /window/current/size' cannot be proxied to UiAutomator2 server because the instrumentation process is not running (probably crashed). Check the server log and/or the logcat output for more details
    at UIA2Proxy.command (C:\Users\admin\AppData\Roaming\npm\node_modules\appium\node_modules\@appium\base-driver\lib\jsonwp-proxy\proxy.js:332:13)
    at processTicksAndRejections (node:internal/process/task_queues:105:5)
    at AndroidUiautomator2Driver.getWindowSize (C:\Users\admin\.appium\node_modules\appium-uiautomator2-driver\lib\commands\viewport.js:90:5)
    at AndroidUiautomator2Driver.getWindowRect (C:\Users\admin\.appium\node_modules\appium-uiautomator2-driver\lib\commands\viewport.js:61:27)
2025-11-15 17:25:05 - douyin_rpa - [WARNING] - logger.py:157 - warning() - 元素未找到: id = com.ss.android.ugc.aweme:id/arh
2025-11-15 17:25:08 - douyin_rpa - [WARNING] - logger.py:157 - warning() - 元素未找到: id = com.android.packageinstaller:id/permission_allow_button
2025-11-15 17:25:09 - douyin_rpa - [ERROR] - logger.py:161 - error() - WebDriver滑动异常: Message: 'GET /window/current/size' cannot be proxied to UiAutomator2 server because the instrumentation process is not running (probably crashed). Check the server log and/or the logcat output for more details
Stacktrace:
UnknownError: 'GET /window/current/size' cannot be proxied to UiAutomator2 server because the instrumentation process is not running (probably crashed). Check the server log and/or the logcat output for more details
    at UIA2Proxy.command (C:\Users\admin\AppData\Roaming\npm\node_modules\appium\node_modules\@appium\base-driver\lib\jsonwp-proxy\proxy.js:332:13)
    at processTicksAndRejections (node:internal/process/task_queues:105:5)
    at AndroidUiautomator2Driver.getWindowSize (C:\Users\admin\.appium\node_modules\appium-uiautomator2-driver\lib\commands\viewport.js:90:5)
    at AndroidUiautomator2Driver.getWindowRect (C:\Users\admin\.appium\node_modules\appium-uiautomator2-driver\lib\commands\viewport.js:61:27)
2025-11-15 17:25:12 - douyin_rpa - [ERROR] - logger.py:161 - error() - WebDriver滑动异常: Message: 'GET /window/current/size' cannot be proxied to UiAutomator2 server because the instrumentation process is not running (probably crashed). Check the server log and/or the logcat output for more details
Stacktrace:
UnknownError: 'GET /window/current/size' cannot be proxied to UiAutomator2 server because the instrumentation process is not running (probably crashed). Check the server log and/or the logcat output for more details
    at UIA2Proxy.command (C:\Users\admin\AppData\Roaming\npm\node_modules\appium\node_modules\@appium\base-driver\lib\jsonwp-proxy\proxy.js:332:13)
    at processTicksAndRejections (node:internal/process/task_queues:105:5)
    at AndroidUiautomator2Driver.getWindowSize (C:\Users\admin\.appium\node_modules\appium-uiautomator2-driver\lib\commands\viewport.js:90:5)
    at AndroidUiautomator2Driver.getWindowRect (C:\Users\admin\.appium\node_modules\appium-uiautomator2-driver\lib\commands\viewport.js:61:27)
2025-11-15 17:25:13 - douyin_rpa - [WARNING] - logger.py:157 - warning() - 元素未找到: xpath = //android.widget.TextView[@text='拒绝']
2025-11-15 17:25:17 - douyin_rpa - [WARNING] - logger.py:157 - warning() - 元素未找到: xpath = //android.widget.TextView[@text='暂不开启']
2025-11-15 17:25:26 - douyin_rpa - [INFO] - logger.py:153 - info() - 进入finally块，准备关闭...
2025-11-15 17:25:26 - douyin_rpa - [INFO] - logger.py:153 - info() - ================================================================================
2025-11-15 17:25:26 - douyin_rpa - [INFO] - logger.py:153 - info() - 开始优雅关闭程序
2025-11-15 17:25:26 - douyin_rpa - [INFO] - logger.py:153 - info() - ================================================================================
2025-11-15 17:25:26 - douyin_rpa - [INFO] - logger.py:153 - info() - 保存任务管理器统计数据...
2025-11-15 17:25:26 - douyin_rpa - [INFO] - logger.py:153 - info() - ✅ 任务管理器已关闭
2025-11-15 17:25:26 - douyin_rpa - [INFO] - logger.py:153 - info() - 断开Appium连接...
2025-11-15 17:25:28 - douyin_rpa - [WARNING] - logger.py:157 - warning() - 元素未找到: xpath = //android.widget.TextView[@text='残忍拒绝']
2025-11-15 17:25:30 - douyin_rpa - [WARNING] - logger.py:157 - warning() - 元素未找到: xpath = //android.widget.ImageView[@content-desc='关闭']
2025-11-15 17:25:31 - douyin_rpa - [ERROR] - logger.py:161 - error() - WebDriver滑动异常: Message: Could not proxy command to the remote server. Original error: socket hang up
Stacktrace:
UnknownError: Could not proxy command to the remote server. Original error: socket hang up
    at ProxyRequestError.getActualError (C:\Users\admin\AppData\Roaming\npm\node_modules\appium\node_modules\@appium\base-driver\lib\protocol\errors.ts:960:12)
    at UIA2Proxy.command (C:\Users\admin\AppData\Roaming\npm\node_modules\appium\node_modules\@appium\base-driver\lib\jsonwp-proxy\proxy.js:330:19)
    at processTicksAndRejections (node:internal/process/task_queues:105:5)
    at AndroidUiautomator2Driver.getWindowSize (C:\Users\admin\.appium\node_modules\appium-uiautomator2-driver\lib\commands\viewport.js:90:5)
    at AndroidUiautomator2Driver.getWindowRect (C:\Users\admin\.appium\node_modules\appium-uiautomator2-driver\lib\commands\viewport.js:61:27)
2025-11-15 17:25:31 - douyin_rpa - [INFO] - logger.py:153 - info() - ✅ Appium连接已断开
2025-11-15 17:25:31 - douyin_rpa - [INFO] - logger.py:153 - info() - 生成运行统计摘要...
2025-11-15 17:25:31 - douyin_rpa - [INFO] - logger.py:153 - info() - 运行时间: 1:15:03.640409
2025-11-15 17:25:31 - douyin_rpa - [INFO] - logger.py:153 - info() - 完成会话: 109 个
2025-11-15 17:25:31 - douyin_rpa - [INFO] - logger.py:153 - info() - ✅ 程序已安全关闭
2025-11-15 17:25:31 - douyin_rpa - [INFO] - logger.py:153 - info() - ================================================================================
2025-11-15 17:25:31 - douyin_rpa - [INFO] - logger.py:153 - info() - 程序完全退出 - 时间: 2025-11-15 17:25:31
2025-11-15 17:25:31 - douyin_rpa - [INFO] - logger.py:153 - info() - ================================================================================
2025-11-15 17:25:31 - douyin_rpa - [INFO] - logger.py:153 - info() - 程序正常结束 - 总运行时间: 0:14:07.117960
2025-11-15 17:25:31 - douyin_rpa - [INFO] - logger.py:153 - info() - ================================================================================
2025-11-15 17:25:31 - douyin_rpa - [INFO] - logger.py:153 - info() - 程序最终退出 - 总运行时间: 0:14:07.117960
2025-11-15 17:25:31 - douyin_rpa - [INFO] - logger.py:153 - info() - ================================================================================
2025-11-15 17:25:32 - douyin_rpa - [ERROR] - logger.py:161 - error() - WebDriver滑动异常: Message: 'GET /window/current/size' cannot be proxied to UiAutomator2 server because the instrumentation process is not running (probably crashed). Check the server log and/or the logcat output for more details
Stacktrace:
UnknownError: 'GET /window/current/size' cannot be proxied to UiAutomator2 server because the instrumentation process is not running (probably crashed). Check the server log and/or the logcat output for more details
    at UIA2Proxy.command (C:\Users\admin\AppData\Roaming\npm\node_modules\appium\node_modules\@appium\base-driver\lib\jsonwp-proxy\proxy.js:332:13)
    at processTicksAndRejections (node:internal/process/task_queues:105:5)
    at AndroidUiautomator2Driver.getWindowSize (C:\Users\admin\.appium\node_modules\appium-uiautomator2-driver\lib\commands\viewport.js:90:5)
    at AndroidUiautomator2Driver.getWindowRect (C:\Users\admin\.appium\node_modules\appium-uiautomator2-driver\lib\commands\viewport.js:61:27)
2025-11-15 17:25:33 - douyin_rpa - [ERROR] - logger.py:161 - error() - WebDriver滑动异常: Message: 'GET /window/current/size' cannot be proxied to UiAutomator2 server because the instrumentation process is not running (probably crashed). Check the server log and/or the logcat output for more details
Stacktrace:
UnknownError: 'GET /window/current/size' cannot be proxied to UiAutomator2 server because the instrumentation process is not running (probably crashed). Check the server log and/or the logcat output for more details
    at UIA2Proxy.command (C:\Users\admin\AppData\Roaming\npm\node_modules\appium\node_modules\@appium\base-driver\lib\jsonwp-proxy\proxy.js:332:13)
    at processTicksAndRejections (node:internal/process/task_queues:105:5)
    at AndroidUiautomator2Driver.getWindowSize (C:\Users\admin\.appium\node_modules\appium-uiautomator2-driver\lib\commands\viewport.js:90:5)
    at AndroidUiautomator2Driver.getWindowRect (C:\Users\admin\.appium\node_modules\appium-uiautomator2-driver\lib\commands\viewport.js:61:27)
2025-11-15 17:25:33 - douyin_rpa - [ERROR] - logger.py:161 - error() - WebDriver滑动异常: Message: 'GET /window/current/size' cannot be proxied to UiAutomator2 server because the instrumentation process is not running (probably crashed). Check the server log and/or the logcat output for more details
Stacktrace:
UnknownError: 'GET /window/current/size' cannot be proxied to UiAutomator2 server because the instrumentation process is not running (probably crashed). Check the server log and/or the logcat output for more details
    at UIA2Proxy.command (C:\Users\admin\AppData\Roaming\npm\node_modules\appium\node_modules\@appium\base-driver\lib\jsonwp-proxy\proxy.js:332:13)
    at processTicksAndRejections (node:internal/process/task_queues:105:5)
    at AndroidUiautomator2Driver.getWindowSize (C:\Users\admin\.appium\node_modules\appium-uiautomator2-driver\lib\commands\viewport.js:90:5)
    at AndroidUiautomator2Driver.getWindowRect (C:\Users\admin\.appium\node_modules\appium-uiautomator2-driver\lib\commands\viewport.js:61:27)
2025-11-15 17:25:46 - douyin_rpa - [ERROR] - logger.py:161 - error() - WebDriver滑动异常: Message: 'GET /window/current/size' cannot be proxied to UiAutomator2 server because the instrumentation process is not running (probably crashed). Check the server log and/or the logcat output for more details
Stacktrace:
UnknownError: 'GET /window/current/size' cannot be proxied to UiAutomator2 server because the instrumentation process is not running (probably crashed). Check the server log and/or the logcat output for more details
    at UIA2Proxy.command (C:\Users\admin\AppData\Roaming\npm\node_modules\appium\node_modules\@appium\base-driver\lib\jsonwp-proxy\proxy.js:332:13)
    at processTicksAndRejections (node:internal/process/task_queues:105:5)
    at AndroidUiautomator2Driver.getWindowSize (C:\Users\admin\.appium\node_modules\appium-uiautomator2-driver\lib\commands\viewport.js:90:5)
    at AndroidUiautomator2Driver.getWindowRect (C:\Users\admin\.appium\node_modules\appium-uiautomator2-driver\lib\commands\viewport.js:61:27)
2025-11-15 17:25:46 - douyin_rpa - [ERROR] - logger.py:161 - error() - WebDriver滑动异常: Message: 'GET /window/current/size' cannot be proxied to UiAutomator2 server because the instrumentation process is not running (probably crashed). Check the server log and/or the logcat output for more details
Stacktrace:
UnknownError: 'GET /window/current/size' cannot be proxied to UiAutomator2 server because the instrumentation process is not running (probably crashed). Check the server log and/or the logcat output for more details
    at UIA2Proxy.command (C:\Users\admin\AppData\Roaming\npm\node_modules\appium\node_modules\@appium\base-driver\lib\jsonwp-proxy\proxy.js:332:13)
    at processTicksAndRejections (node:internal/process/task_queues:105:5)
    at AndroidUiautomator2Driver.getWindowSize (C:\Users\admin\.appium\node_modules\appium-uiautomator2-driver\lib\commands\viewport.js:90:5)
    at AndroidUiautomator2Driver.getWindowRect (C:\Users\admin\.appium\node_modules\appium-uiautomator2-driver\lib\commands\viewport.js:61:27)
2025-11-15 17:25:47 - douyin_rpa - [ERROR] - logger.py:161 - error() - WebDriver滑动异常: Message: 'GET /window/current/size' cannot be proxied to UiAutomator2 server because the instrumentation process is not running (probably crashed). Check the server log and/or the logcat output for more details
Stacktrace:
UnknownError: 'GET /window/current/size' cannot be proxied to UiAutomator2 server because the instrumentation process is not running (probably crashed). Check the server log and/or the logcat output for more details
    at UIA2Proxy.command (C:\Users\admin\AppData\Roaming\npm\node_modules\appium\node_modules\@appium\base-driver\lib\jsonwp-proxy\proxy.js:332:13)
    at processTicksAndRejections (node:internal/process/task_queues:105:5)
    at AndroidUiautomator2Driver.getWindowSize (C:\Users\admin\.appium\node_modules\appium-uiautomator2-driver\lib\commands\viewport.js:90:5)
    at AndroidUiautomator2Driver.getWindowRect (C:\Users\admin\.appium\node_modules\appium-uiautomator2-driver\lib\commands\viewport.js:61:27)
2025-11-15 17:25:47 - douyin_rpa - [ERROR] - logger.py:161 - error() - WebDriver滑动异常: Message: 'GET /window/current/size' cannot be proxied to UiAutomator2 server because the instrumentation process is not running (probably crashed). Check the server log and/or the logcat output for more details
Stacktrace:
UnknownError: 'GET /window/current/size' cannot be proxied to UiAutomator2 server because the instrumentation process is not running (probably crashed). Check the server log and/or the logcat output for more details
    at UIA2Proxy.command (C:\Users\admin\AppData\Roaming\npm\node_modules\appium\node_modules\@appium\base-driver\lib\jsonwp-proxy\proxy.js:332:13)
    at processTicksAndRejections (node:internal/process/task_queues:105:5)
    at AndroidUiautomator2Driver.getWindowSize (C:\Users\admin\.appium\node_modules\appium-uiautomator2-driver\lib\commands\viewport.js:90:5)
    at AndroidUiautomator2Driver.getWindowRect (C:\Users\admin\.appium\node_modules\appium-uiautomator2-driver\lib\commands\viewport.js:61:27)
2025-11-15 17:25:47 - douyin_rpa - [ERROR] - logger.py:161 - error() - WebDriver滑动异常: Message: 'GET /window/current/size' cannot be proxied to UiAutomator2 server because the instrumentation process is not running (probably crashed). Check the server log and/or the logcat output for more details
Stacktrace:
UnknownError: 'GET /window/current/size' cannot be proxied to UiAutomator2 server because the instrumentation process is not running (probably crashed). Check the server log and/or the logcat output for more details
    at UIA2Proxy.command (C:\Users\admin\AppData\Roaming\npm\node_modules\appium\node_modules\@appium\base-driver\lib\jsonwp-proxy\proxy.js:332:13)
    at processTicksAndRejections (node:internal/process/task_queues:105:5)
    at AndroidUiautomator2Driver.getWindowSize (C:\Users\admin\.appium\node_modules\appium-uiautomator2-driver\lib\commands\viewport.js:90:5)
    at AndroidUiautomator2Driver.getWindowRect (C:\Users\admin\.appium\node_modules\appium-uiautomator2-driver\lib\commands\viewport.js:61:27)
2025-11-15 17:40:54 - douyin_rpa - [INFO] - logger.py:73 - __init__() - 日志系统初始化完成: douyin_rpa
2025-11-15 17:40:54 - douyin_rpa - [INFO] - logger.py:153 - info() - ╔==============================================================================╗
2025-11-15 17:40:54 - douyin_rpa - [INFO] - logger.py:153 - info() - ║                         程序启动                         ║
2025-11-15 17:40:54 - douyin_rpa - [INFO] - logger.py:153 - info() - ╚==============================================================================╝
2025-11-15 17:40:54 - douyin_rpa - [INFO] - logger.py:153 - info() - 启动时间: 2025-11-15 17:40:54
2025-11-15 17:40:54 - douyin_rpa - [INFO] - logger.py:153 - info() - Python版本: 3.11.9 (tags/v3.11.9:de54cf5, Apr  2 2024, 10:12:12) [MSC v.1938 64 bit (AMD64)]
2025-11-15 17:40:54 - douyin_rpa - [INFO] - logger.py:153 - info() - 工作目录: C:\Users\admin\Desktop\onebutton\douyin—autoclient
2025-11-15 17:40:54 - douyin_rpa - [INFO] - logger.py:153 - info() - 脚本路径: C:\Users\admin\Desktop\onebutton\douyin—autoclient\src\main.py
2025-11-15 17:40:54 - douyin_rpa - [INFO] - logger.py:153 - info() - ================================================================================
2025-11-15 17:40:54 - douyin_rpa - [INFO] - logger.py:153 - info() - DouyinRPA实例初始化 - 时间: 2025-11-15 17:40:54
2025-11-15 17:40:54 - douyin_rpa - [INFO] - logger.py:153 - info() - ================================================================================
2025-11-15 17:40:54 - douyin_rpa - [INFO] - logger.py:153 - info() - 解析命令行参数...
2025-11-15 17:40:54 - douyin_rpa - [INFO] - logger.py:153 - info() - 命令行参数: {'auto_accept': True, 'auto_start': False, 'check_only': False, 'config': None, 'export_data': False}
2025-11-15 17:40:54 - douyin_rpa - [INFO] - logger.py:153 - info() - 显示启动横幅
2025-11-15 17:40:54 - douyin_rpa - [INFO] - logger.py:153 - info() - 开始合规性检查
2025-11-15 17:40:54 - douyin_rpa - [INFO] - logger.py:153 - info() - 用户通过--auto-accept参数自动接受协议
2025-11-15 17:40:54 - douyin_rpa - [INFO] - logger.py:153 - info() - ============================================================
2025-11-15 17:40:54 - douyin_rpa - [INFO] - logger.py:153 - info() - 开始环境检查
2025-11-15 17:40:54 - douyin_rpa - [INFO] - logger.py:153 - info() - ============================================================
2025-11-15 17:40:54 - douyin_rpa - [INFO] - logger.py:153 - info() - 检查Python版本: 3.11.9
2025-11-15 17:40:54 - douyin_rpa - [INFO] - logger.py:153 - info() - ✅ Python版本检查通过: 3.11.9
2025-11-15 17:40:54 - douyin_rpa - [INFO] - logger.py:153 - info() - 检查必要文件...
2025-11-15 17:40:54 - douyin_rpa - [INFO] - logger.py:153 - info() - ✅ 必要文件检查通过
2025-11-15 17:40:54 - douyin_rpa - [INFO] - logger.py:153 - info() - 检查ADB设备连接...
2025-11-15 17:40:54 - douyin_rpa - [INFO] - logger.py:153 - info() - ✅ Android设备连接正常
2025-11-15 17:40:54 - douyin_rpa - [INFO] - logger.py:153 - info() - 检查Appium Server状态...
2025-11-15 17:40:54 - douyin_rpa - [INFO] - logger.py:153 - info() - ✅ Appium Server运行正常
2025-11-15 17:40:54 - douyin_rpa - [INFO] - logger.py:153 - info() - ✅ 必要目录已创建
2025-11-15 17:40:54 - douyin_rpa - [INFO] - logger.py:153 - info() - ============================================================
2025-11-15 17:40:54 - douyin_rpa - [INFO] - logger.py:153 - info() - ✅ 环境检查全部通过
2025-11-15 17:40:54 - douyin_rpa - [INFO] - logger.py:153 - info() - ============================================================
2025-11-15 17:40:54 - douyin_rpa - [INFO] - logger.py:153 - info() - ============================================================
2025-11-15 17:40:54 - douyin_rpa - [INFO] - logger.py:153 - info() - 开始初始化组件
2025-11-15 17:40:54 - douyin_rpa - [INFO] - logger.py:153 - info() - ============================================================
2025-11-15 17:40:54 - douyin_rpa - [INFO] - logger.py:153 - info() - 开始连接Appium...
2025-11-15 17:40:57 - douyin_rpa - [INFO] - logger.py:153 - info() - ✅ Appium连接成功
2025-11-15 17:40:57 - douyin_rpa - [INFO] - logger.py:153 - info() - 初始化统计器...
2025-11-15 17:40:57 - douyin_rpa - [INFO] - logger.py:153 - info() - ✅ 统计器初始化完成
2025-11-15 17:40:57 - douyin_rpa - [INFO] - logger.py:153 - info() - 初始化任务管理器...
2025-11-15 17:40:57 - douyin_rpa - [INFO] - logger.py:153 - info() - ✅ 任务管理器初始化完成
2025-11-15 17:40:57 - douyin_rpa - [INFO] - logger.py:153 - info() - ============================================================
2025-11-15 17:40:57 - douyin_rpa - [INFO] - logger.py:153 - info() - ✅ 所有组件初始化完成
2025-11-15 17:40:57 - douyin_rpa - [INFO] - logger.py:153 - info() - ============================================================
2025-11-15 17:40:57 - douyin_rpa - [INFO] - logger.py:153 - info() - 设置信号处理器...
2025-11-15 17:40:57 - douyin_rpa - [INFO] - logger.py:153 - info() - ✅ 信号处理器设置完成
2025-11-15 17:40:57 - douyin_rpa - [INFO] - logger.py:153 - info() - ================================================================================
2025-11-15 17:40:57 - douyin_rpa - [INFO] - logger.py:153 - info() - 开始运行RPA主任务
2025-11-15 17:40:57 - douyin_rpa - [INFO] - logger.py:153 - info() - ================================================================================
2025-11-15 17:40:57 - douyin_rpa - [INFO] - logger.py:153 - info() - RPA任务提示信息已显示
2025-11-15 17:40:57 - douyin_rpa - [INFO] - logger.py:153 - info() - 开始执行任务管理器主循环...
2025-11-15 17:45:39 - douyin_rpa - [INFO] - logger.py:73 - __init__() - 日志系统初始化完成: douyin_rpa
2025-11-15 17:45:39 - douyin_rpa - [INFO] - logger.py:153 - info() - ╔==============================================================================╗
2025-11-15 17:45:39 - douyin_rpa - [INFO] - logger.py:153 - info() - ║                         程序启动                         ║
2025-11-15 17:45:39 - douyin_rpa - [INFO] - logger.py:153 - info() - ╚==============================================================================╝
2025-11-15 17:45:39 - douyin_rpa - [INFO] - logger.py:153 - info() - 启动时间: 2025-11-15 17:45:39
2025-11-15 17:45:39 - douyin_rpa - [INFO] - logger.py:153 - info() - Python版本: 3.11.9 (tags/v3.11.9:de54cf5, Apr  2 2024, 10:12:12) [MSC v.1938 64 bit (AMD64)]
2025-11-15 17:45:39 - douyin_rpa - [INFO] - logger.py:153 - info() - 工作目录: C:\Users\admin\Desktop\onebutton\douyin—autoclient
2025-11-15 17:45:39 - douyin_rpa - [INFO] - logger.py:153 - info() - 脚本路径: C:\Users\admin\Desktop\onebutton\douyin—autoclient\src\main.py
2025-11-15 17:45:39 - douyin_rpa - [INFO] - logger.py:153 - info() - ================================================================================
2025-11-15 17:45:39 - douyin_rpa - [INFO] - logger.py:153 - info() - DouyinRPA实例初始化 - 时间: 2025-11-15 17:45:39
2025-11-15 17:45:39 - douyin_rpa - [INFO] - logger.py:153 - info() - ================================================================================
2025-11-15 17:45:39 - douyin_rpa - [INFO] - logger.py:153 - info() - 解析命令行参数...
2025-11-15 17:45:39 - douyin_rpa - [INFO] - logger.py:153 - info() - 命令行参数: {'auto_accept': True, 'auto_start': False, 'check_only': False, 'config': None, 'export_data': False}
2025-11-15 17:45:39 - douyin_rpa - [INFO] - logger.py:153 - info() - 显示启动横幅
2025-11-15 17:45:39 - douyin_rpa - [INFO] - logger.py:153 - info() - 开始合规性检查
2025-11-15 17:45:39 - douyin_rpa - [INFO] - logger.py:153 - info() - 用户通过--auto-accept参数自动接受协议
2025-11-15 17:45:39 - douyin_rpa - [INFO] - logger.py:153 - info() - ============================================================
2025-11-15 17:45:39 - douyin_rpa - [INFO] - logger.py:153 - info() - 开始环境检查
2025-11-15 17:45:39 - douyin_rpa - [INFO] - logger.py:153 - info() - ============================================================
2025-11-15 17:45:39 - douyin_rpa - [INFO] - logger.py:153 - info() - 检查Python版本: 3.11.9
2025-11-15 17:45:39 - douyin_rpa - [INFO] - logger.py:153 - info() - ✅ Python版本检查通过: 3.11.9
2025-11-15 17:45:39 - douyin_rpa - [INFO] - logger.py:153 - info() - 检查必要文件...
2025-11-15 17:45:39 - douyin_rpa - [INFO] - logger.py:153 - info() - ✅ 必要文件检查通过
2025-11-15 17:45:39 - douyin_rpa - [INFO] - logger.py:153 - info() - 检查ADB设备连接...
2025-11-15 17:45:39 - douyin_rpa - [INFO] - logger.py:153 - info() - ✅ Android设备连接正常
2025-11-15 17:45:39 - douyin_rpa - [INFO] - logger.py:153 - info() - 检查Appium Server状态...
2025-11-15 17:45:39 - douyin_rpa - [INFO] - logger.py:153 - info() - ✅ Appium Server运行正常
2025-11-15 17:45:39 - douyin_rpa - [INFO] - logger.py:153 - info() - ✅ 必要目录已创建
2025-11-15 17:45:39 - douyin_rpa - [INFO] - logger.py:153 - info() - ============================================================
2025-11-15 17:45:39 - douyin_rpa - [INFO] - logger.py:153 - info() - ✅ 环境检查全部通过
2025-11-15 17:45:39 - douyin_rpa - [INFO] - logger.py:153 - info() - ============================================================
2025-11-15 17:45:39 - douyin_rpa - [INFO] - logger.py:153 - info() - ============================================================
2025-11-15 17:45:39 - douyin_rpa - [INFO] - logger.py:153 - info() - 开始初始化组件
2025-11-15 17:45:39 - douyin_rpa - [INFO] - logger.py:153 - info() - ============================================================
2025-11-15 17:45:39 - douyin_rpa - [INFO] - logger.py:153 - info() - 开始连接Appium...
2025-11-15 17:45:43 - douyin_rpa - [INFO] - logger.py:153 - info() - ✅ Appium连接成功
2025-11-15 17:45:43 - douyin_rpa - [INFO] - logger.py:153 - info() - 初始化统计器...
2025-11-15 17:45:43 - douyin_rpa - [INFO] - logger.py:153 - info() - ✅ 统计器初始化完成
2025-11-15 17:45:43 - douyin_rpa - [INFO] - logger.py:153 - info() - 初始化任务管理器...
2025-11-15 17:45:43 - douyin_rpa - [INFO] - logger.py:153 - info() - ✅ 任务管理器初始化完成
2025-11-15 17:45:43 - douyin_rpa - [INFO] - logger.py:153 - info() - ============================================================
2025-11-15 17:45:43 - douyin_rpa - [INFO] - logger.py:153 - info() - ✅ 所有组件初始化完成
2025-11-15 17:45:43 - douyin_rpa - [INFO] - logger.py:153 - info() - ============================================================
2025-11-15 17:45:43 - douyin_rpa - [INFO] - logger.py:153 - info() - 设置信号处理器...
2025-11-15 17:45:43 - douyin_rpa - [INFO] - logger.py:153 - info() - ✅ 信号处理器设置完成
2025-11-15 17:45:43 - douyin_rpa - [INFO] - logger.py:153 - info() - ================================================================================
2025-11-15 17:45:43 - douyin_rpa - [INFO] - logger.py:153 - info() - 开始运行RPA主任务
2025-11-15 17:45:43 - douyin_rpa - [INFO] - logger.py:153 - info() - ================================================================================
2025-11-15 17:45:43 - douyin_rpa - [INFO] - logger.py:153 - info() - RPA任务提示信息已显示
2025-11-15 17:45:43 - douyin_rpa - [INFO] - logger.py:153 - info() - 开始执行任务管理器主循环...
2025-11-15 17:45:51 - douyin_rpa - [WARNING] - logger.py:157 - warning() - 元素未找到: id = com.ss.android.ugc.aweme:id/q7
2025-11-15 17:45:54 - douyin_rpa - [WARNING] - logger.py:157 - warning() - 元素未找到: id = com.ss.android.ugc.aweme:id/arh
2025-11-15 17:45:57 - douyin_rpa - [WARNING] - logger.py:157 - warning() - 元素未找到: id = com.android.packageinstaller:id/permission_allow_button
2025-11-15 17:46:02 - douyin_rpa - [WARNING] - logger.py:157 - warning() - 元素未找到: xpath = //android.widget.TextView[@text='拒绝']
2025-11-15 17:46:06 - douyin_rpa - [WARNING] - logger.py:157 - warning() - 元素未找到: xpath = //android.widget.TextView[@text='暂不开启']
2025-11-15 17:46:10 - douyin_rpa - [WARNING] - logger.py:157 - warning() - 元素未找到: xpath = //android.widget.TextView[@text='残忍拒绝']
2025-11-15 17:46:13 - douyin_rpa - [WARNING] - logger.py:157 - warning() - 元素未找到: xpath = //android.widget.ImageView[@content-desc='关闭']
2025-11-15 17:46:16 - douyin_rpa - [WARNING] - logger.py:157 - warning() - 元素未找到: xpath = //android.widget.Button[@text='我知道了']
2025-11-15 17:46:20 - douyin_rpa - [WARNING] - logger.py:157 - warning() - 元素未找到: xpath = //android.widget.TextView[@text='稍后']
2025-11-15 17:46:24 - douyin_rpa - [WARNING] - logger.py:157 - warning() - 元素未找到: xpath = //android.widget.TextView[@text='直播中']
2025-11-15 17:46:38 - douyin_rpa - [INFO] - logger.py:153 - info() - 📱 高级轨迹滑动: 点数=21, 时长=339ms
2025-11-15 17:46:45 - douyin_rpa - [WARNING] - logger.py:157 - warning() - 元素未找到: id = com.ss.android.ugc.aweme:id/q7
2025-11-15 17:46:51 - douyin_rpa - [WARNING] - logger.py:157 - warning() - 元素未找到: id = com.ss.android.ugc.aweme:id/arh
2025-11-15 17:46:57 - douyin_rpa - [WARNING] - logger.py:157 - warning() - 元素未找到: id = com.android.packageinstaller:id/permission_allow_button
2025-11-15 17:47:26 - douyin_rpa - [WARNING] - logger.py:157 - warning() - 元素未找到: xpath = //android.widget.TextView[@text='拒绝']
2025-11-15 17:48:01 - douyin_rpa - [WARNING] - logger.py:157 - warning() - 元素未找到: xpath = //android.widget.TextView[@text='暂不开启']
2025-11-15 17:48:22 - douyin_rpa - [WARNING] - logger.py:157 - warning() - 元素未找到: xpath = //android.widget.TextView[@text='残忍拒绝']
2025-11-15 17:48:28 - douyin_rpa - [WARNING] - logger.py:157 - warning() - 元素未找到: xpath = //android.widget.ImageView[@content-desc='关闭']
2025-11-15 17:48:38 - douyin_rpa - [WARNING] - logger.py:157 - warning() - 元素未找到: xpath = //android.widget.Button[@text='我知道了']
2025-11-15 17:48:54 - douyin_rpa - [WARNING] - logger.py:157 - warning() - 元素未找到: xpath = //android.widget.TextView[@text='稍后']
2025-11-15 17:48:57 - douyin_rpa - [WARNING] - logger.py:157 - warning() - 元素未找到: xpath = //android.widget.TextView[@text='直播中']
2025-11-15 17:49:12 - douyin_rpa - [INFO] - logger.py:153 - info() - 📱 高级轨迹滑动: 点数=20, 时长=426ms
2025-11-15 17:49:19 - douyin_rpa - [WARNING] - logger.py:157 - warning() - 元素未找到: id = com.ss.android.ugc.aweme:id/q7
2025-11-15 17:49:22 - douyin_rpa - [WARNING] - logger.py:157 - warning() - 元素未找到: id = com.ss.android.ugc.aweme:id/arh
2025-11-15 17:49:24 - douyin_rpa - [WARNING] - logger.py:157 - warning() - 元素未找到: id = com.android.packageinstaller:id/permission_allow_button
2025-11-15 17:49:28 - douyin_rpa - [WARNING] - logger.py:157 - warning() - 元素未找到: xpath = //android.widget.TextView[@text='拒绝']
2025-11-15 17:49:32 - douyin_rpa - [WARNING] - logger.py:157 - warning() - 元素未找到: xpath = //android.widget.TextView[@text='暂不开启']
2025-11-15 17:49:36 - douyin_rpa - [WARNING] - logger.py:157 - warning() - 元素未找到: xpath = //android.widget.TextView[@text='残忍拒绝']
2025-11-15 17:49:38 - douyin_rpa - [WARNING] - logger.py:157 - warning() - 元素未找到: xpath = //android.widget.ImageView[@content-desc='关闭']
2025-11-15 17:49:41 - douyin_rpa - [WARNING] - logger.py:157 - warning() - 元素未找到: xpath = //android.widget.Button[@text='我知道了']
2025-11-15 17:49:45 - douyin_rpa - [WARNING] - logger.py:157 - warning() - 元素未找到: xpath = //android.widget.TextView[@text='稍后']
2025-11-15 17:49:48 - douyin_rpa - [WARNING] - logger.py:157 - warning() - 元素未找到: xpath = //android.widget.TextView[@text='直播中']
2025-11-15 17:50:04 - douyin_rpa - [INFO] - logger.py:153 - info() - 📱 高级轨迹滑动: 点数=19, 时长=494ms
2025-11-15 17:50:07 - douyin_rpa - [WARNING] - logger.py:157 - warning() - 元素未找到: id = com.ss.android.ugc.aweme:id/q7
2025-11-15 17:50:09 - douyin_rpa - [WARNING] - logger.py:157 - warning() - 元素未找到: id = com.ss.android.ugc.aweme:id/arh
2025-11-15 17:50:12 - douyin_rpa - [WARNING] - logger.py:157 - warning() - 元素未找到: id = com.android.packageinstaller:id/permission_allow_button
2025-11-15 17:50:16 - douyin_rpa - [WARNING] - logger.py:157 - warning() - 元素未找到: xpath = //android.widget.TextView[@text='拒绝']
2025-11-15 17:50:19 - douyin_rpa - [WARNING] - logger.py:157 - warning() - 元素未找到: xpath = //android.widget.TextView[@text='暂不开启']
2025-11-15 17:50:23 - douyin_rpa - [WARNING] - logger.py:157 - warning() - 元素未找到: xpath = //android.widget.TextView[@text='残忍拒绝']
2025-11-15 17:50:26 - douyin_rpa - [WARNING] - logger.py:157 - warning() - 元素未找到: xpath = //android.widget.ImageView[@content-desc='关闭']
2025-11-15 17:50:28 - douyin_rpa - [WARNING] - logger.py:157 - warning() - 元素未找到: xpath = //android.widget.Button[@text='我知道了']
2025-11-15 17:50:37 - douyin_rpa - [WARNING] - logger.py:157 - warning() - 元素未找到: xpath = //android.widget.TextView[@text='稍后']
2025-11-15 17:50:45 - douyin_rpa - [WARNING] - logger.py:157 - warning() - 元素未找到: xpath = //android.widget.TextView[@text='直播中']
2025-11-15 17:51:04 - douyin_rpa - [INFO] - logger.py:153 - info() - 📱 高级轨迹滑动: 点数=20, 时长=486ms
2025-11-15 17:51:07 - douyin_rpa - [WARNING] - logger.py:157 - warning() - 元素未找到: id = com.ss.android.ugc.aweme:id/q7
2025-11-15 17:51:09 - douyin_rpa - [WARNING] - logger.py:157 - warning() - 元素未找到: id = com.ss.android.ugc.aweme:id/arh
2025-11-15 17:51:12 - douyin_rpa - [WARNING] - logger.py:157 - warning() - 元素未找到: id = com.android.packageinstaller:id/permission_allow_button
2025-11-15 17:51:17 - douyin_rpa - [WARNING] - logger.py:157 - warning() - 元素未找到: xpath = //android.widget.TextView[@text='拒绝']
2025-11-15 17:51:21 - douyin_rpa - [WARNING] - logger.py:157 - warning() - 元素未找到: xpath = //android.widget.TextView[@text='暂不开启']
2025-11-15 17:51:25 - douyin_rpa - [WARNING] - logger.py:157 - warning() - 元素未找到: xpath = //android.widget.TextView[@text='残忍拒绝']
2025-11-15 17:51:28 - douyin_rpa - [WARNING] - logger.py:157 - warning() - 元素未找到: xpath = //android.widget.ImageView[@content-desc='关闭']
2025-11-15 17:51:30 - douyin_rpa - [WARNING] - logger.py:157 - warning() - 元素未找到: xpath = //android.widget.Button[@text='我知道了']
2025-11-15 17:51:34 - douyin_rpa - [WARNING] - logger.py:157 - warning() - 元素未找到: xpath = //android.widget.TextView[@text='稍后']
2025-11-15 17:51:38 - douyin_rpa - [WARNING] - logger.py:157 - warning() - 元素未找到: xpath = //android.widget.TextView[@text='直播中']
2025-11-15 17:51:53 - douyin_rpa - [INFO] - logger.py:153 - info() - 📱 高级轨迹滑动: 点数=23, 时长=454ms
2025-11-15 17:51:56 - douyin_rpa - [WARNING] - logger.py:157 - warning() - 元素未找到: id = com.ss.android.ugc.aweme:id/q7
2025-11-15 17:51:59 - douyin_rpa - [WARNING] - logger.py:157 - warning() - 元素未找到: id = com.ss.android.ugc.aweme:id/arh
2025-11-15 17:52:02 - douyin_rpa - [WARNING] - logger.py:157 - warning() - 元素未找到: id = com.android.packageinstaller:id/permission_allow_button
2025-11-15 17:52:06 - douyin_rpa - [WARNING] - logger.py:157 - warning() - 元素未找到: xpath = //android.widget.TextView[@text='拒绝']
2025-11-15 17:52:09 - douyin_rpa - [WARNING] - logger.py:157 - warning() - 元素未找到: xpath = //android.widget.TextView[@text='暂不开启']
2025-11-15 17:52:13 - douyin_rpa - [WARNING] - logger.py:157 - warning() - 元素未找到: xpath = //android.widget.TextView[@text='残忍拒绝']
2025-11-15 17:52:16 - douyin_rpa - [WARNING] - logger.py:157 - warning() - 元素未找到: xpath = //android.widget.ImageView[@content-desc='关闭']
2025-11-15 17:52:18 - douyin_rpa - [WARNING] - logger.py:157 - warning() - 元素未找到: xpath = //android.widget.Button[@text='我知道了']
2025-11-15 17:52:22 - douyin_rpa - [WARNING] - logger.py:157 - warning() - 元素未找到: xpath = //android.widget.TextView[@text='稍后']
2025-11-15 17:52:26 - douyin_rpa - [WARNING] - logger.py:157 - warning() - 元素未找到: xpath = //android.widget.TextView[@text='直播中']
2025-11-15 17:52:41 - douyin_rpa - [INFO] - logger.py:153 - info() - 📱 高级轨迹滑动: 点数=30, 时长=297ms
2025-11-15 17:52:44 - douyin_rpa - [WARNING] - logger.py:157 - warning() - 元素未找到: id = com.ss.android.ugc.aweme:id/q7
2025-11-15 17:52:47 - douyin_rpa - [WARNING] - logger.py:157 - warning() - 元素未找到: id = com.ss.android.ugc.aweme:id/arh
2025-11-15 17:52:50 - douyin_rpa - [WARNING] - logger.py:157 - warning() - 元素未找到: id = com.android.packageinstaller:id/permission_allow_button
2025-11-15 17:52:54 - douyin_rpa - [WARNING] - logger.py:157 - warning() - 元素未找到: xpath = //android.widget.TextView[@text='拒绝']
2025-11-15 17:52:59 - douyin_rpa - [WARNING] - logger.py:157 - warning() - 元素未找到: xpath = //android.widget.TextView[@text='暂不开启']
2025-11-15 17:53:03 - douyin_rpa - [WARNING] - logger.py:157 - warning() - 元素未找到: xpath = //android.widget.TextView[@text='残忍拒绝']
2025-11-15 17:53:05 - douyin_rpa - [WARNING] - logger.py:157 - warning() - 元素未找到: xpath = //android.widget.ImageView[@content-desc='关闭']
2025-11-15 17:53:08 - douyin_rpa - [WARNING] - logger.py:157 - warning() - 元素未找到: xpath = //android.widget.Button[@text='我知道了']
2025-11-15 17:53:13 - douyin_rpa - [WARNING] - logger.py:157 - warning() - 元素未找到: xpath = //android.widget.TextView[@text='稍后']
2025-11-15 17:53:16 - douyin_rpa - [WARNING] - logger.py:157 - warning() - 元素未找到: xpath = //android.widget.TextView[@text='直播中']
2025-11-15 17:53:32 - douyin_rpa - [INFO] - logger.py:153 - info() - 📱 高级轨迹滑动: 点数=27, 时长=450ms
2025-11-15 17:53:35 - douyin_rpa - [WARNING] - logger.py:157 - warning() - 元素未找到: id = com.ss.android.ugc.aweme:id/q7
2025-11-15 17:53:38 - douyin_rpa - [WARNING] - logger.py:157 - warning() - 元素未找到: id = com.ss.android.ugc.aweme:id/arh
2025-11-15 17:53:41 - douyin_rpa - [WARNING] - logger.py:157 - warning() - 元素未找到: id = com.android.packageinstaller:id/permission_allow_button
2025-11-15 17:53:45 - douyin_rpa - [WARNING] - logger.py:157 - warning() - 元素未找到: xpath = //android.widget.TextView[@text='拒绝']
2025-11-15 17:53:49 - douyin_rpa - [WARNING] - logger.py:157 - warning() - 元素未找到: xpath = //android.widget.TextView[@text='暂不开启']
2025-11-15 17:53:53 - douyin_rpa - [WARNING] - logger.py:157 - warning() - 元素未找到: xpath = //android.widget.TextView[@text='残忍拒绝']
2025-11-15 17:53:56 - douyin_rpa - [WARNING] - logger.py:157 - warning() - 元素未找到: xpath = //android.widget.ImageView[@content-desc='关闭']
2025-11-15 17:53:58 - douyin_rpa - [WARNING] - logger.py:157 - warning() - 元素未找到: xpath = //android.widget.Button[@text='我知道了']
2025-11-15 17:54:03 - douyin_rpa - [WARNING] - logger.py:157 - warning() - 元素未找到: xpath = //android.widget.TextView[@text='稍后']
2025-11-15 17:54:06 - douyin_rpa - [WARNING] - logger.py:157 - warning() - 元素未找到: xpath = //android.widget.TextView[@text='直播中']
2025-11-15 17:54:21 - douyin_rpa - [INFO] - logger.py:153 - info() - 📱 高级轨迹滑动: 点数=28, 时长=265ms
2025-11-15 17:54:25 - douyin_rpa - [WARNING] - logger.py:157 - warning() - 元素未找到: id = com.ss.android.ugc.aweme:id/q7
2025-11-15 17:54:28 - douyin_rpa - [WARNING] - logger.py:157 - warning() - 元素未找到: id = com.ss.android.ugc.aweme:id/arh
2025-11-15 17:54:31 - douyin_rpa - [WARNING] - logger.py:157 - warning() - 元素未找到: id = com.android.packageinstaller:id/permission_allow_button
2025-11-15 17:54:35 - douyin_rpa - [WARNING] - logger.py:157 - warning() - 元素未找到: xpath = //android.widget.TextView[@text='拒绝']
2025-11-15 17:54:38 - douyin_rpa - [WARNING] - logger.py:157 - warning() - 元素未找到: xpath = //android.widget.TextView[@text='暂不开启']
2025-11-15 17:54:43 - douyin_rpa - [WARNING] - logger.py:157 - warning() - 元素未找到: xpath = //android.widget.TextView[@text='残忍拒绝']
2025-11-15 17:54:45 - douyin_rpa - [WARNING] - logger.py:157 - warning() - 元素未找到: xpath = //android.widget.ImageView[@content-desc='关闭']
2025-11-15 17:54:48 - douyin_rpa - [WARNING] - logger.py:157 - warning() - 元素未找到: xpath = //android.widget.Button[@text='我知道了']
2025-11-15 17:54:53 - douyin_rpa - [WARNING] - logger.py:157 - warning() - 元素未找到: xpath = //android.widget.TextView[@text='稍后']
2025-11-15 17:54:56 - douyin_rpa - [WARNING] - logger.py:157 - warning() - 元素未找到: xpath = //android.widget.TextView[@text='直播中']
2025-11-15 17:55:12 - douyin_rpa - [INFO] - logger.py:153 - info() - 📱 高级轨迹滑动: 点数=28, 时长=350ms
2025-11-15 17:55:15 - douyin_rpa - [WARNING] - logger.py:157 - warning() - 元素未找到: id = com.ss.android.ugc.aweme:id/q7
2025-11-15 17:55:18 - douyin_rpa - [WARNING] - logger.py:157 - warning() - 元素未找到: id = com.ss.android.ugc.aweme:id/arh
2025-11-15 17:55:20 - douyin_rpa - [WARNING] - logger.py:157 - warning() - 元素未找到: id = com.android.packageinstaller:id/permission_allow_button
2025-11-15 17:55:24 - douyin_rpa - [WARNING] - logger.py:157 - warning() - 元素未找到: xpath = //android.widget.TextView[@text='拒绝']
2025-11-15 17:55:28 - douyin_rpa - [WARNING] - logger.py:157 - warning() - 元素未找到: xpath = //android.widget.TextView[@text='暂不开启']
2025-11-15 17:55:32 - douyin_rpa - [WARNING] - logger.py:157 - warning() - 元素未找到: xpath = //android.widget.TextView[@text='残忍拒绝']
2025-11-15 17:55:34 - douyin_rpa - [WARNING] - logger.py:157 - warning() - 元素未找到: xpath = //android.widget.ImageView[@content-desc='关闭']
2025-11-15 17:55:37 - douyin_rpa - [WARNING] - logger.py:157 - warning() - 元素未找到: xpath = //android.widget.Button[@text='我知道了']
2025-11-15 17:55:40 - douyin_rpa - [WARNING] - logger.py:157 - warning() - 元素未找到: xpath = //android.widget.TextView[@text='稍后']
2025-11-15 17:55:43 - douyin_rpa - [WARNING] - logger.py:157 - warning() - 元素未找到: xpath = //android.widget.TextView[@text='直播中']
2025-11-15 17:55:57 - douyin_rpa - [INFO] - logger.py:153 - info() - 📱 高级轨迹滑动: 点数=24, 时长=328ms
2025-11-15 17:56:00 - douyin_rpa - [WARNING] - logger.py:157 - warning() - 元素未找到: id = com.ss.android.ugc.aweme:id/q7
2025-11-15 17:56:03 - douyin_rpa - [WARNING] - logger.py:157 - warning() - 元素未找到: id = com.ss.android.ugc.aweme:id/arh
2025-11-15 17:56:06 - douyin_rpa - [WARNING] - logger.py:157 - warning() - 元素未找到: id = com.android.packageinstaller:id/permission_allow_button
2025-11-15 17:56:10 - douyin_rpa - [WARNING] - logger.py:157 - warning() - 元素未找到: xpath = //android.widget.TextView[@text='拒绝']
2025-11-15 17:56:13 - douyin_rpa - [WARNING] - logger.py:157 - warning() - 元素未找到: xpath = //android.widget.TextView[@text='暂不开启']
2025-11-15 17:56:17 - douyin_rpa - [WARNING] - logger.py:157 - warning() - 元素未找到: xpath = //android.widget.TextView[@text='残忍拒绝']
2025-11-15 17:56:20 - douyin_rpa - [WARNING] - logger.py:157 - warning() - 元素未找到: xpath = //android.widget.ImageView[@content-desc='关闭']
2025-11-15 17:56:22 - douyin_rpa - [WARNING] - logger.py:157 - warning() - 元素未找到: xpath = //android.widget.Button[@text='我知道了']
2025-11-15 17:56:26 - douyin_rpa - [WARNING] - logger.py:157 - warning() - 元素未找到: xpath = //android.widget.TextView[@text='稍后']
2025-11-15 17:56:29 - douyin_rpa - [WARNING] - logger.py:157 - warning() - 元素未找到: xpath = //android.widget.TextView[@text='直播中']
2025-11-15 17:56:44 - douyin_rpa - [INFO] - logger.py:153 - info() - 📱 高级轨迹滑动: 点数=17, 时长=722ms
2025-11-15 17:56:47 - douyin_rpa - [WARNING] - logger.py:157 - warning() - 元素未找到: id = com.ss.android.ugc.aweme:id/q7
2025-11-15 17:56:50 - douyin_rpa - [WARNING] - logger.py:157 - warning() - 元素未找到: id = com.ss.android.ugc.aweme:id/arh
2025-11-15 17:56:53 - douyin_rpa - [WARNING] - logger.py:157 - warning() - 元素未找到: id = com.android.packageinstaller:id/permission_allow_button
2025-11-15 17:56:56 - douyin_rpa - [WARNING] - logger.py:157 - warning() - 元素未找到: xpath = //android.widget.TextView[@text='拒绝']
2025-11-15 17:57:00 - douyin_rpa - [WARNING] - logger.py:157 - warning() - 元素未找到: xpath = //android.widget.TextView[@text='暂不开启']
2025-11-15 17:57:03 - douyin_rpa - [WARNING] - logger.py:157 - warning() - 元素未找到: xpath = //android.widget.TextView[@text='残忍拒绝']
2025-11-15 17:57:06 - douyin_rpa - [WARNING] - logger.py:157 - warning() - 元素未找到: xpath = //android.widget.ImageView[@content-desc='关闭']
2025-11-15 17:57:08 - douyin_rpa - [WARNING] - logger.py:157 - warning() - 元素未找到: xpath = //android.widget.Button[@text='我知道了']
2025-11-15 17:57:12 - douyin_rpa - [WARNING] - logger.py:157 - warning() - 元素未找到: xpath = //android.widget.TextView[@text='稍后']
2025-11-15 17:57:14 - douyin_rpa - [WARNING] - logger.py:157 - warning() - 元素未找到: xpath = //android.widget.TextView[@text='直播中']
2025-11-15 17:57:27 - douyin_rpa - [ERROR] - logger.py:161 - error() - WebDriver滑动异常: Message: Could not proxy command to the remote server. Original error: socket hang up
Stacktrace:
UnknownError: Could not proxy command to the remote server. Original error: socket hang up
    at ProxyRequestError.getActualError (C:\Users\admin\AppData\Roaming\npm\node_modules\appium\node_modules\@appium\base-driver\lib\protocol\errors.ts:960:12)
    at UIA2Proxy.command (C:\Users\admin\AppData\Roaming\npm\node_modules\appium\node_modules\@appium\base-driver\lib\jsonwp-proxy\proxy.js:330:19)
    at processTicksAndRejections (node:internal/process/task_queues:105:5)
    at AndroidUiautomator2Driver.getWindowSize (C:\Users\admin\.appium\node_modules\appium-uiautomator2-driver\lib\commands\viewport.js:90:5)
    at AndroidUiautomator2Driver.getWindowRect (C:\Users\admin\.appium\node_modules\appium-uiautomator2-driver\lib\commands\viewport.js:61:27)
2025-11-15 17:57:27 - douyin_rpa - [ERROR] - logger.py:161 - error() - WebDriver滑动异常: Message: Could not proxy command to the remote server. Original error: socket hang up
Stacktrace:
UnknownError: Could not proxy command to the remote server. Original error: socket hang up
    at ProxyRequestError.getActualError (C:\Users\admin\AppData\Roaming\npm\node_modules\appium\node_modules\@appium\base-driver\lib\protocol\errors.ts:960:12)
    at UIA2Proxy.command (C:\Users\admin\AppData\Roaming\npm\node_modules\appium\node_modules\@appium\base-driver\lib\jsonwp-proxy\proxy.js:330:19)
    at processTicksAndRejections (node:internal/process/task_queues:105:5)
    at AndroidUiautomator2Driver.getWindowSize (C:\Users\admin\.appium\node_modules\appium-uiautomator2-driver\lib\commands\viewport.js:90:5)
    at AndroidUiautomator2Driver.getWindowRect (C:\Users\admin\.appium\node_modules\appium-uiautomator2-driver\lib\commands\viewport.js:61:27)
2025-11-15 17:57:27 - douyin_rpa - [ERROR] - logger.py:161 - error() - WebDriver滑动异常: Message: Could not proxy command to the remote server. Original error: socket hang up
Stacktrace:
UnknownError: Could not proxy command to the remote server. Original error: socket hang up
    at ProxyRequestError.getActualError (C:\Users\admin\AppData\Roaming\npm\node_modules\appium\node_modules\@appium\base-driver\lib\protocol\errors.ts:960:12)
    at UIA2Proxy.command (C:\Users\admin\AppData\Roaming\npm\node_modules\appium\node_modules\@appium\base-driver\lib\jsonwp-proxy\proxy.js:330:19)
    at processTicksAndRejections (node:internal/process/task_queues:105:5)
    at AndroidUiautomator2Driver.getWindowSize (C:\Users\admin\.appium\node_modules\appium-uiautomator2-driver\lib\commands\viewport.js:90:5)
    at AndroidUiautomator2Driver.getWindowRect (C:\Users\admin\.appium\node_modules\appium-uiautomator2-driver\lib\commands\viewport.js:61:27)
2025-11-15 17:57:28 - douyin_rpa - [ERROR] - logger.py:161 - error() - WebDriver滑动异常: Message: 'GET /window/current/size' cannot be proxied to UiAutomator2 server because the instrumentation process is not running (probably crashed). Check the server log and/or the logcat output for more details
Stacktrace:
UnknownError: 'GET /window/current/size' cannot be proxied to UiAutomator2 server because the instrumentation process is not running (probably crashed). Check the server log and/or the logcat output for more details
    at UIA2Proxy.command (C:\Users\admin\AppData\Roaming\npm\node_modules\appium\node_modules\@appium\base-driver\lib\jsonwp-proxy\proxy.js:332:13)
    at processTicksAndRejections (node:internal/process/task_queues:105:5)
    at AndroidUiautomator2Driver.getWindowSize (C:\Users\admin\.appium\node_modules\appium-uiautomator2-driver\lib\commands\viewport.js:90:5)
    at AndroidUiautomator2Driver.getWindowRect (C:\Users\admin\.appium\node_modules\appium-uiautomator2-driver\lib\commands\viewport.js:61:27)
2025-11-15 17:57:28 - douyin_rpa - [ERROR] - logger.py:161 - error() - WebDriver滑动异常: Message: 'GET /window/current/size' cannot be proxied to UiAutomator2 server because the instrumentation process is not running (probably crashed). Check the server log and/or the logcat output for more details
Stacktrace:
UnknownError: 'GET /window/current/size' cannot be proxied to UiAutomator2 server because the instrumentation process is not running (probably crashed). Check the server log and/or the logcat output for more details
    at UIA2Proxy.command (C:\Users\admin\AppData\Roaming\npm\node_modules\appium\node_modules\@appium\base-driver\lib\jsonwp-proxy\proxy.js:332:13)
    at processTicksAndRejections (node:internal/process/task_queues:105:5)
    at AndroidUiautomator2Driver.getWindowSize (C:\Users\admin\.appium\node_modules\appium-uiautomator2-driver\lib\commands\viewport.js:90:5)
    at AndroidUiautomator2Driver.getWindowRect (C:\Users\admin\.appium\node_modules\appium-uiautomator2-driver\lib\commands\viewport.js:61:27)
2025-11-15 17:57:28 - douyin_rpa - [ERROR] - logger.py:161 - error() - WebDriver滑动异常: Message: 'GET /window/current/size' cannot be proxied to UiAutomator2 server because the instrumentation process is not running (probably crashed). Check the server log and/or the logcat output for more details
Stacktrace:
UnknownError: 'GET /window/current/size' cannot be proxied to UiAutomator2 server because the instrumentation process is not running (probably crashed). Check the server log and/or the logcat output for more details
    at UIA2Proxy.command (C:\Users\admin\AppData\Roaming\npm\node_modules\appium\node_modules\@appium\base-driver\lib\jsonwp-proxy\proxy.js:332:13)
    at processTicksAndRejections (node:internal/process/task_queues:105:5)
    at AndroidUiautomator2Driver.getWindowSize (C:\Users\admin\.appium\node_modules\appium-uiautomator2-driver\lib\commands\viewport.js:90:5)
    at AndroidUiautomator2Driver.getWindowRect (C:\Users\admin\.appium\node_modules\appium-uiautomator2-driver\lib\commands\viewport.js:61:27)
2025-11-15 17:57:28 - douyin_rpa - [ERROR] - logger.py:161 - error() - WebDriver滑动异常: Message: 'GET /window/current/size' cannot be proxied to UiAutomator2 server because the instrumentation process is not running (probably crashed). Check the server log and/or the logcat output for more details
Stacktrace:
UnknownError: 'GET /window/current/size' cannot be proxied to UiAutomator2 server because the instrumentation process is not running (probably crashed). Check the server log and/or the logcat output for more details
    at UIA2Proxy.command (C:\Users\admin\AppData\Roaming\npm\node_modules\appium\node_modules\@appium\base-driver\lib\jsonwp-proxy\proxy.js:332:13)
    at processTicksAndRejections (node:internal/process/task_queues:105:5)
    at AndroidUiautomator2Driver.getWindowSize (C:\Users\admin\.appium\node_modules\appium-uiautomator2-driver\lib\commands\viewport.js:90:5)
    at AndroidUiautomator2Driver.getWindowRect (C:\Users\admin\.appium\node_modules\appium-uiautomator2-driver\lib\commands\viewport.js:61:27)
2025-11-15 17:57:28 - douyin_rpa - [ERROR] - logger.py:161 - error() - WebDriver滑动异常: Message: 'GET /window/current/size' cannot be proxied to UiAutomator2 server because the instrumentation process is not running (probably crashed). Check the server log and/or the logcat output for more details
Stacktrace:
UnknownError: 'GET /window/current/size' cannot be proxied to UiAutomator2 server because the instrumentation process is not running (probably crashed). Check the server log and/or the logcat output for more details
    at UIA2Proxy.command (C:\Users\admin\AppData\Roaming\npm\node_modules\appium\node_modules\@appium\base-driver\lib\jsonwp-proxy\proxy.js:332:13)
    at processTicksAndRejections (node:internal/process/task_queues:105:5)
    at AndroidUiautomator2Driver.getWindowSize (C:\Users\admin\.appium\node_modules\appium-uiautomator2-driver\lib\commands\viewport.js:90:5)
    at AndroidUiautomator2Driver.getWindowRect (C:\Users\admin\.appium\node_modules\appium-uiautomator2-driver\lib\commands\viewport.js:61:27)
2025-11-15 17:57:36 - douyin_rpa - [ERROR] - logger.py:161 - error() - WebDriver滑动异常: Message: 'GET /window/current/size' cannot be proxied to UiAutomator2 server because the instrumentation process is not running (probably crashed). Check the server log and/or the logcat output for more details
Stacktrace:
UnknownError: 'GET /window/current/size' cannot be proxied to UiAutomator2 server because the instrumentation process is not running (probably crashed). Check the server log and/or the logcat output for more details
    at UIA2Proxy.command (C:\Users\admin\AppData\Roaming\npm\node_modules\appium\node_modules\@appium\base-driver\lib\jsonwp-proxy\proxy.js:332:13)
    at processTicksAndRejections (node:internal/process/task_queues:105:5)
    at AndroidUiautomator2Driver.getWindowSize (C:\Users\admin\.appium\node_modules\appium-uiautomator2-driver\lib\commands\viewport.js:90:5)
    at AndroidUiautomator2Driver.getWindowRect (C:\Users\admin\.appium\node_modules\appium-uiautomator2-driver\lib\commands\viewport.js:61:27)
2025-11-15 17:57:36 - douyin_rpa - [ERROR] - logger.py:161 - error() - WebDriver滑动异常: Message: 'GET /window/current/size' cannot be proxied to UiAutomator2 server because the instrumentation process is not running (probably crashed). Check the server log and/or the logcat output for more details
Stacktrace:
UnknownError: 'GET /window/current/size' cannot be proxied to UiAutomator2 server because the instrumentation process is not running (probably crashed). Check the server log and/or the logcat output for more details
    at UIA2Proxy.command (C:\Users\admin\AppData\Roaming\npm\node_modules\appium\node_modules\@appium\base-driver\lib\jsonwp-proxy\proxy.js:332:13)
    at processTicksAndRejections (node:internal/process/task_queues:105:5)
    at AndroidUiautomator2Driver.getWindowSize (C:\Users\admin\.appium\node_modules\appium-uiautomator2-driver\lib\commands\viewport.js:90:5)
    at AndroidUiautomator2Driver.getWindowRect (C:\Users\admin\.appium\node_modules\appium-uiautomator2-driver\lib\commands\viewport.js:61:27)
2025-11-15 17:57:36 - douyin_rpa - [ERROR] - logger.py:161 - error() - WebDriver滑动异常: Message: 'GET /window/current/size' cannot be proxied to UiAutomator2 server because the instrumentation process is not running (probably crashed). Check the server log and/or the logcat output for more details
Stacktrace:
UnknownError: 'GET /window/current/size' cannot be proxied to UiAutomator2 server because the instrumentation process is not running (probably crashed). Check the server log and/or the logcat output for more details
    at UIA2Proxy.command (C:\Users\admin\AppData\Roaming\npm\node_modules\appium\node_modules\@appium\base-driver\lib\jsonwp-proxy\proxy.js:332:13)
    at processTicksAndRejections (node:internal/process/task_queues:105:5)
    at AndroidUiautomator2Driver.getWindowSize (C:\Users\admin\.appium\node_modules\appium-uiautomator2-driver\lib\commands\viewport.js:90:5)
    at AndroidUiautomator2Driver.getWindowRect (C:\Users\admin\.appium\node_modules\appium-uiautomator2-driver\lib\commands\viewport.js:61:27)
2025-11-15 17:57:37 - douyin_rpa - [ERROR] - logger.py:161 - error() - WebDriver滑动异常: Message: 'GET /window/current/size' cannot be proxied to UiAutomator2 server because the instrumentation process is not running (probably crashed). Check the server log and/or the logcat output for more details
Stacktrace:
UnknownError: 'GET /window/current/size' cannot be proxied to UiAutomator2 server because the instrumentation process is not running (probably crashed). Check the server log and/or the logcat output for more details
    at UIA2Proxy.command (C:\Users\admin\AppData\Roaming\npm\node_modules\appium\node_modules\@appium\base-driver\lib\jsonwp-proxy\proxy.js:332:13)
    at processTicksAndRejections (node:internal/process/task_queues:105:5)
    at AndroidUiautomator2Driver.getWindowSize (C:\Users\admin\.appium\node_modules\appium-uiautomator2-driver\lib\commands\viewport.js:90:5)
    at AndroidUiautomator2Driver.getWindowRect (C:\Users\admin\.appium\node_modules\appium-uiautomator2-driver\lib\commands\viewport.js:61:27)
2025-11-15 17:57:37 - douyin_rpa - [ERROR] - logger.py:161 - error() - WebDriver滑动异常: Message: 'GET /window/current/size' cannot be proxied to UiAutomator2 server because the instrumentation process is not running (probably crashed). Check the server log and/or the logcat output for more details
Stacktrace:
UnknownError: 'GET /window/current/size' cannot be proxied to UiAutomator2 server because the instrumentation process is not running (probably crashed). Check the server log and/or the logcat output for more details
    at UIA2Proxy.command (C:\Users\admin\AppData\Roaming\npm\node_modules\appium\node_modules\@appium\base-driver\lib\jsonwp-proxy\proxy.js:332:13)
    at processTicksAndRejections (node:internal/process/task_queues:105:5)
    at AndroidUiautomator2Driver.getWindowSize (C:\Users\admin\.appium\node_modules\appium-uiautomator2-driver\lib\commands\viewport.js:90:5)
    at AndroidUiautomator2Driver.getWindowRect (C:\Users\admin\.appium\node_modules\appium-uiautomator2-driver\lib\commands\viewport.js:61:27)
2025-11-15 17:57:37 - douyin_rpa - [ERROR] - logger.py:161 - error() - WebDriver滑动异常: Message: 'GET /window/current/size' cannot be proxied to UiAutomator2 server because the instrumentation process is not running (probably crashed). Check the server log and/or the logcat output for more details
Stacktrace:
UnknownError: 'GET /window/current/size' cannot be proxied to UiAutomator2 server because the instrumentation process is not running (probably crashed). Check the server log and/or the logcat output for more details
    at UIA2Proxy.command (C:\Users\admin\AppData\Roaming\npm\node_modules\appium\node_modules\@appium\base-driver\lib\jsonwp-proxy\proxy.js:332:13)
    at processTicksAndRejections (node:internal/process/task_queues:105:5)
    at AndroidUiautomator2Driver.getWindowSize (C:\Users\admin\.appium\node_modules\appium-uiautomator2-driver\lib\commands\viewport.js:90:5)
    at AndroidUiautomator2Driver.getWindowRect (C:\Users\admin\.appium\node_modules\appium-uiautomator2-driver\lib\commands\viewport.js:61:27)
2025-11-15 17:57:37 - douyin_rpa - [ERROR] - logger.py:161 - error() - WebDriver滑动异常: Message: 'GET /window/current/size' cannot be proxied to UiAutomator2 server because the instrumentation process is not running (probably crashed). Check the server log and/or the logcat output for more details
Stacktrace:
UnknownError: 'GET /window/current/size' cannot be proxied to UiAutomator2 server because the instrumentation process is not running (probably crashed). Check the server log and/or the logcat output for more details
    at UIA2Proxy.command (C:\Users\admin\AppData\Roaming\npm\node_modules\appium\node_modules\@appium\base-driver\lib\jsonwp-proxy\proxy.js:332:13)
    at processTicksAndRejections (node:internal/process/task_queues:105:5)
    at AndroidUiautomator2Driver.getWindowSize (C:\Users\admin\.appium\node_modules\appium-uiautomator2-driver\lib\commands\viewport.js:90:5)
    at AndroidUiautomator2Driver.getWindowRect (C:\Users\admin\.appium\node_modules\appium-uiautomator2-driver\lib\commands\viewport.js:61:27)
2025-11-15 17:57:37 - douyin_rpa - [ERROR] - logger.py:161 - error() - WebDriver滑动异常: Message: 'GET /window/current/size' cannot be proxied to UiAutomator2 server because the instrumentation process is not running (probably crashed). Check the server log and/or the logcat output for more details
Stacktrace:
UnknownError: 'GET /window/current/size' cannot be proxied to UiAutomator2 server because the instrumentation process is not running (probably crashed). Check the server log and/or the logcat output for more details
    at UIA2Proxy.command (C:\Users\admin\AppData\Roaming\npm\node_modules\appium\node_modules\@appium\base-driver\lib\jsonwp-proxy\proxy.js:332:13)
    at processTicksAndRejections (node:internal/process/task_queues:105:5)
    at AndroidUiautomator2Driver.getWindowSize (C:\Users\admin\.appium\node_modules\appium-uiautomator2-driver\lib\commands\viewport.js:90:5)
    at AndroidUiautomator2Driver.getWindowRect (C:\Users\admin\.appium\node_modules\appium-uiautomator2-driver\lib\commands\viewport.js:61:27)
2025-11-15 17:57:37 - douyin_rpa - [ERROR] - logger.py:161 - error() - WebDriver滑动异常: Message: 'GET /window/current/size' cannot be proxied to UiAutomator2 server because the instrumentation process is not running (probably crashed). Check the server log and/or the logcat output for more details
Stacktrace:
UnknownError: 'GET /window/current/size' cannot be proxied to UiAutomator2 server because the instrumentation process is not running (probably crashed). Check the server log and/or the logcat output for more details
    at UIA2Proxy.command (C:\Users\admin\AppData\Roaming\npm\node_modules\appium\node_modules\@appium\base-driver\lib\jsonwp-proxy\proxy.js:332:13)
    at processTicksAndRejections (node:internal/process/task_queues:105:5)
    at AndroidUiautomator2Driver.getWindowSize (C:\Users\admin\.appium\node_modules\appium-uiautomator2-driver\lib\commands\viewport.js:90:5)
    at AndroidUiautomator2Driver.getWindowRect (C:\Users\admin\.appium\node_modules\appium-uiautomator2-driver\lib\commands\viewport.js:61:27)
2025-11-15 17:57:37 - douyin_rpa - [ERROR] - logger.py:161 - error() - WebDriver滑动异常: Message: 'GET /window/current/size' cannot be proxied to UiAutomator2 server because the instrumentation process is not running (probably crashed). Check the server log and/or the logcat output for more details
Stacktrace:
UnknownError: 'GET /window/current/size' cannot be proxied to UiAutomator2 server because the instrumentation process is not running (probably crashed). Check the server log and/or the logcat output for more details
    at UIA2Proxy.command (C:\Users\admin\AppData\Roaming\npm\node_modules\appium\node_modules\@appium\base-driver\lib\jsonwp-proxy\proxy.js:332:13)
    at processTicksAndRejections (node:internal/process/task_queues:105:5)
    at AndroidUiautomator2Driver.getWindowSize (C:\Users\admin\.appium\node_modules\appium-uiautomator2-driver\lib\commands\viewport.js:90:5)
    at AndroidUiautomator2Driver.getWindowRect (C:\Users\admin\.appium\node_modules\appium-uiautomator2-driver\lib\commands\viewport.js:61:27)
2025-11-15 17:57:37 - douyin_rpa - [ERROR] - logger.py:161 - error() - WebDriver滑动异常: Message: 'GET /window/current/size' cannot be proxied to UiAutomator2 server because the instrumentation process is not running (probably crashed). Check the server log and/or the logcat output for more details
Stacktrace:
UnknownError: 'GET /window/current/size' cannot be proxied to UiAutomator2 server because the instrumentation process is not running (probably crashed). Check the server log and/or the logcat output for more details
    at UIA2Proxy.command (C:\Users\admin\AppData\Roaming\npm\node_modules\appium\node_modules\@appium\base-driver\lib\jsonwp-proxy\proxy.js:332:13)
    at processTicksAndRejections (node:internal/process/task_queues:105:5)
    at AndroidUiautomator2Driver.getWindowSize (C:\Users\admin\.appium\node_modules\appium-uiautomator2-driver\lib\commands\viewport.js:90:5)
    at AndroidUiautomator2Driver.getWindowRect (C:\Users\admin\.appium\node_modules\appium-uiautomator2-driver\lib\commands\viewport.js:61:27)
2025-11-15 17:57:38 - douyin_rpa - [ERROR] - logger.py:161 - error() - WebDriver滑动异常: Message: 'GET /window/current/size' cannot be proxied to UiAutomator2 server because the instrumentation process is not running (probably crashed). Check the server log and/or the logcat output for more details
Stacktrace:
UnknownError: 'GET /window/current/size' cannot be proxied to UiAutomator2 server because the instrumentation process is not running (probably crashed). Check the server log and/or the logcat output for more details
    at UIA2Proxy.command (C:\Users\admin\AppData\Roaming\npm\node_modules\appium\node_modules\@appium\base-driver\lib\jsonwp-proxy\proxy.js:332:13)
    at processTicksAndRejections (node:internal/process/task_queues:105:5)
    at AndroidUiautomator2Driver.getWindowSize (C:\Users\admin\.appium\node_modules\appium-uiautomator2-driver\lib\commands\viewport.js:90:5)
    at AndroidUiautomator2Driver.getWindowRect (C:\Users\admin\.appium\node_modules\appium-uiautomator2-driver\lib\commands\viewport.js:61:27)
2025-11-15 17:57:38 - douyin_rpa - [ERROR] - logger.py:161 - error() - WebDriver滑动异常: Message: 'GET /window/current/size' cannot be proxied to UiAutomator2 server because the instrumentation process is not running (probably crashed). Check the server log and/or the logcat output for more details
Stacktrace:
UnknownError: 'GET /window/current/size' cannot be proxied to UiAutomator2 server because the instrumentation process is not running (probably crashed). Check the server log and/or the logcat output for more details
    at UIA2Proxy.command (C:\Users\admin\AppData\Roaming\npm\node_modules\appium\node_modules\@appium\base-driver\lib\jsonwp-proxy\proxy.js:332:13)
    at processTicksAndRejections (node:internal/process/task_queues:105:5)
    at AndroidUiautomator2Driver.getWindowSize (C:\Users\admin\.appium\node_modules\appium-uiautomator2-driver\lib\commands\viewport.js:90:5)
    at AndroidUiautomator2Driver.getWindowRect (C:\Users\admin\.appium\node_modules\appium-uiautomator2-driver\lib\commands\viewport.js:61:27)
2025-11-15 17:57:46 - douyin_rpa - [ERROR] - logger.py:161 - error() - WebDriver滑动异常: Message: 'GET /window/current/size' cannot be proxied to UiAutomator2 server because the instrumentation process is not running (probably crashed). Check the server log and/or the logcat output for more details
Stacktrace:
UnknownError: 'GET /window/current/size' cannot be proxied to UiAutomator2 server because the instrumentation process is not running (probably crashed). Check the server log and/or the logcat output for more details
    at UIA2Proxy.command (C:\Users\admin\AppData\Roaming\npm\node_modules\appium\node_modules\@appium\base-driver\lib\jsonwp-proxy\proxy.js:332:13)
    at processTicksAndRejections (node:internal/process/task_queues:105:5)
    at AndroidUiautomator2Driver.getWindowSize (C:\Users\admin\.appium\node_modules\appium-uiautomator2-driver\lib\commands\viewport.js:90:5)
    at AndroidUiautomator2Driver.getWindowRect (C:\Users\admin\.appium\node_modules\appium-uiautomator2-driver\lib\commands\viewport.js:61:27)
2025-11-15 17:57:46 - douyin_rpa - [ERROR] - logger.py:161 - error() - WebDriver滑动异常: Message: 'GET /window/current/size' cannot be proxied to UiAutomator2 server because the instrumentation process is not running (probably crashed). Check the server log and/or the logcat output for more details
Stacktrace:
UnknownError: 'GET /window/current/size' cannot be proxied to UiAutomator2 server because the instrumentation process is not running (probably crashed). Check the server log and/or the logcat output for more details
    at UIA2Proxy.command (C:\Users\admin\AppData\Roaming\npm\node_modules\appium\node_modules\@appium\base-driver\lib\jsonwp-proxy\proxy.js:332:13)
    at processTicksAndRejections (node:internal/process/task_queues:105:5)
    at AndroidUiautomator2Driver.getWindowSize (C:\Users\admin\.appium\node_modules\appium-uiautomator2-driver\lib\commands\viewport.js:90:5)
    at AndroidUiautomator2Driver.getWindowRect (C:\Users\admin\.appium\node_modules\appium-uiautomator2-driver\lib\commands\viewport.js:61:27)
2025-11-15 17:57:46 - douyin_rpa - [ERROR] - logger.py:161 - error() - WebDriver滑动异常: Message: 'GET /window/current/size' cannot be proxied to UiAutomator2 server because the instrumentation process is not running (probably crashed). Check the server log and/or the logcat output for more details
Stacktrace:
UnknownError: 'GET /window/current/size' cannot be proxied to UiAutomator2 server because the instrumentation process is not running (probably crashed). Check the server log and/or the logcat output for more details
    at UIA2Proxy.command (C:\Users\admin\AppData\Roaming\npm\node_modules\appium\node_modules\@appium\base-driver\lib\jsonwp-proxy\proxy.js:332:13)
    at processTicksAndRejections (node:internal/process/task_queues:105:5)
    at AndroidUiautomator2Driver.getWindowSize (C:\Users\admin\.appium\node_modules\appium-uiautomator2-driver\lib\commands\viewport.js:90:5)
    at AndroidUiautomator2Driver.getWindowRect (C:\Users\admin\.appium\node_modules\appium-uiautomator2-driver\lib\commands\viewport.js:61:27)
2025-11-15 17:57:46 - douyin_rpa - [ERROR] - logger.py:161 - error() - WebDriver滑动异常: Message: 'GET /window/current/size' cannot be proxied to UiAutomator2 server because the instrumentation process is not running (probably crashed). Check the server log and/or the logcat output for more details
Stacktrace:
UnknownError: 'GET /window/current/size' cannot be proxied to UiAutomator2 server because the instrumentation process is not running (probably crashed). Check the server log and/or the logcat output for more details
    at UIA2Proxy.command (C:\Users\admin\AppData\Roaming\npm\node_modules\appium\node_modules\@appium\base-driver\lib\jsonwp-proxy\proxy.js:332:13)
    at processTicksAndRejections (node:internal/process/task_queues:105:5)
    at AndroidUiautomator2Driver.getWindowSize (C:\Users\admin\.appium\node_modules\appium-uiautomator2-driver\lib\commands\viewport.js:90:5)
    at AndroidUiautomator2Driver.getWindowRect (C:\Users\admin\.appium\node_modules\appium-uiautomator2-driver\lib\commands\viewport.js:61:27)
2025-11-15 17:57:47 - douyin_rpa - [ERROR] - logger.py:161 - error() - WebDriver滑动异常: Message: 'GET /window/current/size' cannot be proxied to UiAutomator2 server because the instrumentation process is not running (probably crashed). Check the server log and/or the logcat output for more details
Stacktrace:
UnknownError: 'GET /window/current/size' cannot be proxied to UiAutomator2 server because the instrumentation process is not running (probably crashed). Check the server log and/or the logcat output for more details
    at UIA2Proxy.command (C:\Users\admin\AppData\Roaming\npm\node_modules\appium\node_modules\@appium\base-driver\lib\jsonwp-proxy\proxy.js:332:13)
    at processTicksAndRejections (node:internal/process/task_queues:105:5)
    at AndroidUiautomator2Driver.getWindowSize (C:\Users\admin\.appium\node_modules\appium-uiautomator2-driver\lib\commands\viewport.js:90:5)
    at AndroidUiautomator2Driver.getWindowRect (C:\Users\admin\.appium\node_modules\appium-uiautomator2-driver\lib\commands\viewport.js:61:27)
2025-11-15 17:57:47 - douyin_rpa - [ERROR] - logger.py:161 - error() - WebDriver滑动异常: Message: 'GET /window/current/size' cannot be proxied to UiAutomator2 server because the instrumentation process is not running (probably crashed). Check the server log and/or the logcat output for more details
Stacktrace:
UnknownError: 'GET /window/current/size' cannot be proxied to UiAutomator2 server because the instrumentation process is not running (probably crashed). Check the server log and/or the logcat output for more details
    at UIA2Proxy.command (C:\Users\admin\AppData\Roaming\npm\node_modules\appium\node_modules\@appium\base-driver\lib\jsonwp-proxy\proxy.js:332:13)
    at processTicksAndRejections (node:internal/process/task_queues:105:5)
    at AndroidUiautomator2Driver.getWindowSize (C:\Users\admin\.appium\node_modules\appium-uiautomator2-driver\lib\commands\viewport.js:90:5)
    at AndroidUiautomator2Driver.getWindowRect (C:\Users\admin\.appium\node_modules\appium-uiautomator2-driver\lib\commands\viewport.js:61:27)
2025-11-15 17:57:47 - douyin_rpa - [ERROR] - logger.py:161 - error() - WebDriver滑动异常: Message: 'GET /window/current/size' cannot be proxied to UiAutomator2 server because the instrumentation process is not running (probably crashed). Check the server log and/or the logcat output for more details
Stacktrace:
UnknownError: 'GET /window/current/size' cannot be proxied to UiAutomator2 server because the instrumentation process is not running (probably crashed). Check the server log and/or the logcat output for more details
    at UIA2Proxy.command (C:\Users\admin\AppData\Roaming\npm\node_modules\appium\node_modules\@appium\base-driver\lib\jsonwp-proxy\proxy.js:332:13)
    at processTicksAndRejections (node:internal/process/task_queues:105:5)
    at AndroidUiautomator2Driver.getWindowSize (C:\Users\admin\.appium\node_modules\appium-uiautomator2-driver\lib\commands\viewport.js:90:5)
    at AndroidUiautomator2Driver.getWindowRect (C:\Users\admin\.appium\node_modules\appium-uiautomator2-driver\lib\commands\viewport.js:61:27)
2025-11-15 17:57:47 - douyin_rpa - [ERROR] - logger.py:161 - error() - WebDriver滑动异常: Message: 'GET /window/current/size' cannot be proxied to UiAutomator2 server because the instrumentation process is not running (probably crashed). Check the server log and/or the logcat output for more details
Stacktrace:
UnknownError: 'GET /window/current/size' cannot be proxied to UiAutomator2 server because the instrumentation process is not running (probably crashed). Check the server log and/or the logcat output for more details
    at UIA2Proxy.command (C:\Users\admin\AppData\Roaming\npm\node_modules\appium\node_modules\@appium\base-driver\lib\jsonwp-proxy\proxy.js:332:13)
    at processTicksAndRejections (node:internal/process/task_queues:105:5)
    at AndroidUiautomator2Driver.getWindowSize (C:\Users\admin\.appium\node_modules\appium-uiautomator2-driver\lib\commands\viewport.js:90:5)
    at AndroidUiautomator2Driver.getWindowRect (C:\Users\admin\.appium\node_modules\appium-uiautomator2-driver\lib\commands\viewport.js:61:27)
2025-11-15 17:57:47 - douyin_rpa - [ERROR] - logger.py:161 - error() - WebDriver滑动异常: Message: 'GET /window/current/size' cannot be proxied to UiAutomator2 server because the instrumentation process is not running (probably crashed). Check the server log and/or the logcat output for more details
Stacktrace:
UnknownError: 'GET /window/current/size' cannot be proxied to UiAutomator2 server because the instrumentation process is not running (probably crashed). Check the server log and/or the logcat output for more details
    at UIA2Proxy.command (C:\Users\admin\AppData\Roaming\npm\node_modules\appium\node_modules\@appium\base-driver\lib\jsonwp-proxy\proxy.js:332:13)
    at processTicksAndRejections (node:internal/process/task_queues:105:5)
    at AndroidUiautomator2Driver.getWindowSize (C:\Users\admin\.appium\node_modules\appium-uiautomator2-driver\lib\commands\viewport.js:90:5)
    at AndroidUiautomator2Driver.getWindowRect (C:\Users\admin\.appium\node_modules\appium-uiautomator2-driver\lib\commands\viewport.js:61:27)
2025-11-15 17:57:47 - douyin_rpa - [ERROR] - logger.py:161 - error() - WebDriver滑动异常: Message: 'GET /window/current/size' cannot be proxied to UiAutomator2 server because the instrumentation process is not running (probably crashed). Check the server log and/or the logcat output for more details
Stacktrace:
UnknownError: 'GET /window/current/size' cannot be proxied to UiAutomator2 server because the instrumentation process is not running (probably crashed). Check the server log and/or the logcat output for more details
    at UIA2Proxy.command (C:\Users\admin\AppData\Roaming\npm\node_modules\appium\node_modules\@appium\base-driver\lib\jsonwp-proxy\proxy.js:332:13)
    at processTicksAndRejections (node:internal/process/task_queues:105:5)
    at AndroidUiautomator2Driver.getWindowSize (C:\Users\admin\.appium\node_modules\appium-uiautomator2-driver\lib\commands\viewport.js:90:5)
    at AndroidUiautomator2Driver.getWindowRect (C:\Users\admin\.appium\node_modules\appium-uiautomator2-driver\lib\commands\viewport.js:61:27)
2025-11-15 17:57:47 - douyin_rpa - [ERROR] - logger.py:161 - error() - WebDriver滑动异常: Message: 'GET /window/current/size' cannot be proxied to UiAutomator2 server because the instrumentation process is not running (probably crashed). Check the server log and/or the logcat output for more details
Stacktrace:
UnknownError: 'GET /window/current/size' cannot be proxied to UiAutomator2 server because the instrumentation process is not running (probably crashed). Check the server log and/or the logcat output for more details
    at UIA2Proxy.command (C:\Users\admin\AppData\Roaming\npm\node_modules\appium\node_modules\@appium\base-driver\lib\jsonwp-proxy\proxy.js:332:13)
    at processTicksAndRejections (node:internal/process/task_queues:105:5)
    at AndroidUiautomator2Driver.getWindowSize (C:\Users\admin\.appium\node_modules\appium-uiautomator2-driver\lib\commands\viewport.js:90:5)
    at AndroidUiautomator2Driver.getWindowRect (C:\Users\admin\.appium\node_modules\appium-uiautomator2-driver\lib\commands\viewport.js:61:27)
2025-11-15 17:57:47 - douyin_rpa - [ERROR] - logger.py:161 - error() - WebDriver滑动异常: Message: 'GET /window/current/size' cannot be proxied to UiAutomator2 server because the instrumentation process is not running (probably crashed). Check the server log and/or the logcat output for more details
Stacktrace:
UnknownError: 'GET /window/current/size' cannot be proxied to UiAutomator2 server because the instrumentation process is not running (probably crashed). Check the server log and/or the logcat output for more details
    at UIA2Proxy.command (C:\Users\admin\AppData\Roaming\npm\node_modules\appium\node_modules\@appium\base-driver\lib\jsonwp-proxy\proxy.js:332:13)
    at processTicksAndRejections (node:internal/process/task_queues:105:5)
    at AndroidUiautomator2Driver.getWindowSize (C:\Users\admin\.appium\node_modules\appium-uiautomator2-driver\lib\commands\viewport.js:90:5)
    at AndroidUiautomator2Driver.getWindowRect (C:\Users\admin\.appium\node_modules\appium-uiautomator2-driver\lib\commands\viewport.js:61:27)
2025-11-15 17:57:48 - douyin_rpa - [ERROR] - logger.py:161 - error() - WebDriver滑动异常: Message: 'GET /window/current/size' cannot be proxied to UiAutomator2 server because the instrumentation process is not running (probably crashed). Check the server log and/or the logcat output for more details
Stacktrace:
UnknownError: 'GET /window/current/size' cannot be proxied to UiAutomator2 server because the instrumentation process is not running (probably crashed). Check the server log and/or the logcat output for more details
    at UIA2Proxy.command (C:\Users\admin\AppData\Roaming\npm\node_modules\appium\node_modules\@appium\base-driver\lib\jsonwp-proxy\proxy.js:332:13)
    at processTicksAndRejections (node:internal/process/task_queues:105:5)
    at AndroidUiautomator2Driver.getWindowSize (C:\Users\admin\.appium\node_modules\appium-uiautomator2-driver\lib\commands\viewport.js:90:5)
    at AndroidUiautomator2Driver.getWindowRect (C:\Users\admin\.appium\node_modules\appium-uiautomator2-driver\lib\commands\viewport.js:61:27)
2025-11-15 17:57:48 - douyin_rpa - [ERROR] - logger.py:161 - error() - WebDriver滑动异常: Message: 'GET /window/current/size' cannot be proxied to UiAutomator2 server because the instrumentation process is not running (probably crashed). Check the server log and/or the logcat output for more details
Stacktrace:
UnknownError: 'GET /window/current/size' cannot be proxied to UiAutomator2 server because the instrumentation process is not running (probably crashed). Check the server log and/or the logcat output for more details
    at UIA2Proxy.command (C:\Users\admin\AppData\Roaming\npm\node_modules\appium\node_modules\@appium\base-driver\lib\jsonwp-proxy\proxy.js:332:13)
    at processTicksAndRejections (node:internal/process/task_queues:105:5)
    at AndroidUiautomator2Driver.getWindowSize (C:\Users\admin\.appium\node_modules\appium-uiautomator2-driver\lib\commands\viewport.js:90:5)
    at AndroidUiautomator2Driver.getWindowRect (C:\Users\admin\.appium\node_modules\appium-uiautomator2-driver\lib\commands\viewport.js:61:27)
2025-11-15 17:57:48 - douyin_rpa - [ERROR] - logger.py:161 - error() - WebDriver滑动异常: Message: 'GET /window/current/size' cannot be proxied to UiAutomator2 server because the instrumentation process is not running (probably crashed). Check the server log and/or the logcat output for more details
Stacktrace:
UnknownError: 'GET /window/current/size' cannot be proxied to UiAutomator2 server because the instrumentation process is not running (probably crashed). Check the server log and/or the logcat output for more details
    at UIA2Proxy.command (C:\Users\admin\AppData\Roaming\npm\node_modules\appium\node_modules\@appium\base-driver\lib\jsonwp-proxy\proxy.js:332:13)
    at processTicksAndRejections (node:internal/process/task_queues:105:5)
    at AndroidUiautomator2Driver.getWindowSize (C:\Users\admin\.appium\node_modules\appium-uiautomator2-driver\lib\commands\viewport.js:90:5)
    at AndroidUiautomator2Driver.getWindowRect (C:\Users\admin\.appium\node_modules\appium-uiautomator2-driver\lib\commands\viewport.js:61:27)
2025-11-15 17:57:48 - douyin_rpa - [ERROR] - logger.py:161 - error() - WebDriver滑动异常: Message: 'GET /window/current/size' cannot be proxied to UiAutomator2 server because the instrumentation process is not running (probably crashed). Check the server log and/or the logcat output for more details
Stacktrace:
UnknownError: 'GET /window/current/size' cannot be proxied to UiAutomator2 server because the instrumentation process is not running (probably crashed). Check the server log and/or the logcat output for more details
    at UIA2Proxy.command (C:\Users\admin\AppData\Roaming\npm\node_modules\appium\node_modules\@appium\base-driver\lib\jsonwp-proxy\proxy.js:332:13)
    at processTicksAndRejections (node:internal/process/task_queues:105:5)
    at AndroidUiautomator2Driver.getWindowSize (C:\Users\admin\.appium\node_modules\appium-uiautomator2-driver\lib\commands\viewport.js:90:5)
    at AndroidUiautomator2Driver.getWindowRect (C:\Users\admin\.appium\node_modules\appium-uiautomator2-driver\lib\commands\viewport.js:61:27)
2025-11-15 17:57:48 - douyin_rpa - [ERROR] - logger.py:161 - error() - WebDriver滑动异常: Message: 'GET /window/current/size' cannot be proxied to UiAutomator2 server because the instrumentation process is not running (probably crashed). Check the server log and/or the logcat output for more details
Stacktrace:
UnknownError: 'GET /window/current/size' cannot be proxied to UiAutomator2 server because the instrumentation process is not running (probably crashed). Check the server log and/or the logcat output for more details
    at UIA2Proxy.command (C:\Users\admin\AppData\Roaming\npm\node_modules\appium\node_modules\@appium\base-driver\lib\jsonwp-proxy\proxy.js:332:13)
    at processTicksAndRejections (node:internal/process/task_queues:105:5)
    at AndroidUiautomator2Driver.getWindowSize (C:\Users\admin\.appium\node_modules\appium-uiautomator2-driver\lib\commands\viewport.js:90:5)
    at AndroidUiautomator2Driver.getWindowRect (C:\Users\admin\.appium\node_modules\appium-uiautomator2-driver\lib\commands\viewport.js:61:27)
2025-11-15 17:57:48 - douyin_rpa - [ERROR] - logger.py:161 - error() - WebDriver滑动异常: Message: 'GET /window/current/size' cannot be proxied to UiAutomator2 server because the instrumentation process is not running (probably crashed). Check the server log and/or the logcat output for more details
Stacktrace:
UnknownError: 'GET /window/current/size' cannot be proxied to UiAutomator2 server because the instrumentation process is not running (probably crashed). Check the server log and/or the logcat output for more details
    at UIA2Proxy.command (C:\Users\admin\AppData\Roaming\npm\node_modules\appium\node_modules\@appium\base-driver\lib\jsonwp-proxy\proxy.js:332:13)
    at processTicksAndRejections (node:internal/process/task_queues:105:5)
    at AndroidUiautomator2Driver.getWindowSize (C:\Users\admin\.appium\node_modules\appium-uiautomator2-driver\lib\commands\viewport.js:90:5)
    at AndroidUiautomator2Driver.getWindowRect (C:\Users\admin\.appium\node_modules\appium-uiautomator2-driver\lib\commands\viewport.js:61:27)
2025-11-15 17:57:49 - douyin_rpa - [ERROR] - logger.py:161 - error() - WebDriver滑动异常: Message: 'GET /window/current/size' cannot be proxied to UiAutomator2 server because the instrumentation process is not running (probably crashed). Check the server log and/or the logcat output for more details
Stacktrace:
UnknownError: 'GET /window/current/size' cannot be proxied to UiAutomator2 server because the instrumentation process is not running (probably crashed). Check the server log and/or the logcat output for more details
    at UIA2Proxy.command (C:\Users\admin\AppData\Roaming\npm\node_modules\appium\node_modules\@appium\base-driver\lib\jsonwp-proxy\proxy.js:332:13)
    at processTicksAndRejections (node:internal/process/task_queues:105:5)
    at AndroidUiautomator2Driver.getWindowSize (C:\Users\admin\.appium\node_modules\appium-uiautomator2-driver\lib\commands\viewport.js:90:5)
    at AndroidUiautomator2Driver.getWindowRect (C:\Users\admin\.appium\node_modules\appium-uiautomator2-driver\lib\commands\viewport.js:61:27)
2025-11-15 17:57:49 - douyin_rpa - [ERROR] - logger.py:161 - error() - WebDriver滑动异常: Message: 'GET /window/current/size' cannot be proxied to UiAutomator2 server because the instrumentation process is not running (probably crashed). Check the server log and/or the logcat output for more details
Stacktrace:
UnknownError: 'GET /window/current/size' cannot be proxied to UiAutomator2 server because the instrumentation process is not running (probably crashed). Check the server log and/or the logcat output for more details
    at UIA2Proxy.command (C:\Users\admin\AppData\Roaming\npm\node_modules\appium\node_modules\@appium\base-driver\lib\jsonwp-proxy\proxy.js:332:13)
    at processTicksAndRejections (node:internal/process/task_queues:105:5)
    at AndroidUiautomator2Driver.getWindowSize (C:\Users\admin\.appium\node_modules\appium-uiautomator2-driver\lib\commands\viewport.js:90:5)
    at AndroidUiautomator2Driver.getWindowRect (C:\Users\admin\.appium\node_modules\appium-uiautomator2-driver\lib\commands\viewport.js:61:27)
2025-11-15 17:58:40 - douyin_rpa - [INFO] - logger.py:73 - __init__() - 日志系统初始化完成: douyin_rpa
2025-11-15 17:58:40 - douyin_rpa - [INFO] - logger.py:153 - info() - ╔==============================================================================╗
2025-11-15 17:58:40 - douyin_rpa - [INFO] - logger.py:153 - info() - ║                         程序启动                         ║
2025-11-15 17:58:40 - douyin_rpa - [INFO] - logger.py:153 - info() - ╚==============================================================================╝
2025-11-15 17:58:40 - douyin_rpa - [INFO] - logger.py:153 - info() - 启动时间: 2025-11-15 17:58:40
2025-11-15 17:58:40 - douyin_rpa - [INFO] - logger.py:153 - info() - Python版本: 3.11.9 (tags/v3.11.9:de54cf5, Apr  2 2024, 10:12:12) [MSC v.1938 64 bit (AMD64)]
2025-11-15 17:58:40 - douyin_rpa - [INFO] - logger.py:153 - info() - 工作目录: C:\Users\admin\Desktop\onebutton\douyin—autoclient
2025-11-15 17:58:40 - douyin_rpa - [INFO] - logger.py:153 - info() - 脚本路径: C:\Users\admin\Desktop\onebutton\douyin—autoclient\src\main.py
2025-11-15 17:58:40 - douyin_rpa - [INFO] - logger.py:153 - info() - ================================================================================
2025-11-15 17:58:40 - douyin_rpa - [INFO] - logger.py:153 - info() - DouyinRPA实例初始化 - 时间: 2025-11-15 17:58:40
2025-11-15 17:58:40 - douyin_rpa - [INFO] - logger.py:153 - info() - ================================================================================
2025-11-15 17:58:40 - douyin_rpa - [INFO] - logger.py:153 - info() - 解析命令行参数...
2025-11-15 17:58:40 - douyin_rpa - [INFO] - logger.py:153 - info() - 命令行参数: {'auto_accept': True, 'auto_start': False, 'check_only': False, 'config': None, 'export_data': False}
2025-11-15 17:58:40 - douyin_rpa - [INFO] - logger.py:153 - info() - 显示启动横幅
2025-11-15 17:58:40 - douyin_rpa - [INFO] - logger.py:153 - info() - 开始合规性检查
2025-11-15 17:58:40 - douyin_rpa - [INFO] - logger.py:153 - info() - 用户通过--auto-accept参数自动接受协议
2025-11-15 17:58:40 - douyin_rpa - [INFO] - logger.py:153 - info() - ============================================================
2025-11-15 17:58:40 - douyin_rpa - [INFO] - logger.py:153 - info() - 开始环境检查
2025-11-15 17:58:40 - douyin_rpa - [INFO] - logger.py:153 - info() - ============================================================
2025-11-15 17:58:40 - douyin_rpa - [INFO] - logger.py:153 - info() - 检查Python版本: 3.11.9
2025-11-15 17:58:40 - douyin_rpa - [INFO] - logger.py:153 - info() - ✅ Python版本检查通过: 3.11.9
2025-11-15 17:58:40 - douyin_rpa - [INFO] - logger.py:153 - info() - 检查必要文件...
2025-11-15 17:58:40 - douyin_rpa - [INFO] - logger.py:153 - info() - ✅ 必要文件检查通过
2025-11-15 17:58:40 - douyin_rpa - [INFO] - logger.py:153 - info() - 检查ADB设备连接...
2025-11-15 17:58:41 - douyin_rpa - [INFO] - logger.py:153 - info() - ✅ Android设备连接正常
2025-11-15 17:58:41 - douyin_rpa - [INFO] - logger.py:153 - info() - 检查Appium Server状态...
2025-11-15 17:58:41 - douyin_rpa - [INFO] - logger.py:153 - info() - ✅ Appium Server运行正常
2025-11-15 17:58:41 - douyin_rpa - [INFO] - logger.py:153 - info() - ✅ 必要目录已创建
2025-11-15 17:58:41 - douyin_rpa - [INFO] - logger.py:153 - info() - ============================================================
2025-11-15 17:58:41 - douyin_rpa - [INFO] - logger.py:153 - info() - ✅ 环境检查全部通过
2025-11-15 17:58:41 - douyin_rpa - [INFO] - logger.py:153 - info() - ============================================================
2025-11-15 17:58:41 - douyin_rpa - [INFO] - logger.py:153 - info() - ============================================================
2025-11-15 17:58:41 - douyin_rpa - [INFO] - logger.py:153 - info() - 开始初始化组件
2025-11-15 17:58:41 - douyin_rpa - [INFO] - logger.py:153 - info() - ============================================================
2025-11-15 17:58:41 - douyin_rpa - [INFO] - logger.py:153 - info() - 开始连接Appium...
2025-11-15 17:58:44 - douyin_rpa - [INFO] - logger.py:153 - info() - ✅ Appium连接成功
2025-11-15 17:58:44 - douyin_rpa - [INFO] - logger.py:153 - info() - 初始化统计器...
2025-11-15 17:58:44 - douyin_rpa - [INFO] - logger.py:153 - info() - ✅ 统计器初始化完成
2025-11-15 17:58:44 - douyin_rpa - [INFO] - logger.py:153 - info() - 初始化任务管理器...
2025-11-15 17:58:44 - douyin_rpa - [INFO] - logger.py:153 - info() - ✅ 任务管理器初始化完成
2025-11-15 17:58:44 - douyin_rpa - [INFO] - logger.py:153 - info() - ============================================================
2025-11-15 17:58:44 - douyin_rpa - [INFO] - logger.py:153 - info() - ✅ 所有组件初始化完成
2025-11-15 17:58:44 - douyin_rpa - [INFO] - logger.py:153 - info() - ============================================================
2025-11-15 17:58:44 - douyin_rpa - [INFO] - logger.py:153 - info() - 设置信号处理器...
2025-11-15 17:58:44 - douyin_rpa - [INFO] - logger.py:153 - info() - ✅ 信号处理器设置完成
2025-11-15 17:58:44 - douyin_rpa - [INFO] - logger.py:153 - info() - ================================================================================
2025-11-15 17:58:44 - douyin_rpa - [INFO] - logger.py:153 - info() - 开始运行RPA主任务
2025-11-15 17:58:44 - douyin_rpa - [INFO] - logger.py:153 - info() - ================================================================================
2025-11-15 17:58:44 - douyin_rpa - [INFO] - logger.py:153 - info() - RPA任务提示信息已显示
2025-11-15 17:58:44 - douyin_rpa - [INFO] - logger.py:153 - info() - 开始执行任务管理器主循环...
2025-11-15 17:58:53 - douyin_rpa - [WARNING] - logger.py:157 - warning() - 元素未找到: id = com.ss.android.ugc.aweme:id/q7
2025-11-15 17:58:56 - douyin_rpa - [WARNING] - logger.py:157 - warning() - 元素未找到: id = com.ss.android.ugc.aweme:id/arh
2025-11-15 17:58:58 - douyin_rpa - [WARNING] - logger.py:157 - warning() - 元素未找到: id = com.android.packageinstaller:id/permission_allow_button
2025-11-15 17:59:03 - douyin_rpa - [WARNING] - logger.py:157 - warning() - 元素未找到: xpath = //android.widget.TextView[@text='拒绝']
2025-11-15 17:59:08 - douyin_rpa - [WARNING] - logger.py:157 - warning() - 元素未找到: xpath = //android.widget.TextView[@text='暂不开启']
2025-11-15 17:59:12 - douyin_rpa - [WARNING] - logger.py:157 - warning() - 元素未找到: xpath = //android.widget.TextView[@text='残忍拒绝']
2025-11-15 17:59:14 - douyin_rpa - [WARNING] - logger.py:157 - warning() - 元素未找到: xpath = //android.widget.ImageView[@content-desc='关闭']
2025-11-15 17:59:17 - douyin_rpa - [WARNING] - logger.py:157 - warning() - 元素未找到: xpath = //android.widget.Button[@text='我知道了']
2025-11-15 17:59:21 - douyin_rpa - [WARNING] - logger.py:157 - warning() - 元素未找到: xpath = //android.widget.TextView[@text='稍后']
2025-11-15 17:59:23 - douyin_rpa - [WARNING] - logger.py:157 - warning() - 元素未找到: xpath = //android.widget.TextView[@text='点击进入直播间']
2025-11-15 17:59:24 - douyin_rpa - [WARNING] - logger.py:157 - warning() - 元素未找到: xpath = //android.widget.Button[@text='点击进入直播间']
2025-11-15 17:59:26 - douyin_rpa - [WARNING] - logger.py:157 - warning() - 元素未找到: xpath = //android.widget.TextView[contains(@text, '进入直播间')]
2025-11-15 17:59:27 - douyin_rpa - [WARNING] - logger.py:157 - warning() - 元素未找到: xpath = //android.widget.Button[contains(@text, '进入直播间')]
2025-11-15 17:59:29 - douyin_rpa - [WARNING] - logger.py:157 - warning() - 元素未找到: xpath = //android.widget.TextView[@content-desc='点击进入直播间']
2025-11-15 17:59:31 - douyin_rpa - [WARNING] - logger.py:157 - warning() - 元素未找到: xpath = //android.widget.TextView[@text='广告']
2025-11-15 17:59:34 - douyin_rpa - [WARNING] - logger.py:157 - warning() - 元素未找到: xpath = //android.widget.TextView[contains(@text, '广告')]
2025-11-15 17:59:36 - douyin_rpa - [WARNING] - logger.py:157 - warning() - 元素未找到: xpath = //android.widget.TextView[@content-desc='广告']
2025-11-15 17:59:38 - douyin_rpa - [WARNING] - logger.py:157 - warning() - 元素未找到: xpath = //android.widget.TextView[contains(@text, '购物车')]
2025-11-15 17:59:39 - douyin_rpa - [WARNING] - logger.py:157 - warning() - 元素未找到: xpath = //android.widget.ImageView[@content-desc='购物车']
2025-11-15 17:59:41 - douyin_rpa - [WARNING] - logger.py:157 - warning() - 元素未找到: xpath = //android.widget.TextView[contains(@text, '商品')]
2025-11-15 17:59:45 - douyin_rpa - [WARNING] - logger.py:157 - warning() - 元素未找到: xpath = //android.widget.TextView[contains(@text, '立即购买')]
2025-11-15 17:59:47 - douyin_rpa - [WARNING] - logger.py:157 - warning() - 元素未找到: xpath = //android.widget.TextView[contains(@text, '看相似')]
2025-11-15 17:59:49 - douyin_rpa - [WARNING] - logger.py:157 - warning() - 元素未找到: xpath = //android.widget.TextView[contains(@text, '挂车')]
2025-11-15 17:59:51 - douyin_rpa - [WARNING] - logger.py:157 - warning() - 元素未找到: id = com.ss.android.ugc.aweme:id/f_u
2025-11-15 17:59:53 - douyin_rpa - [WARNING] - logger.py:157 - warning() - 元素未找到: xpath = //android.widget.LinearLayout[contains(@content-desc, '点赞')]
2025-11-15 17:59:55 - douyin_rpa - [WARNING] - logger.py:157 - warning() - 元素未找到: xpath = //android.widget.LinearLayout[contains(@content-desc, '喜欢')]
2025-11-15 17:59:56 - douyin_rpa - [WARNING] - logger.py:157 - warning() - 元素未找到: id = com.ss.android.ugc.aweme:id/eiz
2025-11-15 17:59:58 - douyin_rpa - [WARNING] - logger.py:157 - warning() - 元素未找到: xpath = //android.widget.LinearLayout[contains(@content-desc, '评论')]
2025-11-15 17:59:59 - douyin_rpa - [INFO] - logger.py:153 - info() - 📱 高级轨迹滑动: 点数=19, 时长=531ms
2025-11-15 18:00:03 - douyin_rpa - [WARNING] - logger.py:157 - warning() - 元素未找到: id = com.ss.android.ugc.aweme:id/q7
2025-11-15 18:00:06 - douyin_rpa - [WARNING] - logger.py:157 - warning() - 元素未找到: id = com.ss.android.ugc.aweme:id/arh
2025-11-15 18:00:08 - douyin_rpa - [WARNING] - logger.py:157 - warning() - 元素未找到: id = com.android.packageinstaller:id/permission_allow_button
2025-11-15 18:00:13 - douyin_rpa - [WARNING] - logger.py:157 - warning() - 元素未找到: xpath = //android.widget.TextView[@text='拒绝']
2025-11-15 18:00:17 - douyin_rpa - [WARNING] - logger.py:157 - warning() - 元素未找到: xpath = //android.widget.TextView[@text='暂不开启']
2025-11-15 18:00:21 - douyin_rpa - [WARNING] - logger.py:157 - warning() - 元素未找到: xpath = //android.widget.TextView[@text='残忍拒绝']
2025-11-15 18:00:23 - douyin_rpa - [WARNING] - logger.py:157 - warning() - 元素未找到: xpath = //android.widget.ImageView[@content-desc='关闭']
2025-11-15 18:00:26 - douyin_rpa - [WARNING] - logger.py:157 - warning() - 元素未找到: xpath = //android.widget.Button[@text='我知道了']
2025-11-15 18:00:30 - douyin_rpa - [WARNING] - logger.py:157 - warning() - 元素未找到: xpath = //android.widget.TextView[@text='稍后']
2025-11-15 18:00:32 - douyin_rpa - [WARNING] - logger.py:157 - warning() - 元素未找到: xpath = //android.widget.TextView[@text='点击进入直播间']
2025-11-15 18:00:33 - douyin_rpa - [WARNING] - logger.py:157 - warning() - 元素未找到: xpath = //android.widget.Button[@text='点击进入直播间']
2025-11-15 18:00:36 - douyin_rpa - [WARNING] - logger.py:157 - warning() - 元素未找到: xpath = //android.widget.TextView[contains(@text, '进入直播间')]
2025-11-15 18:00:37 - douyin_rpa - [WARNING] - logger.py:157 - warning() - 元素未找到: xpath = //android.widget.Button[contains(@text, '进入直播间')]
2025-11-15 18:00:39 - douyin_rpa - [WARNING] - logger.py:157 - warning() - 元素未找到: xpath = //android.widget.TextView[@content-desc='点击进入直播间']
2025-11-15 18:00:42 - douyin_rpa - [WARNING] - logger.py:157 - warning() - 元素未找到: xpath = //android.widget.TextView[@text='广告']
2025-11-15 18:00:44 - douyin_rpa - [WARNING] - logger.py:157 - warning() - 元素未找到: xpath = //android.widget.TextView[contains(@text, '广告')]
2025-11-15 18:00:47 - douyin_rpa - [WARNING] - logger.py:157 - warning() - 元素未找到: xpath = //android.widget.TextView[@content-desc='广告']
2025-11-15 18:00:49 - douyin_rpa - [WARNING] - logger.py:157 - warning() - 元素未找到: xpath = //android.widget.TextView[contains(@text, '购物车')]
2025-11-15 18:00:50 - douyin_rpa - [WARNING] - logger.py:157 - warning() - 元素未找到: xpath = //android.widget.ImageView[@content-desc='购物车']
2025-11-15 18:00:52 - douyin_rpa - [WARNING] - logger.py:157 - warning() - 元素未找到: xpath = //android.widget.TextView[contains(@text, '商品')]
2025-11-15 18:00:55 - douyin_rpa - [WARNING] - logger.py:157 - warning() - 元素未找到: xpath = //android.widget.TextView[contains(@text, '立即购买')]
2025-11-15 18:00:57 - douyin_rpa - [WARNING] - logger.py:157 - warning() - 元素未找到: xpath = //android.widget.TextView[contains(@text, '看相似')]
2025-11-15 18:01:00 - douyin_rpa - [WARNING] - logger.py:157 - warning() - 元素未找到: xpath = //android.widget.TextView[contains(@text, '挂车')]
2025-11-15 18:01:27 - douyin_rpa - [WARNING] - logger.py:157 - warning() - 元素未找到: id = com.ss.android.ugc.aweme:id/aov
2025-11-15 18:01:41 - douyin_rpa - [WARNING] - logger.py:157 - warning() - 元素未找到: id = com.ss.android.ugc.aweme:id/d-5
2025-11-15 18:01:46 - douyin_rpa - [WARNING] - logger.py:157 - warning() - 元素未找到: xpath = //android.widget.LinearLayout[contains(@content-desc, '收藏')]
2025-11-15 18:01:52 - douyin_rpa - [WARNING] - logger.py:157 - warning() - 元素未找到: id = com.ss.android.ugc.aweme:id/a3q
2025-11-15 18:01:58 - douyin_rpa - [WARNING] - logger.py:157 - warning() - 元素未找到: xpath = //android.widget.ImageView[@content-desc='收藏']
2025-11-15 18:01:58 - douyin_rpa - [INFO] - logger.py:153 - info() - 📱 高级轨迹滑动: 点数=21, 时长=417ms
2025-11-15 18:02:01 - douyin_rpa - [WARNING] - logger.py:157 - warning() - 元素未找到: id = com.ss.android.ugc.aweme:id/q7
2025-11-15 18:02:04 - douyin_rpa - [WARNING] - logger.py:157 - warning() - 元素未找到: id = com.ss.android.ugc.aweme:id/arh
2025-11-15 18:02:07 - douyin_rpa - [WARNING] - logger.py:157 - warning() - 元素未找到: id = com.android.packageinstaller:id/permission_allow_button
2025-11-15 18:02:09 - douyin_rpa - [WARNING] - logger.py:157 - warning() - 元素未找到: xpath = //android.widget.TextView[@text='拒绝']
2025-11-15 18:02:12 - douyin_rpa - [WARNING] - logger.py:157 - warning() - 元素未找到: xpath = //android.widget.TextView[@text='暂不开启']
2025-11-15 18:02:14 - douyin_rpa - [WARNING] - logger.py:157 - warning() - 元素未找到: xpath = //android.widget.TextView[@text='残忍拒绝']
2025-11-15 18:02:16 - douyin_rpa - [WARNING] - logger.py:157 - warning() - 元素未找到: xpath = //android.widget.ImageView[@content-desc='关闭']
2025-11-15 18:02:19 - douyin_rpa - [WARNING] - logger.py:157 - warning() - 元素未找到: xpath = //android.widget.Button[@text='我知道了']
2025-11-15 18:02:21 - douyin_rpa - [WARNING] - logger.py:157 - warning() - 元素未找到: xpath = //android.widget.TextView[@text='稍后']
2025-11-15 18:02:22 - douyin_rpa - [WARNING] - logger.py:157 - warning() - 元素未找到: xpath = //android.widget.TextView[@text='点击进入直播间']
2025-11-15 18:02:23 - douyin_rpa - [WARNING] - logger.py:157 - warning() - 元素未找到: xpath = //android.widget.Button[@text='点击进入直播间']
2025-11-15 18:02:24 - douyin_rpa - [WARNING] - logger.py:157 - warning() - 元素未找到: xpath = //android.widget.TextView[contains(@text, '进入直播间')]
2025-11-15 18:02:25 - douyin_rpa - [WARNING] - logger.py:157 - warning() - 元素未找到: xpath = //android.widget.Button[contains(@text, '进入直播间')]
2025-11-15 18:02:26 - douyin_rpa - [WARNING] - logger.py:157 - warning() - 元素未找到: xpath = //android.widget.TextView[@content-desc='点击进入直播间']
2025-11-15 18:02:27 - douyin_rpa - [WARNING] - logger.py:157 - warning() - 元素未找到: xpath = //android.widget.TextView[@text='广告']
2025-11-15 18:02:28 - douyin_rpa - [WARNING] - logger.py:157 - warning() - 元素未找到: xpath = //android.widget.TextView[contains(@text, '广告')]
2025-11-15 18:02:29 - douyin_rpa - [WARNING] - logger.py:157 - warning() - 元素未找到: xpath = //android.widget.TextView[@content-desc='广告']
2025-11-15 18:02:30 - douyin_rpa - [WARNING] - logger.py:157 - warning() - 元素未找到: xpath = //android.widget.TextView[contains(@text, '购物车')]
2025-11-15 18:02:31 - douyin_rpa - [WARNING] - logger.py:157 - warning() - 元素未找到: xpath = //android.widget.ImageView[@content-desc='购物车']
2025-11-15 18:02:31 - douyin_rpa - [WARNING] - logger.py:157 - warning() - 元素未找到: xpath = //android.widget.TextView[contains(@text, '商品')]
2025-11-15 18:02:32 - douyin_rpa - [WARNING] - logger.py:157 - warning() - 元素未找到: xpath = //android.widget.TextView[contains(@text, '立即购买')]
2025-11-15 18:02:33 - douyin_rpa - [WARNING] - logger.py:157 - warning() - 元素未找到: xpath = //android.widget.TextView[contains(@text, '看相似')]
2025-11-15 18:02:34 - douyin_rpa - [WARNING] - logger.py:157 - warning() - 元素未找到: xpath = //android.widget.TextView[contains(@text, '挂车')]
2025-11-15 18:02:36 - douyin_rpa - [WARNING] - logger.py:157 - warning() - 元素未找到: id = com.ss.android.ugc.aweme:id/f_u
2025-11-15 18:02:37 - douyin_rpa - [WARNING] - logger.py:157 - warning() - 元素未找到: xpath = //android.widget.LinearLayout[contains(@content-desc, '点赞')]
2025-11-15 18:02:39 - douyin_rpa - [WARNING] - logger.py:157 - warning() - 元素未找到: xpath = //android.widget.LinearLayout[contains(@content-desc, '喜欢')]
2025-11-15 18:02:40 - douyin_rpa - [WARNING] - logger.py:157 - warning() - 元素未找到: id = com.ss.android.ugc.aweme:id/eiz
2025-11-15 18:02:41 - douyin_rpa - [WARNING] - logger.py:157 - warning() - 元素未找到: xpath = //android.widget.LinearLayout[contains(@content-desc, '评论')]
2025-11-15 18:02:42 - douyin_rpa - [INFO] - logger.py:153 - info() - 📱 高级轨迹滑动: 点数=20, 时长=322ms
2025-11-15 18:02:45 - douyin_rpa - [WARNING] - logger.py:157 - warning() - 元素未找到: id = com.ss.android.ugc.aweme:id/q7
2025-11-15 18:02:47 - douyin_rpa - [WARNING] - logger.py:157 - warning() - 元素未找到: id = com.ss.android.ugc.aweme:id/arh
2025-11-15 18:02:50 - douyin_rpa - [WARNING] - logger.py:157 - warning() - 元素未找到: id = com.android.packageinstaller:id/permission_allow_button
2025-11-15 18:02:53 - douyin_rpa - [WARNING] - logger.py:157 - warning() - 元素未找到: xpath = //android.widget.TextView[@text='拒绝']
2025-11-15 18:02:56 - douyin_rpa - [WARNING] - logger.py:157 - warning() - 元素未找到: xpath = //android.widget.TextView[@text='暂不开启']
2025-11-15 18:02:58 - douyin_rpa - [WARNING] - logger.py:157 - warning() - 元素未找到: xpath = //android.widget.TextView[@text='残忍拒绝']
2025-11-15 18:03:01 - douyin_rpa - [WARNING] - logger.py:157 - warning() - 元素未找到: xpath = //android.widget.ImageView[@content-desc='关闭']
2025-11-15 18:03:03 - douyin_rpa - [WARNING] - logger.py:157 - warning() - 元素未找到: xpath = //android.widget.Button[@text='我知道了']
2025-11-15 18:03:06 - douyin_rpa - [WARNING] - logger.py:157 - warning() - 元素未找到: xpath = //android.widget.TextView[@text='稍后']
2025-11-15 18:03:09 - douyin_rpa - [WARNING] - logger.py:157 - warning() - 元素未找到: xpath = //android.widget.TextView[@text='点击进入直播间']
2025-11-15 18:03:09 - douyin_rpa - [ERROR] - logger.py:161 - error() - WebDriver滑动异常: Message: 'GET /window/current/size' cannot be proxied to UiAutomator2 server because the instrumentation process is not running (probably crashed). Check the server log and/or the logcat output for more details
Stacktrace:
UnknownError: 'GET /window/current/size' cannot be proxied to UiAutomator2 server because the instrumentation process is not running (probably crashed). Check the server log and/or the logcat output for more details
    at UIA2Proxy.command (C:\Users\admin\AppData\Roaming\npm\node_modules\appium\node_modules\@appium\base-driver\lib\jsonwp-proxy\proxy.js:332:13)
    at processTicksAndRejections (node:internal/process/task_queues:105:5)
    at AndroidUiautomator2Driver.getWindowSize (C:\Users\admin\.appium\node_modules\appium-uiautomator2-driver\lib\commands\viewport.js:90:5)
    at AndroidUiautomator2Driver.getWindowRect (C:\Users\admin\.appium\node_modules\appium-uiautomator2-driver\lib\commands\viewport.js:61:27)
2025-11-15 18:03:09 - douyin_rpa - [ERROR] - logger.py:161 - error() - WebDriver滑动异常: Message: 'GET /window/current/size' cannot be proxied to UiAutomator2 server because the instrumentation process is not running (probably crashed). Check the server log and/or the logcat output for more details
Stacktrace:
UnknownError: 'GET /window/current/size' cannot be proxied to UiAutomator2 server because the instrumentation process is not running (probably crashed). Check the server log and/or the logcat output for more details
    at UIA2Proxy.command (C:\Users\admin\AppData\Roaming\npm\node_modules\appium\node_modules\@appium\base-driver\lib\jsonwp-proxy\proxy.js:332:13)
    at processTicksAndRejections (node:internal/process/task_queues:105:5)
    at AndroidUiautomator2Driver.getWindowSize (C:\Users\admin\.appium\node_modules\appium-uiautomator2-driver\lib\commands\viewport.js:90:5)
    at AndroidUiautomator2Driver.getWindowRect (C:\Users\admin\.appium\node_modules\appium-uiautomator2-driver\lib\commands\viewport.js:61:27)
2025-11-15 18:03:09 - douyin_rpa - [ERROR] - logger.py:161 - error() - WebDriver滑动异常: Message: 'GET /window/current/size' cannot be proxied to UiAutomator2 server because the instrumentation process is not running (probably crashed). Check the server log and/or the logcat output for more details
Stacktrace:
UnknownError: 'GET /window/current/size' cannot be proxied to UiAutomator2 server because the instrumentation process is not running (probably crashed). Check the server log and/or the logcat output for more details
    at UIA2Proxy.command (C:\Users\admin\AppData\Roaming\npm\node_modules\appium\node_modules\@appium\base-driver\lib\jsonwp-proxy\proxy.js:332:13)
    at processTicksAndRejections (node:internal/process/task_queues:105:5)
    at AndroidUiautomator2Driver.getWindowSize (C:\Users\admin\.appium\node_modules\appium-uiautomator2-driver\lib\commands\viewport.js:90:5)
    at AndroidUiautomator2Driver.getWindowRect (C:\Users\admin\.appium\node_modules\appium-uiautomator2-driver\lib\commands\viewport.js:61:27)
2025-11-15 18:03:09 - douyin_rpa - [ERROR] - logger.py:161 - error() - WebDriver滑动异常: Message: 'GET /window/current/size' cannot be proxied to UiAutomator2 server because the instrumentation process is not running (probably crashed). Check the server log and/or the logcat output for more details
Stacktrace:
UnknownError: 'GET /window/current/size' cannot be proxied to UiAutomator2 server because the instrumentation process is not running (probably crashed). Check the server log and/or the logcat output for more details
    at UIA2Proxy.command (C:\Users\admin\AppData\Roaming\npm\node_modules\appium\node_modules\@appium\base-driver\lib\jsonwp-proxy\proxy.js:332:13)
    at processTicksAndRejections (node:internal/process/task_queues:105:5)
    at AndroidUiautomator2Driver.getWindowSize (C:\Users\admin\.appium\node_modules\appium-uiautomator2-driver\lib\commands\viewport.js:90:5)
    at AndroidUiautomator2Driver.getWindowRect (C:\Users\admin\.appium\node_modules\appium-uiautomator2-driver\lib\commands\viewport.js:61:27)
2025-11-15 18:03:10 - douyin_rpa - [ERROR] - logger.py:161 - error() - WebDriver滑动异常: Message: 'GET /window/current/size' cannot be proxied to UiAutomator2 server because the instrumentation process is not running (probably crashed). Check the server log and/or the logcat output for more details
Stacktrace:
UnknownError: 'GET /window/current/size' cannot be proxied to UiAutomator2 server because the instrumentation process is not running (probably crashed). Check the server log and/or the logcat output for more details
    at UIA2Proxy.command (C:\Users\admin\AppData\Roaming\npm\node_modules\appium\node_modules\@appium\base-driver\lib\jsonwp-proxy\proxy.js:332:13)
    at processTicksAndRejections (node:internal/process/task_queues:105:5)
    at AndroidUiautomator2Driver.getWindowSize (C:\Users\admin\.appium\node_modules\appium-uiautomator2-driver\lib\commands\viewport.js:90:5)
    at AndroidUiautomator2Driver.getWindowRect (C:\Users\admin\.appium\node_modules\appium-uiautomator2-driver\lib\commands\viewport.js:61:27)
2025-11-15 18:03:10 - douyin_rpa - [ERROR] - logger.py:161 - error() - WebDriver滑动异常: Message: 'GET /window/current/size' cannot be proxied to UiAutomator2 server because the instrumentation process is not running (probably crashed). Check the server log and/or the logcat output for more details
Stacktrace:
UnknownError: 'GET /window/current/size' cannot be proxied to UiAutomator2 server because the instrumentation process is not running (probably crashed). Check the server log and/or the logcat output for more details
    at UIA2Proxy.command (C:\Users\admin\AppData\Roaming\npm\node_modules\appium\node_modules\@appium\base-driver\lib\jsonwp-proxy\proxy.js:332:13)
    at processTicksAndRejections (node:internal/process/task_queues:105:5)
    at AndroidUiautomator2Driver.getWindowSize (C:\Users\admin\.appium\node_modules\appium-uiautomator2-driver\lib\commands\viewport.js:90:5)
    at AndroidUiautomator2Driver.getWindowRect (C:\Users\admin\.appium\node_modules\appium-uiautomator2-driver\lib\commands\viewport.js:61:27)
2025-11-15 18:03:10 - douyin_rpa - [ERROR] - logger.py:161 - error() - WebDriver滑动异常: Message: 'GET /window/current/size' cannot be proxied to UiAutomator2 server because the instrumentation process is not running (probably crashed). Check the server log and/or the logcat output for more details
Stacktrace:
UnknownError: 'GET /window/current/size' cannot be proxied to UiAutomator2 server because the instrumentation process is not running (probably crashed). Check the server log and/or the logcat output for more details
    at UIA2Proxy.command (C:\Users\admin\AppData\Roaming\npm\node_modules\appium\node_modules\@appium\base-driver\lib\jsonwp-proxy\proxy.js:332:13)
    at processTicksAndRejections (node:internal/process/task_queues:105:5)
    at AndroidUiautomator2Driver.getWindowSize (C:\Users\admin\.appium\node_modules\appium-uiautomator2-driver\lib\commands\viewport.js:90:5)
    at AndroidUiautomator2Driver.getWindowRect (C:\Users\admin\.appium\node_modules\appium-uiautomator2-driver\lib\commands\viewport.js:61:27)
2025-11-15 18:03:10 - douyin_rpa - [ERROR] - logger.py:161 - error() - WebDriver滑动异常: Message: 'GET /window/current/size' cannot be proxied to UiAutomator2 server because the instrumentation process is not running (probably crashed). Check the server log and/or the logcat output for more details
Stacktrace:
UnknownError: 'GET /window/current/size' cannot be proxied to UiAutomator2 server because the instrumentation process is not running (probably crashed). Check the server log and/or the logcat output for more details
    at UIA2Proxy.command (C:\Users\admin\AppData\Roaming\npm\node_modules\appium\node_modules\@appium\base-driver\lib\jsonwp-proxy\proxy.js:332:13)
    at processTicksAndRejections (node:internal/process/task_queues:105:5)
    at AndroidUiautomator2Driver.getWindowSize (C:\Users\admin\.appium\node_modules\appium-uiautomator2-driver\lib\commands\viewport.js:90:5)
    at AndroidUiautomator2Driver.getWindowRect (C:\Users\admin\.appium\node_modules\appium-uiautomator2-driver\lib\commands\viewport.js:61:27)
2025-11-15 18:03:10 - douyin_rpa - [ERROR] - logger.py:161 - error() - WebDriver滑动异常: Message: 'GET /window/current/size' cannot be proxied to UiAutomator2 server because the instrumentation process is not running (probably crashed). Check the server log and/or the logcat output for more details
Stacktrace:
UnknownError: 'GET /window/current/size' cannot be proxied to UiAutomator2 server because the instrumentation process is not running (probably crashed). Check the server log and/or the logcat output for more details
    at UIA2Proxy.command (C:\Users\admin\AppData\Roaming\npm\node_modules\appium\node_modules\@appium\base-driver\lib\jsonwp-proxy\proxy.js:332:13)
    at processTicksAndRejections (node:internal/process/task_queues:105:5)
    at AndroidUiautomator2Driver.getWindowSize (C:\Users\admin\.appium\node_modules\appium-uiautomator2-driver\lib\commands\viewport.js:90:5)
    at AndroidUiautomator2Driver.getWindowRect (C:\Users\admin\.appium\node_modules\appium-uiautomator2-driver\lib\commands\viewport.js:61:27)
2025-11-15 18:03:10 - douyin_rpa - [ERROR] - logger.py:161 - error() - WebDriver滑动异常: Message: 'GET /window/current/size' cannot be proxied to UiAutomator2 server because the instrumentation process is not running (probably crashed). Check the server log and/or the logcat output for more details
Stacktrace:
UnknownError: 'GET /window/current/size' cannot be proxied to UiAutomator2 server because the instrumentation process is not running (probably crashed). Check the server log and/or the logcat output for more details
    at UIA2Proxy.command (C:\Users\admin\AppData\Roaming\npm\node_modules\appium\node_modules\@appium\base-driver\lib\jsonwp-proxy\proxy.js:332:13)
    at processTicksAndRejections (node:internal/process/task_queues:105:5)
    at AndroidUiautomator2Driver.getWindowSize (C:\Users\admin\.appium\node_modules\appium-uiautomator2-driver\lib\commands\viewport.js:90:5)
    at AndroidUiautomator2Driver.getWindowRect (C:\Users\admin\.appium\node_modules\appium-uiautomator2-driver\lib\commands\viewport.js:61:27)
2025-11-15 18:03:18 - douyin_rpa - [ERROR] - logger.py:161 - error() - WebDriver滑动异常: Message: 'GET /window/current/size' cannot be proxied to UiAutomator2 server because the instrumentation process is not running (probably crashed). Check the server log and/or the logcat output for more details
Stacktrace:
UnknownError: 'GET /window/current/size' cannot be proxied to UiAutomator2 server because the instrumentation process is not running (probably crashed). Check the server log and/or the logcat output for more details
    at UIA2Proxy.command (C:\Users\admin\AppData\Roaming\npm\node_modules\appium\node_modules\@appium\base-driver\lib\jsonwp-proxy\proxy.js:332:13)
    at processTicksAndRejections (node:internal/process/task_queues:105:5)
    at AndroidUiautomator2Driver.getWindowSize (C:\Users\admin\.appium\node_modules\appium-uiautomator2-driver\lib\commands\viewport.js:90:5)
    at AndroidUiautomator2Driver.getWindowRect (C:\Users\admin\.appium\node_modules\appium-uiautomator2-driver\lib\commands\viewport.js:61:27)
2025-11-15 18:03:18 - douyin_rpa - [ERROR] - logger.py:161 - error() - WebDriver滑动异常: Message: 'GET /window/current/size' cannot be proxied to UiAutomator2 server because the instrumentation process is not running (probably crashed). Check the server log and/or the logcat output for more details
Stacktrace:
UnknownError: 'GET /window/current/size' cannot be proxied to UiAutomator2 server because the instrumentation process is not running (probably crashed). Check the server log and/or the logcat output for more details
    at UIA2Proxy.command (C:\Users\admin\AppData\Roaming\npm\node_modules\appium\node_modules\@appium\base-driver\lib\jsonwp-proxy\proxy.js:332:13)
    at processTicksAndRejections (node:internal/process/task_queues:105:5)
    at AndroidUiautomator2Driver.getWindowSize (C:\Users\admin\.appium\node_modules\appium-uiautomator2-driver\lib\commands\viewport.js:90:5)
    at AndroidUiautomator2Driver.getWindowRect (C:\Users\admin\.appium\node_modules\appium-uiautomator2-driver\lib\commands\viewport.js:61:27)
2025-11-15 18:03:18 - douyin_rpa - [ERROR] - logger.py:161 - error() - WebDriver滑动异常: Message: 'GET /window/current/size' cannot be proxied to UiAutomator2 server because the instrumentation process is not running (probably crashed). Check the server log and/or the logcat output for more details
Stacktrace:
UnknownError: 'GET /window/current/size' cannot be proxied to UiAutomator2 server because the instrumentation process is not running (probably crashed). Check the server log and/or the logcat output for more details
    at UIA2Proxy.command (C:\Users\admin\AppData\Roaming\npm\node_modules\appium\node_modules\@appium\base-driver\lib\jsonwp-proxy\proxy.js:332:13)
    at processTicksAndRejections (node:internal/process/task_queues:105:5)
    at AndroidUiautomator2Driver.getWindowSize (C:\Users\admin\.appium\node_modules\appium-uiautomator2-driver\lib\commands\viewport.js:90:5)
    at AndroidUiautomator2Driver.getWindowRect (C:\Users\admin\.appium\node_modules\appium-uiautomator2-driver\lib\commands\viewport.js:61:27)
2025-11-15 18:03:18 - douyin_rpa - [ERROR] - logger.py:161 - error() - WebDriver滑动异常: Message: 'GET /window/current/size' cannot be proxied to UiAutomator2 server because the instrumentation process is not running (probably crashed). Check the server log and/or the logcat output for more details
Stacktrace:
UnknownError: 'GET /window/current/size' cannot be proxied to UiAutomator2 server because the instrumentation process is not running (probably crashed). Check the server log and/or the logcat output for more details
    at UIA2Proxy.command (C:\Users\admin\AppData\Roaming\npm\node_modules\appium\node_modules\@appium\base-driver\lib\jsonwp-proxy\proxy.js:332:13)
    at processTicksAndRejections (node:internal/process/task_queues:105:5)
    at AndroidUiautomator2Driver.getWindowSize (C:\Users\admin\.appium\node_modules\appium-uiautomator2-driver\lib\commands\viewport.js:90:5)
    at AndroidUiautomator2Driver.getWindowRect (C:\Users\admin\.appium\node_modules\appium-uiautomator2-driver\lib\commands\viewport.js:61:27)
2025-11-15 18:03:18 - douyin_rpa - [ERROR] - logger.py:161 - error() - WebDriver滑动异常: Message: 'GET /window/current/size' cannot be proxied to UiAutomator2 server because the instrumentation process is not running (probably crashed). Check the server log and/or the logcat output for more details
Stacktrace:
UnknownError: 'GET /window/current/size' cannot be proxied to UiAutomator2 server because the instrumentation process is not running (probably crashed). Check the server log and/or the logcat output for more details
    at UIA2Proxy.command (C:\Users\admin\AppData\Roaming\npm\node_modules\appium\node_modules\@appium\base-driver\lib\jsonwp-proxy\proxy.js:332:13)
    at processTicksAndRejections (node:internal/process/task_queues:105:5)
    at AndroidUiautomator2Driver.getWindowSize (C:\Users\admin\.appium\node_modules\appium-uiautomator2-driver\lib\commands\viewport.js:90:5)
    at AndroidUiautomator2Driver.getWindowRect (C:\Users\admin\.appium\node_modules\appium-uiautomator2-driver\lib\commands\viewport.js:61:27)
2025-11-15 18:03:19 - douyin_rpa - [ERROR] - logger.py:161 - error() - WebDriver滑动异常: Message: 'GET /window/current/size' cannot be proxied to UiAutomator2 server because the instrumentation process is not running (probably crashed). Check the server log and/or the logcat output for more details
Stacktrace:
UnknownError: 'GET /window/current/size' cannot be proxied to UiAutomator2 server because the instrumentation process is not running (probably crashed). Check the server log and/or the logcat output for more details
    at UIA2Proxy.command (C:\Users\admin\AppData\Roaming\npm\node_modules\appium\node_modules\@appium\base-driver\lib\jsonwp-proxy\proxy.js:332:13)
    at processTicksAndRejections (node:internal/process/task_queues:105:5)
    at AndroidUiautomator2Driver.getWindowSize (C:\Users\admin\.appium\node_modules\appium-uiautomator2-driver\lib\commands\viewport.js:90:5)
    at AndroidUiautomator2Driver.getWindowRect (C:\Users\admin\.appium\node_modules\appium-uiautomator2-driver\lib\commands\viewport.js:61:27)
2025-11-15 18:03:19 - douyin_rpa - [ERROR] - logger.py:161 - error() - WebDriver滑动异常: Message: 'GET /window/current/size' cannot be proxied to UiAutomator2 server because the instrumentation process is not running (probably crashed). Check the server log and/or the logcat output for more details
Stacktrace:
UnknownError: 'GET /window/current/size' cannot be proxied to UiAutomator2 server because the instrumentation process is not running (probably crashed). Check the server log and/or the logcat output for more details
    at UIA2Proxy.command (C:\Users\admin\AppData\Roaming\npm\node_modules\appium\node_modules\@appium\base-driver\lib\jsonwp-proxy\proxy.js:332:13)
    at processTicksAndRejections (node:internal/process/task_queues:105:5)
    at AndroidUiautomator2Driver.getWindowSize (C:\Users\admin\.appium\node_modules\appium-uiautomator2-driver\lib\commands\viewport.js:90:5)
    at AndroidUiautomator2Driver.getWindowRect (C:\Users\admin\.appium\node_modules\appium-uiautomator2-driver\lib\commands\viewport.js:61:27)
2025-11-15 18:03:19 - douyin_rpa - [ERROR] - logger.py:161 - error() - WebDriver滑动异常: Message: 'GET /window/current/size' cannot be proxied to UiAutomator2 server because the instrumentation process is not running (probably crashed). Check the server log and/or the logcat output for more details
Stacktrace:
UnknownError: 'GET /window/current/size' cannot be proxied to UiAutomator2 server because the instrumentation process is not running (probably crashed). Check the server log and/or the logcat output for more details
    at UIA2Proxy.command (C:\Users\admin\AppData\Roaming\npm\node_modules\appium\node_modules\@appium\base-driver\lib\jsonwp-proxy\proxy.js:332:13)
    at processTicksAndRejections (node:internal/process/task_queues:105:5)
    at AndroidUiautomator2Driver.getWindowSize (C:\Users\admin\.appium\node_modules\appium-uiautomator2-driver\lib\commands\viewport.js:90:5)
    at AndroidUiautomator2Driver.getWindowRect (C:\Users\admin\.appium\node_modules\appium-uiautomator2-driver\lib\commands\viewport.js:61:27)
2025-11-15 18:03:19 - douyin_rpa - [ERROR] - logger.py:161 - error() - WebDriver滑动异常: Message: 'GET /window/current/size' cannot be proxied to UiAutomator2 server because the instrumentation process is not running (probably crashed). Check the server log and/or the logcat output for more details
Stacktrace:
UnknownError: 'GET /window/current/size' cannot be proxied to UiAutomator2 server because the instrumentation process is not running (probably crashed). Check the server log and/or the logcat output for more details
    at UIA2Proxy.command (C:\Users\admin\AppData\Roaming\npm\node_modules\appium\node_modules\@appium\base-driver\lib\jsonwp-proxy\proxy.js:332:13)
    at processTicksAndRejections (node:internal/process/task_queues:105:5)
    at AndroidUiautomator2Driver.getWindowSize (C:\Users\admin\.appium\node_modules\appium-uiautomator2-driver\lib\commands\viewport.js:90:5)
    at AndroidUiautomator2Driver.getWindowRect (C:\Users\admin\.appium\node_modules\appium-uiautomator2-driver\lib\commands\viewport.js:61:27)
2025-11-15 18:03:19 - douyin_rpa - [ERROR] - logger.py:161 - error() - WebDriver滑动异常: Message: 'GET /window/current/size' cannot be proxied to UiAutomator2 server because the instrumentation process is not running (probably crashed). Check the server log and/or the logcat output for more details
Stacktrace:
UnknownError: 'GET /window/current/size' cannot be proxied to UiAutomator2 server because the instrumentation process is not running (probably crashed). Check the server log and/or the logcat output for more details
    at UIA2Proxy.command (C:\Users\admin\AppData\Roaming\npm\node_modules\appium\node_modules\@appium\base-driver\lib\jsonwp-proxy\proxy.js:332:13)
    at processTicksAndRejections (node:internal/process/task_queues:105:5)
    at AndroidUiautomator2Driver.getWindowSize (C:\Users\admin\.appium\node_modules\appium-uiautomator2-driver\lib\commands\viewport.js:90:5)
    at AndroidUiautomator2Driver.getWindowRect (C:\Users\admin\.appium\node_modules\appium-uiautomator2-driver\lib\commands\viewport.js:61:27)
2025-11-15 18:03:24 - douyin_rpa - [ERROR] - logger.py:161 - error() - WebDriver滑动异常: Message: 'GET /window/current/size' cannot be proxied to UiAutomator2 server because the instrumentation process is not running (probably crashed). Check the server log and/or the logcat output for more details
Stacktrace:
UnknownError: 'GET /window/current/size' cannot be proxied to UiAutomator2 server because the instrumentation process is not running (probably crashed). Check the server log and/or the logcat output for more details
    at UIA2Proxy.command (C:\Users\admin\AppData\Roaming\npm\node_modules\appium\node_modules\@appium\base-driver\lib\jsonwp-proxy\proxy.js:332:13)
    at processTicksAndRejections (node:internal/process/task_queues:105:5)
    at AndroidUiautomator2Driver.getWindowSize (C:\Users\admin\.appium\node_modules\appium-uiautomator2-driver\lib\commands\viewport.js:90:5)
    at AndroidUiautomator2Driver.getWindowRect (C:\Users\admin\.appium\node_modules\appium-uiautomator2-driver\lib\commands\viewport.js:61:27)
2025-11-15 18:03:25 - douyin_rpa - [ERROR] - logger.py:161 - error() - WebDriver滑动异常: Message: 'GET /window/current/size' cannot be proxied to UiAutomator2 server because the instrumentation process is not running (probably crashed). Check the server log and/or the logcat output for more details
Stacktrace:
UnknownError: 'GET /window/current/size' cannot be proxied to UiAutomator2 server because the instrumentation process is not running (probably crashed). Check the server log and/or the logcat output for more details
    at UIA2Proxy.command (C:\Users\admin\AppData\Roaming\npm\node_modules\appium\node_modules\@appium\base-driver\lib\jsonwp-proxy\proxy.js:332:13)
    at processTicksAndRejections (node:internal/process/task_queues:105:5)
    at AndroidUiautomator2Driver.getWindowSize (C:\Users\admin\.appium\node_modules\appium-uiautomator2-driver\lib\commands\viewport.js:90:5)
    at AndroidUiautomator2Driver.getWindowRect (C:\Users\admin\.appium\node_modules\appium-uiautomator2-driver\lib\commands\viewport.js:61:27)
2025-11-15 18:03:25 - douyin_rpa - [ERROR] - logger.py:161 - error() - WebDriver滑动异常: Message: 'GET /window/current/size' cannot be proxied to UiAutomator2 server because the instrumentation process is not running (probably crashed). Check the server log and/or the logcat output for more details
Stacktrace:
UnknownError: 'GET /window/current/size' cannot be proxied to UiAutomator2 server because the instrumentation process is not running (probably crashed). Check the server log and/or the logcat output for more details
    at UIA2Proxy.command (C:\Users\admin\AppData\Roaming\npm\node_modules\appium\node_modules\@appium\base-driver\lib\jsonwp-proxy\proxy.js:332:13)
    at processTicksAndRejections (node:internal/process/task_queues:105:5)
    at AndroidUiautomator2Driver.getWindowSize (C:\Users\admin\.appium\node_modules\appium-uiautomator2-driver\lib\commands\viewport.js:90:5)
    at AndroidUiautomator2Driver.getWindowRect (C:\Users\admin\.appium\node_modules\appium-uiautomator2-driver\lib\commands\viewport.js:61:27)
2025-11-15 18:03:25 - douyin_rpa - [ERROR] - logger.py:161 - error() - WebDriver滑动异常: Message: 'GET /window/current/size' cannot be proxied to UiAutomator2 server because the instrumentation process is not running (probably crashed). Check the server log and/or the logcat output for more details
Stacktrace:
UnknownError: 'GET /window/current/size' cannot be proxied to UiAutomator2 server because the instrumentation process is not running (probably crashed). Check the server log and/or the logcat output for more details
    at UIA2Proxy.command (C:\Users\admin\AppData\Roaming\npm\node_modules\appium\node_modules\@appium\base-driver\lib\jsonwp-proxy\proxy.js:332:13)
    at processTicksAndRejections (node:internal/process/task_queues:105:5)
    at AndroidUiautomator2Driver.getWindowSize (C:\Users\admin\.appium\node_modules\appium-uiautomator2-driver\lib\commands\viewport.js:90:5)
    at AndroidUiautomator2Driver.getWindowRect (C:\Users\admin\.appium\node_modules\appium-uiautomator2-driver\lib\commands\viewport.js:61:27)
2025-11-15 18:03:25 - douyin_rpa - [ERROR] - logger.py:161 - error() - WebDriver滑动异常: Message: 'GET /window/current/size' cannot be proxied to UiAutomator2 server because the instrumentation process is not running (probably crashed). Check the server log and/or the logcat output for more details
Stacktrace:
UnknownError: 'GET /window/current/size' cannot be proxied to UiAutomator2 server because the instrumentation process is not running (probably crashed). Check the server log and/or the logcat output for more details
    at UIA2Proxy.command (C:\Users\admin\AppData\Roaming\npm\node_modules\appium\node_modules\@appium\base-driver\lib\jsonwp-proxy\proxy.js:332:13)
    at processTicksAndRejections (node:internal/process/task_queues:105:5)
    at AndroidUiautomator2Driver.getWindowSize (C:\Users\admin\.appium\node_modules\appium-uiautomator2-driver\lib\commands\viewport.js:90:5)
    at AndroidUiautomator2Driver.getWindowRect (C:\Users\admin\.appium\node_modules\appium-uiautomator2-driver\lib\commands\viewport.js:61:27)
2025-11-15 18:03:25 - douyin_rpa - [ERROR] - logger.py:161 - error() - WebDriver滑动异常: Message: 'GET /window/current/size' cannot be proxied to UiAutomator2 server because the instrumentation process is not running (probably crashed). Check the server log and/or the logcat output for more details
Stacktrace:
UnknownError: 'GET /window/current/size' cannot be proxied to UiAutomator2 server because the instrumentation process is not running (probably crashed). Check the server log and/or the logcat output for more details
    at UIA2Proxy.command (C:\Users\admin\AppData\Roaming\npm\node_modules\appium\node_modules\@appium\base-driver\lib\jsonwp-proxy\proxy.js:332:13)
    at processTicksAndRejections (node:internal/process/task_queues:105:5)
    at AndroidUiautomator2Driver.getWindowSize (C:\Users\admin\.appium\node_modules\appium-uiautomator2-driver\lib\commands\viewport.js:90:5)
    at AndroidUiautomator2Driver.getWindowRect (C:\Users\admin\.appium\node_modules\appium-uiautomator2-driver\lib\commands\viewport.js:61:27)
2025-11-15 18:03:25 - douyin_rpa - [ERROR] - logger.py:161 - error() - WebDriver滑动异常: Message: 'GET /window/current/size' cannot be proxied to UiAutomator2 server because the instrumentation process is not running (probably crashed). Check the server log and/or the logcat output for more details
Stacktrace:
UnknownError: 'GET /window/current/size' cannot be proxied to UiAutomator2 server because the instrumentation process is not running (probably crashed). Check the server log and/or the logcat output for more details
    at UIA2Proxy.command (C:\Users\admin\AppData\Roaming\npm\node_modules\appium\node_modules\@appium\base-driver\lib\jsonwp-proxy\proxy.js:332:13)
    at processTicksAndRejections (node:internal/process/task_queues:105:5)
    at AndroidUiautomator2Driver.getWindowSize (C:\Users\admin\.appium\node_modules\appium-uiautomator2-driver\lib\commands\viewport.js:90:5)
    at AndroidUiautomator2Driver.getWindowRect (C:\Users\admin\.appium\node_modules\appium-uiautomator2-driver\lib\commands\viewport.js:61:27)
2025-11-15 18:03:25 - douyin_rpa - [ERROR] - logger.py:161 - error() - WebDriver滑动异常: Message: 'GET /window/current/size' cannot be proxied to UiAutomator2 server because the instrumentation process is not running (probably crashed). Check the server log and/or the logcat output for more details
Stacktrace:
UnknownError: 'GET /window/current/size' cannot be proxied to UiAutomator2 server because the instrumentation process is not running (probably crashed). Check the server log and/or the logcat output for more details
    at UIA2Proxy.command (C:\Users\admin\AppData\Roaming\npm\node_modules\appium\node_modules\@appium\base-driver\lib\jsonwp-proxy\proxy.js:332:13)
    at processTicksAndRejections (node:internal/process/task_queues:105:5)
    at AndroidUiautomator2Driver.getWindowSize (C:\Users\admin\.appium\node_modules\appium-uiautomator2-driver\lib\commands\viewport.js:90:5)
    at AndroidUiautomator2Driver.getWindowRect (C:\Users\admin\.appium\node_modules\appium-uiautomator2-driver\lib\commands\viewport.js:61:27)
2025-11-15 18:03:26 - douyin_rpa - [ERROR] - logger.py:161 - error() - WebDriver滑动异常: Message: 'GET /window/current/size' cannot be proxied to UiAutomator2 server because the instrumentation process is not running (probably crashed). Check the server log and/or the logcat output for more details
Stacktrace:
UnknownError: 'GET /window/current/size' cannot be proxied to UiAutomator2 server because the instrumentation process is not running (probably crashed). Check the server log and/or the logcat output for more details
    at UIA2Proxy.command (C:\Users\admin\AppData\Roaming\npm\node_modules\appium\node_modules\@appium\base-driver\lib\jsonwp-proxy\proxy.js:332:13)
    at processTicksAndRejections (node:internal/process/task_queues:105:5)
    at AndroidUiautomator2Driver.getWindowSize (C:\Users\admin\.appium\node_modules\appium-uiautomator2-driver\lib\commands\viewport.js:90:5)
    at AndroidUiautomator2Driver.getWindowRect (C:\Users\admin\.appium\node_modules\appium-uiautomator2-driver\lib\commands\viewport.js:61:27)
2025-11-15 18:03:26 - douyin_rpa - [ERROR] - logger.py:161 - error() - WebDriver滑动异常: Message: 'GET /window/current/size' cannot be proxied to UiAutomator2 server because the instrumentation process is not running (probably crashed). Check the server log and/or the logcat output for more details
Stacktrace:
UnknownError: 'GET /window/current/size' cannot be proxied to UiAutomator2 server because the instrumentation process is not running (probably crashed). Check the server log and/or the logcat output for more details
    at UIA2Proxy.command (C:\Users\admin\AppData\Roaming\npm\node_modules\appium\node_modules\@appium\base-driver\lib\jsonwp-proxy\proxy.js:332:13)
    at processTicksAndRejections (node:internal/process/task_queues:105:5)
    at AndroidUiautomator2Driver.getWindowSize (C:\Users\admin\.appium\node_modules\appium-uiautomator2-driver\lib\commands\viewport.js:90:5)
    at AndroidUiautomator2Driver.getWindowRect (C:\Users\admin\.appium\node_modules\appium-uiautomator2-driver\lib\commands\viewport.js:61:27)
2025-11-15 18:03:40 - douyin_rpa - [INFO] - logger.py:153 - info() - 进入finally块，准备关闭...
2025-11-15 18:03:40 - douyin_rpa - [INFO] - logger.py:153 - info() - ================================================================================
2025-11-15 18:03:40 - douyin_rpa - [INFO] - logger.py:153 - info() - 开始优雅关闭程序
2025-11-15 18:03:40 - douyin_rpa - [INFO] - logger.py:153 - info() - ================================================================================
2025-11-15 18:03:40 - douyin_rpa - [INFO] - logger.py:153 - info() - 保存任务管理器统计数据...
2025-11-15 18:03:40 - douyin_rpa - [INFO] - logger.py:153 - info() - ✅ 任务管理器已关闭
2025-11-15 18:03:40 - douyin_rpa - [INFO] - logger.py:153 - info() - 断开Appium连接...
2025-11-15 18:03:40 - douyin_rpa - [INFO] - logger.py:153 - info() - ✅ Appium连接已断开
2025-11-15 18:03:40 - douyin_rpa - [INFO] - logger.py:153 - info() - 生成运行统计摘要...
2025-11-15 18:03:40 - douyin_rpa - [INFO] - logger.py:153 - info() - 运行时间: 1:53:12.591026
2025-11-15 18:03:40 - douyin_rpa - [INFO] - logger.py:153 - info() - 完成会话: 530 个
2025-11-15 18:03:40 - douyin_rpa - [INFO] - logger.py:153 - info() - ✅ 程序已安全关闭
2025-11-15 18:03:40 - douyin_rpa - [INFO] - logger.py:153 - info() - ================================================================================
2025-11-15 18:03:40 - douyin_rpa - [INFO] - logger.py:153 - info() - 程序完全退出 - 时间: 2025-11-15 18:03:40
2025-11-15 18:03:40 - douyin_rpa - [INFO] - logger.py:153 - info() - ================================================================================
2025-11-15 18:03:40 - douyin_rpa - [INFO] - logger.py:153 - info() - 程序正常结束 - 总运行时间: 0:18:01.048484
2025-11-15 18:03:40 - douyin_rpa - [INFO] - logger.py:153 - info() - ================================================================================
2025-11-15 18:03:40 - douyin_rpa - [INFO] - logger.py:153 - info() - 程序最终退出 - 总运行时间: 0:18:01.048484
2025-11-15 18:03:40 - douyin_rpa - [INFO] - logger.py:153 - info() - ================================================================================
2025-11-15 18:04:02 - douyin_rpa - [INFO] - logger.py:153 - info() - 进入finally块，准备关闭...
2025-11-15 18:04:02 - douyin_rpa - [INFO] - logger.py:153 - info() - ================================================================================
2025-11-15 18:04:02 - douyin_rpa - [INFO] - logger.py:153 - info() - 开始优雅关闭程序
2025-11-15 18:04:02 - douyin_rpa - [INFO] - logger.py:153 - info() - ================================================================================
2025-11-15 18:04:02 - douyin_rpa - [INFO] - logger.py:153 - info() - 保存任务管理器统计数据...
2025-11-15 18:04:02 - douyin_rpa - [INFO] - logger.py:153 - info() - ✅ 任务管理器已关闭
2025-11-15 18:04:02 - douyin_rpa - [INFO] - logger.py:153 - info() - 断开Appium连接...
2025-11-15 18:04:02 - douyin_rpa - [INFO] - logger.py:153 - info() - ✅ Appium连接已断开
2025-11-15 18:04:02 - douyin_rpa - [INFO] - logger.py:153 - info() - 生成运行统计摘要...
2025-11-15 18:04:02 - douyin_rpa - [INFO] - logger.py:153 - info() - 运行时间: 1:53:33.775872
2025-11-15 18:04:02 - douyin_rpa - [INFO] - logger.py:153 - info() - 完成会话: 730 个
2025-11-15 18:04:02 - douyin_rpa - [INFO] - logger.py:153 - info() - ✅ 程序已安全关闭
2025-11-15 18:04:02 - douyin_rpa - [INFO] - logger.py:153 - info() - ================================================================================
2025-11-15 18:04:02 - douyin_rpa - [INFO] - logger.py:153 - info() - 程序完全退出 - 时间: 2025-11-15 18:04:02
2025-11-15 18:04:02 - douyin_rpa - [INFO] - logger.py:153 - info() - ================================================================================
2025-11-15 18:04:02 - douyin_rpa - [INFO] - logger.py:153 - info() - 程序正常结束 - 总运行时间: 0:39:11.134125
2025-11-15 18:04:02 - douyin_rpa - [INFO] - logger.py:153 - info() - ================================================================================
2025-11-15 18:04:02 - douyin_rpa - [INFO] - logger.py:153 - info() - 程序最终退出 - 总运行时间: 0:39:11.135125
2025-11-15 18:04:02 - douyin_rpa - [INFO] - logger.py:153 - info() - ================================================================================
2025-11-15 18:04:08 - douyin_rpa - [INFO] - logger.py:153 - info() - 进入finally块，准备关闭...
2025-11-15 18:04:08 - douyin_rpa - [INFO] - logger.py:153 - info() - ================================================================================
2025-11-15 18:04:08 - douyin_rpa - [INFO] - logger.py:153 - info() - 开始优雅关闭程序
2025-11-15 18:04:08 - douyin_rpa - [INFO] - logger.py:153 - info() - ================================================================================
2025-11-15 18:04:08 - douyin_rpa - [INFO] - logger.py:153 - info() - 保存任务管理器统计数据...
2025-11-15 18:04:08 - douyin_rpa - [INFO] - logger.py:153 - info() - ✅ 任务管理器已关闭
2025-11-15 18:04:08 - douyin_rpa - [INFO] - logger.py:153 - info() - 断开Appium连接...
2025-11-15 18:04:08 - douyin_rpa - [INFO] - logger.py:153 - info() - ✅ Appium连接已断开
2025-11-15 18:04:08 - douyin_rpa - [INFO] - logger.py:153 - info() - 生成运行统计摘要...
2025-11-15 18:04:08 - douyin_rpa - [INFO] - logger.py:153 - info() - 运行时间: 1:53:40.225693
2025-11-15 18:04:08 - douyin_rpa - [INFO] - logger.py:153 - info() - 完成会话: 723 个
2025-11-15 18:04:08 - douyin_rpa - [INFO] - logger.py:153 - info() - ✅ 程序已安全关闭
2025-11-15 18:04:08 - douyin_rpa - [INFO] - logger.py:153 - info() - ================================================================================
2025-11-15 18:04:08 - douyin_rpa - [INFO] - logger.py:153 - info() - 程序完全退出 - 时间: 2025-11-15 18:04:08
2025-11-15 18:04:08 - douyin_rpa - [INFO] - logger.py:153 - info() - ================================================================================
2025-11-15 18:04:08 - douyin_rpa - [INFO] - logger.py:153 - info() - 程序正常结束 - 总运行时间: 0:23:14.201368
2025-11-15 18:04:08 - douyin_rpa - [INFO] - logger.py:153 - info() - ================================================================================
2025-11-15 18:04:08 - douyin_rpa - [INFO] - logger.py:153 - info() - 程序最终退出 - 总运行时间: 0:23:14.201368
2025-11-15 18:04:08 - douyin_rpa - [INFO] - logger.py:153 - info() - ================================================================================
2025-11-15 18:04:23 - douyin_rpa - [INFO] - logger.py:153 - info() - 进入finally块，准备关闭...
2025-11-15 18:04:23 - douyin_rpa - [INFO] - logger.py:153 - info() - ================================================================================
2025-11-15 18:04:23 - douyin_rpa - [INFO] - logger.py:153 - info() - 开始优雅关闭程序
2025-11-15 18:04:23 - douyin_rpa - [INFO] - logger.py:153 - info() - ================================================================================
2025-11-15 18:04:23 - douyin_rpa - [INFO] - logger.py:153 - info() - 保存任务管理器统计数据...
2025-11-15 18:04:23 - douyin_rpa - [INFO] - logger.py:153 - info() - ✅ 任务管理器已关闭
2025-11-15 18:04:23 - douyin_rpa - [INFO] - logger.py:153 - info() - 断开Appium连接...
2025-11-15 18:04:23 - douyin_rpa - [INFO] - logger.py:153 - info() - ✅ Appium连接已断开
2025-11-15 18:04:23 - douyin_rpa - [INFO] - logger.py:153 - info() - 生成运行统计摘要...
2025-11-15 18:04:23 - douyin_rpa - [INFO] - logger.py:153 - info() - 运行时间: 1:53:54.900973
2025-11-15 18:04:23 - douyin_rpa - [INFO] - logger.py:153 - info() - 完成会话: 659 个
2025-11-15 18:04:23 - douyin_rpa - [INFO] - logger.py:153 - info() - ✅ 程序已安全关闭
2025-11-15 18:04:23 - douyin_rpa - [INFO] - logger.py:153 - info() - ================================================================================
2025-11-15 18:04:23 - douyin_rpa - [INFO] - logger.py:153 - info() - 程序完全退出 - 时间: 2025-11-15 18:04:23
2025-11-15 18:04:23 - douyin_rpa - [INFO] - logger.py:153 - info() - ================================================================================
2025-11-15 18:04:23 - douyin_rpa - [INFO] - logger.py:153 - info() - 程序正常结束 - 总运行时间: 0:05:42.278672
2025-11-15 18:04:23 - douyin_rpa - [INFO] - logger.py:153 - info() - ================================================================================
2025-11-15 18:04:23 - douyin_rpa - [INFO] - logger.py:153 - info() - 程序最终退出 - 总运行时间: 0:05:42.278672
2025-11-15 18:04:23 - douyin_rpa - [INFO] - logger.py:153 - info() - ================================================================================
