2025-11-15 15:31:35 - douyin_rpa - [ERROR] - logger.py:161 - error()
Appium连接失败 - driver为None
----------------------------------------
NoneType: None
2025-11-15 15:31:35 - douyin_rpa - [ERROR] - logger.py:161 - error()
组件初始化失败，程序退出
----------------------------------------
NoneType: None
2025-11-15 15:35:08 - douyin_rpa - [ERROR] - logger.py:161 - error()
Appium连接失败 - driver为None
----------------------------------------
NoneType: None
2025-11-15 15:35:08 - douyin_rpa - [ERROR] - logger.py:161 - error()
组件初始化失败，程序退出
----------------------------------------
NoneType: None
2025-11-15 15:38:37 - douyin_rpa - [ERROR] - logger.py:161 - error()
未检测到Android设备
----------------------------------------
NoneType: None
2025-11-15 15:38:37 - douyin_rpa - [ERROR] - logger.py:161 - error()
设备连接检查失败 - 请确保: 1.USB连接 2.USB调试已开启 3.ADB驱动已安装
----------------------------------------
NoneType: None
2025-11-15 15:38:37 - douyin_rpa - [ERROR] - logger.py:161 - error()
环境检查失败，程序退出
----------------------------------------
NoneType: None
2025-11-15 15:38:37 - douyin_rpa - [ERROR] - logger.py:161 - error()
建议: 1.检查Python版本 2.安装依赖 3.连接设备 4.启动Appium
----------------------------------------
NoneType: None
2025-11-15 15:39:08 - douyin_rpa - [ERROR] - logger.py:161 - error()
未检测到Android设备
----------------------------------------
NoneType: None
2025-11-15 15:39:08 - douyin_rpa - [ERROR] - logger.py:161 - error()
设备连接检查失败 - 请确保: 1.USB连接 2.USB调试已开启 3.ADB驱动已安装
----------------------------------------
NoneType: None
2025-11-15 15:39:08 - douyin_rpa - [ERROR] - logger.py:161 - error()
环境检查失败，程序退出
----------------------------------------
NoneType: None
2025-11-15 15:39:08 - douyin_rpa - [ERROR] - logger.py:161 - error()
建议: 1.检查Python版本 2.安装依赖 3.连接设备 4.启动Appium
----------------------------------------
NoneType: None
2025-11-15 15:49:33 - douyin_rpa - [ERROR] - logger.py:161 - error()
Appium连接失败 - driver为None
----------------------------------------
NoneType: None
2025-11-15 15:49:33 - douyin_rpa - [ERROR] - logger.py:161 - error()
组件初始化失败，程序退出
----------------------------------------
NoneType: None
2025-11-15 15:50:56 - douyin_rpa - [ERROR] - logger.py:161 - error()
Appium连接失败 - driver为None
----------------------------------------
NoneType: None
2025-11-15 15:50:56 - douyin_rpa - [ERROR] - logger.py:161 - error()
组件初始化失败，程序退出
----------------------------------------
NoneType: None
2025-11-15 15:54:00 - douyin_rpa - [ERROR] - logger.py:161 - error()
Appium连接失败 - driver为None
----------------------------------------
NoneType: None
2025-11-15 15:54:00 - douyin_rpa - [ERROR] - logger.py:161 - error()
组件初始化失败，程序退出
----------------------------------------
NoneType: None
2025-11-15 15:57:23 - douyin_rpa - [ERROR] - logger.py:161 - error()
Appium连接失败 - driver为None
----------------------------------------
NoneType: None
2025-11-15 15:57:23 - douyin_rpa - [ERROR] - logger.py:161 - error()
组件初始化失败，程序退出
----------------------------------------
NoneType: None
2025-11-15 16:24:09 - douyin_rpa - [ERROR] - logger.py:161 - error()
WebDriver滑动异常: Message: 'GET /window/current/size' cannot be proxied to UiAutomator2 server because the instrumentation process is not running (probably crashed). Check the server log and/or the logcat output for more details
Stacktrace:
UnknownError: 'GET /window/current/size' cannot be proxied to UiAutomator2 server because the instrumentation process is not running (probably crashed). Check the server log and/or the logcat output for more details
    at UIA2Proxy.command (C:\Users\admin\AppData\Roaming\npm\node_modules\appium\node_modules\@appium\base-driver\lib\jsonwp-proxy\proxy.js:332:13)
    at processTicksAndRejections (node:internal/process/task_queues:105:5)
    at AndroidUiautomator2Driver.getWindowSize (C:\Users\admin\.appium\node_modules\appium-uiautomator2-driver\lib\commands\viewport.js:90:5)
    at AndroidUiautomator2Driver.getWindowRect (C:\Users\admin\.appium\node_modules\appium-uiautomator2-driver\lib\commands\viewport.js:61:27)
----------------------------------------

2025-11-15 16:24:22 - douyin_rpa - [ERROR] - logger.py:161 - error()
WebDriver滑动异常: Message: 'GET /window/current/size' cannot be proxied to UiAutomator2 server because the instrumentation process is not running (probably crashed). Check the server log and/or the logcat output for more details
Stacktrace:
UnknownError: 'GET /window/current/size' cannot be proxied to UiAutomator2 server because the instrumentation process is not running (probably crashed). Check the server log and/or the logcat output for more details
    at UIA2Proxy.command (C:\Users\admin\AppData\Roaming\npm\node_modules\appium\node_modules\@appium\base-driver\lib\jsonwp-proxy\proxy.js:332:13)
    at processTicksAndRejections (node:internal/process/task_queues:105:5)
    at AndroidUiautomator2Driver.getWindowSize (C:\Users\admin\.appium\node_modules\appium-uiautomator2-driver\lib\commands\viewport.js:90:5)
    at AndroidUiautomator2Driver.getWindowRect (C:\Users\admin\.appium\node_modules\appium-uiautomator2-driver\lib\commands\viewport.js:61:27)
----------------------------------------

2025-11-15 16:24:39 - douyin_rpa - [ERROR] - logger.py:161 - error()
WebDriver滑动异常: Message: 'GET /window/current/size' cannot be proxied to UiAutomator2 server because the instrumentation process is not running (probably crashed). Check the server log and/or the logcat output for more details
Stacktrace:
UnknownError: 'GET /window/current/size' cannot be proxied to UiAutomator2 server because the instrumentation process is not running (probably crashed). Check the server log and/or the logcat output for more details
    at UIA2Proxy.command (C:\Users\admin\AppData\Roaming\npm\node_modules\appium\node_modules\@appium\base-driver\lib\jsonwp-proxy\proxy.js:332:13)
    at processTicksAndRejections (node:internal/process/task_queues:105:5)
    at AndroidUiautomator2Driver.getWindowSize (C:\Users\admin\.appium\node_modules\appium-uiautomator2-driver\lib\commands\viewport.js:90:5)
    at AndroidUiautomator2Driver.getWindowRect (C:\Users\admin\.appium\node_modules\appium-uiautomator2-driver\lib\commands\viewport.js:61:27)
----------------------------------------

2025-11-15 16:24:49 - douyin_rpa - [ERROR] - logger.py:161 - error()
WebDriver滑动异常: Message: 'GET /window/current/size' cannot be proxied to UiAutomator2 server because the instrumentation process is not running (probably crashed). Check the server log and/or the logcat output for more details
Stacktrace:
UnknownError: 'GET /window/current/size' cannot be proxied to UiAutomator2 server because the instrumentation process is not running (probably crashed). Check the server log and/or the logcat output for more details
    at UIA2Proxy.command (C:\Users\admin\AppData\Roaming\npm\node_modules\appium\node_modules\@appium\base-driver\lib\jsonwp-proxy\proxy.js:332:13)
    at processTicksAndRejections (node:internal/process/task_queues:105:5)
    at AndroidUiautomator2Driver.getWindowSize (C:\Users\admin\.appium\node_modules\appium-uiautomator2-driver\lib\commands\viewport.js:90:5)
    at AndroidUiautomator2Driver.getWindowRect (C:\Users\admin\.appium\node_modules\appium-uiautomator2-driver\lib\commands\viewport.js:61:27)
----------------------------------------

2025-11-15 16:25:02 - douyin_rpa - [ERROR] - logger.py:161 - error()
WebDriver滑动异常: Message: 'GET /window/current/size' cannot be proxied to UiAutomator2 server because the instrumentation process is not running (probably crashed). Check the server log and/or the logcat output for more details
Stacktrace:
UnknownError: 'GET /window/current/size' cannot be proxied to UiAutomator2 server because the instrumentation process is not running (probably crashed). Check the server log and/or the logcat output for more details
    at UIA2Proxy.command (C:\Users\admin\AppData\Roaming\npm\node_modules\appium\node_modules\@appium\base-driver\lib\jsonwp-proxy\proxy.js:332:13)
    at processTicksAndRejections (node:internal/process/task_queues:105:5)
    at AndroidUiautomator2Driver.getWindowSize (C:\Users\admin\.appium\node_modules\appium-uiautomator2-driver\lib\commands\viewport.js:90:5)
    at AndroidUiautomator2Driver.getWindowRect (C:\Users\admin\.appium\node_modules\appium-uiautomator2-driver\lib\commands\viewport.js:61:27)
----------------------------------------

2025-11-15 16:25:17 - douyin_rpa - [ERROR] - logger.py:161 - error()
WebDriver滑动异常: Message: 'GET /window/current/size' cannot be proxied to UiAutomator2 server because the instrumentation process is not running (probably crashed). Check the server log and/or the logcat output for more details
Stacktrace:
UnknownError: 'GET /window/current/size' cannot be proxied to UiAutomator2 server because the instrumentation process is not running (probably crashed). Check the server log and/or the logcat output for more details
    at UIA2Proxy.command (C:\Users\admin\AppData\Roaming\npm\node_modules\appium\node_modules\@appium\base-driver\lib\jsonwp-proxy\proxy.js:332:13)
    at processTicksAndRejections (node:internal/process/task_queues:105:5)
    at AndroidUiautomator2Driver.getWindowSize (C:\Users\admin\.appium\node_modules\appium-uiautomator2-driver\lib\commands\viewport.js:90:5)
    at AndroidUiautomator2Driver.getWindowRect (C:\Users\admin\.appium\node_modules\appium-uiautomator2-driver\lib\commands\viewport.js:61:27)
----------------------------------------

2025-11-15 16:39:09 - douyin_rpa - [ERROR] - logger.py:161 - error()
WebDriver滑动异常: Message: 'GET /window/current/size' cannot be proxied to UiAutomator2 server because the instrumentation process is not running (probably crashed). Check the server log and/or the logcat output for more details
Stacktrace:
UnknownError: 'GET /window/current/size' cannot be proxied to UiAutomator2 server because the instrumentation process is not running (probably crashed). Check the server log and/or the logcat output for more details
    at UIA2Proxy.command (C:\Users\admin\AppData\Roaming\npm\node_modules\appium\node_modules\@appium\base-driver\lib\jsonwp-proxy\proxy.js:332:13)
    at processTicksAndRejections (node:internal/process/task_queues:105:5)
    at AndroidUiautomator2Driver.getWindowSize (C:\Users\admin\.appium\node_modules\appium-uiautomator2-driver\lib\commands\viewport.js:90:5)
    at AndroidUiautomator2Driver.getWindowRect (C:\Users\admin\.appium\node_modules\appium-uiautomator2-driver\lib\commands\viewport.js:61:27)
----------------------------------------

2025-11-15 16:39:12 - douyin_rpa - [ERROR] - logger.py:161 - error()
WebDriver滑动异常: Message: 'GET /window/current/size' cannot be proxied to UiAutomator2 server because the instrumentation process is not running (probably crashed). Check the server log and/or the logcat output for more details
Stacktrace:
UnknownError: 'GET /window/current/size' cannot be proxied to UiAutomator2 server because the instrumentation process is not running (probably crashed). Check the server log and/or the logcat output for more details
    at UIA2Proxy.command (C:\Users\admin\AppData\Roaming\npm\node_modules\appium\node_modules\@appium\base-driver\lib\jsonwp-proxy\proxy.js:332:13)
    at processTicksAndRejections (node:internal/process/task_queues:105:5)
    at AndroidUiautomator2Driver.getWindowSize (C:\Users\admin\.appium\node_modules\appium-uiautomator2-driver\lib\commands\viewport.js:90:5)
    at AndroidUiautomator2Driver.getWindowRect (C:\Users\admin\.appium\node_modules\appium-uiautomator2-driver\lib\commands\viewport.js:61:27)
----------------------------------------

2025-11-15 16:44:24 - douyin_rpa - [ERROR] - logger.py:161 - error()
WebDriver滑动异常: Message: A session is either terminated or not started; For documentation on this error, please visit: https://www.selenium.dev/documentation/webdriver/troubleshooting/errors#invalidsessionidexception
Stacktrace:
NoSuchDriverError: A session is either terminated or not started
    at asyncHandler (C:\Users\admin\AppData\Roaming\npm\node_modules\appium\node_modules\@appium\base-driver\lib\protocol\protocol.ts:329:15)
    at C:\Users\admin\AppData\Roaming\npm\node_modules\appium\node_modules\@appium\base-driver\lib\protocol\protocol.ts:524:15
    at Layer.handleRequest (C:\Users\admin\AppData\Roaming\npm\node_modules\appium\node_modules\router\lib\layer.js:152:17)
    at next (C:\Users\admin\AppData\Roaming\npm\node_modules\appium\node_modules\router\lib\route.js:157:13)
    at Route.dispatch (C:\Users\admin\AppData\Roaming\npm\node_modules\appium\node_modules\router\lib\route.js:117:3)
    at handle (C:\Users\admin\AppData\Roaming\npm\node_modules\appium\node_modules\router\index.js:435:11)
    at Layer.handleRequest (C:\Users\admin\AppData\Roaming\npm\node_modules\appium\node_modules\router\lib\layer.js:152:17)
    at C:\Users\admin\AppData\Roaming\npm\node_modules\appium\node_modules\router\index.js:295:15
    at param (C:\Users\admin\AppData\Roaming\npm\node_modules\appium\node_modules\router\index.js:600:14)
    at param (C:\Users\admin\AppData\Roaming\npm\node_modules\appium\node_modules\router\index.js:610:14)
    at processParams (C:\Users\admin\AppData\Roaming\npm\node_modules\appium\node_modules\router\index.js:664:3)
    at next (C:\Users\admin\AppData\Roaming\npm\node_modules\appium\node_modules\router\index.js:291:5)
    at logger (C:\Users\admin\AppData\Roaming\npm\node_modules\appium\node_modules\morgan\index.js:144:5)
    at Layer.handleRequest (C:\Users\admin\AppData\Roaming\npm\node_modules\appium\node_modules\router\lib\layer.js:152:17)
    at trimPrefix (C:\Users\admin\AppData\Roaming\npm\node_modules\appium\node_modules\router\index.js:342:13)
    at C:\Users\admin\AppData\Roaming\npm\node_modules\appium\node_modules\router\index.js:297:9
    at processParams (C:\Users\admin\AppData\Roaming\npm\node_modules\appium\node_modules\router\index.js:582:12)
    at next (C:\Users\admin\AppData\Roaming\npm\node_modules\appium\node_modules\router\index.js:291:5)
    at jsonParser (C:\Users\admin\AppData\Roaming\npm\node_modules\appium\node_modules\body-parser\lib\types\json.js:100:7)
    at Layer.handleRequest (C:\Users\admin\AppData\Roaming\npm\node_modules\appium\node_modules\router\lib\layer.js:152:17)
    at trimPrefix (C:\Users\admin\AppData\Roaming\npm\node_modules\appium\node_modules\router\index.js:342:13)
    at C:\Users\admin\AppData\Roaming\npm\node_modules\appium\node_modules\router\index.js:297:9
----------------------------------------

2025-11-15 16:44:28 - douyin_rpa - [ERROR] - logger.py:161 - error()
WebDriver滑动异常: Message: A session is either terminated or not started; For documentation on this error, please visit: https://www.selenium.dev/documentation/webdriver/troubleshooting/errors#invalidsessionidexception
Stacktrace:
NoSuchDriverError: A session is either terminated or not started
    at asyncHandler (C:\Users\admin\AppData\Roaming\npm\node_modules\appium\node_modules\@appium\base-driver\lib\protocol\protocol.ts:329:15)
    at C:\Users\admin\AppData\Roaming\npm\node_modules\appium\node_modules\@appium\base-driver\lib\protocol\protocol.ts:524:15
    at Layer.handleRequest (C:\Users\admin\AppData\Roaming\npm\node_modules\appium\node_modules\router\lib\layer.js:152:17)
    at next (C:\Users\admin\AppData\Roaming\npm\node_modules\appium\node_modules\router\lib\route.js:157:13)
    at Route.dispatch (C:\Users\admin\AppData\Roaming\npm\node_modules\appium\node_modules\router\lib\route.js:117:3)
    at handle (C:\Users\admin\AppData\Roaming\npm\node_modules\appium\node_modules\router\index.js:435:11)
    at Layer.handleRequest (C:\Users\admin\AppData\Roaming\npm\node_modules\appium\node_modules\router\lib\layer.js:152:17)
    at C:\Users\admin\AppData\Roaming\npm\node_modules\appium\node_modules\router\index.js:295:15
    at param (C:\Users\admin\AppData\Roaming\npm\node_modules\appium\node_modules\router\index.js:600:14)
    at param (C:\Users\admin\AppData\Roaming\npm\node_modules\appium\node_modules\router\index.js:610:14)
    at processParams (C:\Users\admin\AppData\Roaming\npm\node_modules\appium\node_modules\router\index.js:664:3)
    at next (C:\Users\admin\AppData\Roaming\npm\node_modules\appium\node_modules\router\index.js:291:5)
    at logger (C:\Users\admin\AppData\Roaming\npm\node_modules\appium\node_modules\morgan\index.js:144:5)
    at Layer.handleRequest (C:\Users\admin\AppData\Roaming\npm\node_modules\appium\node_modules\router\lib\layer.js:152:17)
    at trimPrefix (C:\Users\admin\AppData\Roaming\npm\node_modules\appium\node_modules\router\index.js:342:13)
    at C:\Users\admin\AppData\Roaming\npm\node_modules\appium\node_modules\router\index.js:297:9
    at processParams (C:\Users\admin\AppData\Roaming\npm\node_modules\appium\node_modules\router\index.js:582:12)
    at next (C:\Users\admin\AppData\Roaming\npm\node_modules\appium\node_modules\router\index.js:291:5)
    at jsonParser (C:\Users\admin\AppData\Roaming\npm\node_modules\appium\node_modules\body-parser\lib\types\json.js:100:7)
    at Layer.handleRequest (C:\Users\admin\AppData\Roaming\npm\node_modules\appium\node_modules\router\lib\layer.js:152:17)
    at trimPrefix (C:\Users\admin\AppData\Roaming\npm\node_modules\appium\node_modules\router\index.js:342:13)
    at C:\Users\admin\AppData\Roaming\npm\node_modules\appium\node_modules\router\index.js:297:9
----------------------------------------

2025-11-15 16:44:31 - douyin_rpa - [ERROR] - logger.py:161 - error()
WebDriver滑动异常: Message: A session is either terminated or not started; For documentation on this error, please visit: https://www.selenium.dev/documentation/webdriver/troubleshooting/errors#invalidsessionidexception
Stacktrace:
NoSuchDriverError: A session is either terminated or not started
    at asyncHandler (C:\Users\admin\AppData\Roaming\npm\node_modules\appium\node_modules\@appium\base-driver\lib\protocol\protocol.ts:329:15)
    at C:\Users\admin\AppData\Roaming\npm\node_modules\appium\node_modules\@appium\base-driver\lib\protocol\protocol.ts:524:15
    at Layer.handleRequest (C:\Users\admin\AppData\Roaming\npm\node_modules\appium\node_modules\router\lib\layer.js:152:17)
    at next (C:\Users\admin\AppData\Roaming\npm\node_modules\appium\node_modules\router\lib\route.js:157:13)
    at Route.dispatch (C:\Users\admin\AppData\Roaming\npm\node_modules\appium\node_modules\router\lib\route.js:117:3)
    at handle (C:\Users\admin\AppData\Roaming\npm\node_modules\appium\node_modules\router\index.js:435:11)
    at Layer.handleRequest (C:\Users\admin\AppData\Roaming\npm\node_modules\appium\node_modules\router\lib\layer.js:152:17)
    at C:\Users\admin\AppData\Roaming\npm\node_modules\appium\node_modules\router\index.js:295:15
    at param (C:\Users\admin\AppData\Roaming\npm\node_modules\appium\node_modules\router\index.js:600:14)
    at param (C:\Users\admin\AppData\Roaming\npm\node_modules\appium\node_modules\router\index.js:610:14)
    at processParams (C:\Users\admin\AppData\Roaming\npm\node_modules\appium\node_modules\router\index.js:664:3)
    at next (C:\Users\admin\AppData\Roaming\npm\node_modules\appium\node_modules\router\index.js:291:5)
    at logger (C:\Users\admin\AppData\Roaming\npm\node_modules\appium\node_modules\morgan\index.js:144:5)
    at Layer.handleRequest (C:\Users\admin\AppData\Roaming\npm\node_modules\appium\node_modules\router\lib\layer.js:152:17)
    at trimPrefix (C:\Users\admin\AppData\Roaming\npm\node_modules\appium\node_modules\router\index.js:342:13)
    at C:\Users\admin\AppData\Roaming\npm\node_modules\appium\node_modules\router\index.js:297:9
    at processParams (C:\Users\admin\AppData\Roaming\npm\node_modules\appium\node_modules\router\index.js:582:12)
    at next (C:\Users\admin\AppData\Roaming\npm\node_modules\appium\node_modules\router\index.js:291:5)
    at jsonParser (C:\Users\admin\AppData\Roaming\npm\node_modules\appium\node_modules\body-parser\lib\types\json.js:100:7)
    at Layer.handleRequest (C:\Users\admin\AppData\Roaming\npm\node_modules\appium\node_modules\router\lib\layer.js:152:17)
    at trimPrefix (C:\Users\admin\AppData\Roaming\npm\node_modules\appium\node_modules\router\index.js:342:13)
    at C:\Users\admin\AppData\Roaming\npm\node_modules\appium\node_modules\router\index.js:297:9
----------------------------------------

2025-11-15 16:54:35 - douyin_rpa - [ERROR] - logger.py:161 - error()
Appium Server未运行且未设置auto_start参数，环境检查失败
----------------------------------------
NoneType: None
2025-11-15 16:54:35 - douyin_rpa - [ERROR] - logger.py:161 - error()
环境检查失败，程序退出
----------------------------------------
NoneType: None
2025-11-15 16:54:35 - douyin_rpa - [ERROR] - logger.py:161 - error()
建议: 1.检查Python版本 2.安装依赖 3.连接设备 4.启动Appium
----------------------------------------
NoneType: None
2025-11-15 16:56:15 - douyin_rpa - [ERROR] - logger.py:161 - error()
Appium Server未运行且未设置auto_start参数，环境检查失败
----------------------------------------
NoneType: None
2025-11-15 16:56:15 - douyin_rpa - [ERROR] - logger.py:161 - error()
环境检查失败，程序退出
----------------------------------------
NoneType: None
2025-11-15 16:56:15 - douyin_rpa - [ERROR] - logger.py:161 - error()
建议: 1.检查Python版本 2.安装依赖 3.连接设备 4.启动Appium
----------------------------------------
NoneType: None
2025-11-15 17:10:19 - douyin_rpa - [ERROR] - logger.py:161 - error()
WebDriver滑动异常: Message: Could not proxy command to the remote server. Original error: socket hang up
Stacktrace:
UnknownError: Could not proxy command to the remote server. Original error: socket hang up
    at ProxyRequestError.getActualError (C:\Users\admin\AppData\Roaming\npm\node_modules\appium\node_modules\@appium\base-driver\lib\protocol\errors.ts:960:12)
    at UIA2Proxy.command (C:\Users\admin\AppData\Roaming\npm\node_modules\appium\node_modules\@appium\base-driver\lib\jsonwp-proxy\proxy.js:330:19)
    at processTicksAndRejections (node:internal/process/task_queues:105:5)
    at AndroidUiautomator2Driver.getWindowSize (C:\Users\admin\.appium\node_modules\appium-uiautomator2-driver\lib\commands\viewport.js:90:5)
    at AndroidUiautomator2Driver.getWindowRect (C:\Users\admin\.appium\node_modules\appium-uiautomator2-driver\lib\commands\viewport.js:61:27)
----------------------------------------

2025-11-15 17:10:22 - douyin_rpa - [ERROR] - logger.py:161 - error()
WebDriver滑动异常: Message: 'GET /window/current/size' cannot be proxied to UiAutomator2 server because the instrumentation process is not running (probably crashed). Check the server log and/or the logcat output for more details
Stacktrace:
UnknownError: 'GET /window/current/size' cannot be proxied to UiAutomator2 server because the instrumentation process is not running (probably crashed). Check the server log and/or the logcat output for more details
    at UIA2Proxy.command (C:\Users\admin\AppData\Roaming\npm\node_modules\appium\node_modules\@appium\base-driver\lib\jsonwp-proxy\proxy.js:332:13)
    at processTicksAndRejections (node:internal/process/task_queues:105:5)
    at AndroidUiautomator2Driver.getWindowSize (C:\Users\admin\.appium\node_modules\appium-uiautomator2-driver\lib\commands\viewport.js:90:5)
    at AndroidUiautomator2Driver.getWindowRect (C:\Users\admin\.appium\node_modules\appium-uiautomator2-driver\lib\commands\viewport.js:61:27)
----------------------------------------

2025-11-15 17:24:58 - douyin_rpa - [ERROR] - logger.py:161 - error()
WebDriver滑动异常: Message: 'GET /window/current/size' cannot be proxied to UiAutomator2 server because the instrumentation process is not running (probably crashed). Check the server log and/or the logcat output for more details
Stacktrace:
UnknownError: 'GET /window/current/size' cannot be proxied to UiAutomator2 server because the instrumentation process is not running (probably crashed). Check the server log and/or the logcat output for more details
    at UIA2Proxy.command (C:\Users\admin\AppData\Roaming\npm\node_modules\appium\node_modules\@appium\base-driver\lib\jsonwp-proxy\proxy.js:332:13)
    at processTicksAndRejections (node:internal/process/task_queues:105:5)
    at AndroidUiautomator2Driver.getWindowSize (C:\Users\admin\.appium\node_modules\appium-uiautomator2-driver\lib\commands\viewport.js:90:5)
    at AndroidUiautomator2Driver.getWindowRect (C:\Users\admin\.appium\node_modules\appium-uiautomator2-driver\lib\commands\viewport.js:61:27)
----------------------------------------

2025-11-15 17:25:01 - douyin_rpa - [ERROR] - logger.py:161 - error()
WebDriver滑动异常: Message: 'GET /window/current/size' cannot be proxied to UiAutomator2 server because the instrumentation process is not running (probably crashed). Check the server log and/or the logcat output for more details
Stacktrace:
UnknownError: 'GET /window/current/size' cannot be proxied to UiAutomator2 server because the instrumentation process is not running (probably crashed). Check the server log and/or the logcat output for more details
    at UIA2Proxy.command (C:\Users\admin\AppData\Roaming\npm\node_modules\appium\node_modules\@appium\base-driver\lib\jsonwp-proxy\proxy.js:332:13)
    at processTicksAndRejections (node:internal/process/task_queues:105:5)
    at AndroidUiautomator2Driver.getWindowSize (C:\Users\admin\.appium\node_modules\appium-uiautomator2-driver\lib\commands\viewport.js:90:5)
    at AndroidUiautomator2Driver.getWindowRect (C:\Users\admin\.appium\node_modules\appium-uiautomator2-driver\lib\commands\viewport.js:61:27)
----------------------------------------

2025-11-15 17:25:04 - douyin_rpa - [ERROR] - logger.py:161 - error()
WebDriver滑动异常: Message: 'GET /window/current/size' cannot be proxied to UiAutomator2 server because the instrumentation process is not running (probably crashed). Check the server log and/or the logcat output for more details
Stacktrace:
UnknownError: 'GET /window/current/size' cannot be proxied to UiAutomator2 server because the instrumentation process is not running (probably crashed). Check the server log and/or the logcat output for more details
    at UIA2Proxy.command (C:\Users\admin\AppData\Roaming\npm\node_modules\appium\node_modules\@appium\base-driver\lib\jsonwp-proxy\proxy.js:332:13)
    at processTicksAndRejections (node:internal/process/task_queues:105:5)
    at AndroidUiautomator2Driver.getWindowSize (C:\Users\admin\.appium\node_modules\appium-uiautomator2-driver\lib\commands\viewport.js:90:5)
    at AndroidUiautomator2Driver.getWindowRect (C:\Users\admin\.appium\node_modules\appium-uiautomator2-driver\lib\commands\viewport.js:61:27)
----------------------------------------

2025-11-15 17:25:09 - douyin_rpa - [ERROR] - logger.py:161 - error()
WebDriver滑动异常: Message: 'GET /window/current/size' cannot be proxied to UiAutomator2 server because the instrumentation process is not running (probably crashed). Check the server log and/or the logcat output for more details
Stacktrace:
UnknownError: 'GET /window/current/size' cannot be proxied to UiAutomator2 server because the instrumentation process is not running (probably crashed). Check the server log and/or the logcat output for more details
    at UIA2Proxy.command (C:\Users\admin\AppData\Roaming\npm\node_modules\appium\node_modules\@appium\base-driver\lib\jsonwp-proxy\proxy.js:332:13)
    at processTicksAndRejections (node:internal/process/task_queues:105:5)
    at AndroidUiautomator2Driver.getWindowSize (C:\Users\admin\.appium\node_modules\appium-uiautomator2-driver\lib\commands\viewport.js:90:5)
    at AndroidUiautomator2Driver.getWindowRect (C:\Users\admin\.appium\node_modules\appium-uiautomator2-driver\lib\commands\viewport.js:61:27)
----------------------------------------

2025-11-15 17:25:12 - douyin_rpa - [ERROR] - logger.py:161 - error()
WebDriver滑动异常: Message: 'GET /window/current/size' cannot be proxied to UiAutomator2 server because the instrumentation process is not running (probably crashed). Check the server log and/or the logcat output for more details
Stacktrace:
UnknownError: 'GET /window/current/size' cannot be proxied to UiAutomator2 server because the instrumentation process is not running (probably crashed). Check the server log and/or the logcat output for more details
    at UIA2Proxy.command (C:\Users\admin\AppData\Roaming\npm\node_modules\appium\node_modules\@appium\base-driver\lib\jsonwp-proxy\proxy.js:332:13)
    at processTicksAndRejections (node:internal/process/task_queues:105:5)
    at AndroidUiautomator2Driver.getWindowSize (C:\Users\admin\.appium\node_modules\appium-uiautomator2-driver\lib\commands\viewport.js:90:5)
    at AndroidUiautomator2Driver.getWindowRect (C:\Users\admin\.appium\node_modules\appium-uiautomator2-driver\lib\commands\viewport.js:61:27)
----------------------------------------

2025-11-15 17:25:31 - douyin_rpa - [ERROR] - logger.py:161 - error()
WebDriver滑动异常: Message: Could not proxy command to the remote server. Original error: socket hang up
Stacktrace:
UnknownError: Could not proxy command to the remote server. Original error: socket hang up
    at ProxyRequestError.getActualError (C:\Users\admin\AppData\Roaming\npm\node_modules\appium\node_modules\@appium\base-driver\lib\protocol\errors.ts:960:12)
    at UIA2Proxy.command (C:\Users\admin\AppData\Roaming\npm\node_modules\appium\node_modules\@appium\base-driver\lib\jsonwp-proxy\proxy.js:330:19)
    at processTicksAndRejections (node:internal/process/task_queues:105:5)
    at AndroidUiautomator2Driver.getWindowSize (C:\Users\admin\.appium\node_modules\appium-uiautomator2-driver\lib\commands\viewport.js:90:5)
    at AndroidUiautomator2Driver.getWindowRect (C:\Users\admin\.appium\node_modules\appium-uiautomator2-driver\lib\commands\viewport.js:61:27)
----------------------------------------

2025-11-15 17:25:32 - douyin_rpa - [ERROR] - logger.py:161 - error()
WebDriver滑动异常: Message: 'GET /window/current/size' cannot be proxied to UiAutomator2 server because the instrumentation process is not running (probably crashed). Check the server log and/or the logcat output for more details
Stacktrace:
UnknownError: 'GET /window/current/size' cannot be proxied to UiAutomator2 server because the instrumentation process is not running (probably crashed). Check the server log and/or the logcat output for more details
    at UIA2Proxy.command (C:\Users\admin\AppData\Roaming\npm\node_modules\appium\node_modules\@appium\base-driver\lib\jsonwp-proxy\proxy.js:332:13)
    at processTicksAndRejections (node:internal/process/task_queues:105:5)
    at AndroidUiautomator2Driver.getWindowSize (C:\Users\admin\.appium\node_modules\appium-uiautomator2-driver\lib\commands\viewport.js:90:5)
    at AndroidUiautomator2Driver.getWindowRect (C:\Users\admin\.appium\node_modules\appium-uiautomator2-driver\lib\commands\viewport.js:61:27)
----------------------------------------

2025-11-15 17:25:33 - douyin_rpa - [ERROR] - logger.py:161 - error()
WebDriver滑动异常: Message: 'GET /window/current/size' cannot be proxied to UiAutomator2 server because the instrumentation process is not running (probably crashed). Check the server log and/or the logcat output for more details
Stacktrace:
UnknownError: 'GET /window/current/size' cannot be proxied to UiAutomator2 server because the instrumentation process is not running (probably crashed). Check the server log and/or the logcat output for more details
    at UIA2Proxy.command (C:\Users\admin\AppData\Roaming\npm\node_modules\appium\node_modules\@appium\base-driver\lib\jsonwp-proxy\proxy.js:332:13)
    at processTicksAndRejections (node:internal/process/task_queues:105:5)
    at AndroidUiautomator2Driver.getWindowSize (C:\Users\admin\.appium\node_modules\appium-uiautomator2-driver\lib\commands\viewport.js:90:5)
    at AndroidUiautomator2Driver.getWindowRect (C:\Users\admin\.appium\node_modules\appium-uiautomator2-driver\lib\commands\viewport.js:61:27)
----------------------------------------

2025-11-15 17:25:33 - douyin_rpa - [ERROR] - logger.py:161 - error()
WebDriver滑动异常: Message: 'GET /window/current/size' cannot be proxied to UiAutomator2 server because the instrumentation process is not running (probably crashed). Check the server log and/or the logcat output for more details
Stacktrace:
UnknownError: 'GET /window/current/size' cannot be proxied to UiAutomator2 server because the instrumentation process is not running (probably crashed). Check the server log and/or the logcat output for more details
    at UIA2Proxy.command (C:\Users\admin\AppData\Roaming\npm\node_modules\appium\node_modules\@appium\base-driver\lib\jsonwp-proxy\proxy.js:332:13)
    at processTicksAndRejections (node:internal/process/task_queues:105:5)
    at AndroidUiautomator2Driver.getWindowSize (C:\Users\admin\.appium\node_modules\appium-uiautomator2-driver\lib\commands\viewport.js:90:5)
    at AndroidUiautomator2Driver.getWindowRect (C:\Users\admin\.appium\node_modules\appium-uiautomator2-driver\lib\commands\viewport.js:61:27)
----------------------------------------

2025-11-15 17:25:46 - douyin_rpa - [ERROR] - logger.py:161 - error()
WebDriver滑动异常: Message: 'GET /window/current/size' cannot be proxied to UiAutomator2 server because the instrumentation process is not running (probably crashed). Check the server log and/or the logcat output for more details
Stacktrace:
UnknownError: 'GET /window/current/size' cannot be proxied to UiAutomator2 server because the instrumentation process is not running (probably crashed). Check the server log and/or the logcat output for more details
    at UIA2Proxy.command (C:\Users\admin\AppData\Roaming\npm\node_modules\appium\node_modules\@appium\base-driver\lib\jsonwp-proxy\proxy.js:332:13)
    at processTicksAndRejections (node:internal/process/task_queues:105:5)
    at AndroidUiautomator2Driver.getWindowSize (C:\Users\admin\.appium\node_modules\appium-uiautomator2-driver\lib\commands\viewport.js:90:5)
    at AndroidUiautomator2Driver.getWindowRect (C:\Users\admin\.appium\node_modules\appium-uiautomator2-driver\lib\commands\viewport.js:61:27)
----------------------------------------

2025-11-15 17:25:46 - douyin_rpa - [ERROR] - logger.py:161 - error()
WebDriver滑动异常: Message: 'GET /window/current/size' cannot be proxied to UiAutomator2 server because the instrumentation process is not running (probably crashed). Check the server log and/or the logcat output for more details
Stacktrace:
UnknownError: 'GET /window/current/size' cannot be proxied to UiAutomator2 server because the instrumentation process is not running (probably crashed). Check the server log and/or the logcat output for more details
    at UIA2Proxy.command (C:\Users\admin\AppData\Roaming\npm\node_modules\appium\node_modules\@appium\base-driver\lib\jsonwp-proxy\proxy.js:332:13)
    at processTicksAndRejections (node:internal/process/task_queues:105:5)
    at AndroidUiautomator2Driver.getWindowSize (C:\Users\admin\.appium\node_modules\appium-uiautomator2-driver\lib\commands\viewport.js:90:5)
    at AndroidUiautomator2Driver.getWindowRect (C:\Users\admin\.appium\node_modules\appium-uiautomator2-driver\lib\commands\viewport.js:61:27)
----------------------------------------

2025-11-15 17:25:47 - douyin_rpa - [ERROR] - logger.py:161 - error()
WebDriver滑动异常: Message: 'GET /window/current/size' cannot be proxied to UiAutomator2 server because the instrumentation process is not running (probably crashed). Check the server log and/or the logcat output for more details
Stacktrace:
UnknownError: 'GET /window/current/size' cannot be proxied to UiAutomator2 server because the instrumentation process is not running (probably crashed). Check the server log and/or the logcat output for more details
    at UIA2Proxy.command (C:\Users\admin\AppData\Roaming\npm\node_modules\appium\node_modules\@appium\base-driver\lib\jsonwp-proxy\proxy.js:332:13)
    at processTicksAndRejections (node:internal/process/task_queues:105:5)
    at AndroidUiautomator2Driver.getWindowSize (C:\Users\admin\.appium\node_modules\appium-uiautomator2-driver\lib\commands\viewport.js:90:5)
    at AndroidUiautomator2Driver.getWindowRect (C:\Users\admin\.appium\node_modules\appium-uiautomator2-driver\lib\commands\viewport.js:61:27)
----------------------------------------

2025-11-15 17:25:47 - douyin_rpa - [ERROR] - logger.py:161 - error()
WebDriver滑动异常: Message: 'GET /window/current/size' cannot be proxied to UiAutomator2 server because the instrumentation process is not running (probably crashed). Check the server log and/or the logcat output for more details
Stacktrace:
UnknownError: 'GET /window/current/size' cannot be proxied to UiAutomator2 server because the instrumentation process is not running (probably crashed). Check the server log and/or the logcat output for more details
    at UIA2Proxy.command (C:\Users\admin\AppData\Roaming\npm\node_modules\appium\node_modules\@appium\base-driver\lib\jsonwp-proxy\proxy.js:332:13)
    at processTicksAndRejections (node:internal/process/task_queues:105:5)
    at AndroidUiautomator2Driver.getWindowSize (C:\Users\admin\.appium\node_modules\appium-uiautomator2-driver\lib\commands\viewport.js:90:5)
    at AndroidUiautomator2Driver.getWindowRect (C:\Users\admin\.appium\node_modules\appium-uiautomator2-driver\lib\commands\viewport.js:61:27)
----------------------------------------

2025-11-15 17:25:47 - douyin_rpa - [ERROR] - logger.py:161 - error()
WebDriver滑动异常: Message: 'GET /window/current/size' cannot be proxied to UiAutomator2 server because the instrumentation process is not running (probably crashed). Check the server log and/or the logcat output for more details
Stacktrace:
UnknownError: 'GET /window/current/size' cannot be proxied to UiAutomator2 server because the instrumentation process is not running (probably crashed). Check the server log and/or the logcat output for more details
    at UIA2Proxy.command (C:\Users\admin\AppData\Roaming\npm\node_modules\appium\node_modules\@appium\base-driver\lib\jsonwp-proxy\proxy.js:332:13)
    at processTicksAndRejections (node:internal/process/task_queues:105:5)
    at AndroidUiautomator2Driver.getWindowSize (C:\Users\admin\.appium\node_modules\appium-uiautomator2-driver\lib\commands\viewport.js:90:5)
    at AndroidUiautomator2Driver.getWindowRect (C:\Users\admin\.appium\node_modules\appium-uiautomator2-driver\lib\commands\viewport.js:61:27)
----------------------------------------

2025-11-15 17:57:27 - douyin_rpa - [ERROR] - logger.py:161 - error()
WebDriver滑动异常: Message: Could not proxy command to the remote server. Original error: socket hang up
Stacktrace:
UnknownError: Could not proxy command to the remote server. Original error: socket hang up
    at ProxyRequestError.getActualError (C:\Users\admin\AppData\Roaming\npm\node_modules\appium\node_modules\@appium\base-driver\lib\protocol\errors.ts:960:12)
    at UIA2Proxy.command (C:\Users\admin\AppData\Roaming\npm\node_modules\appium\node_modules\@appium\base-driver\lib\jsonwp-proxy\proxy.js:330:19)
    at processTicksAndRejections (node:internal/process/task_queues:105:5)
    at AndroidUiautomator2Driver.getWindowSize (C:\Users\admin\.appium\node_modules\appium-uiautomator2-driver\lib\commands\viewport.js:90:5)
    at AndroidUiautomator2Driver.getWindowRect (C:\Users\admin\.appium\node_modules\appium-uiautomator2-driver\lib\commands\viewport.js:61:27)
----------------------------------------

2025-11-15 17:57:27 - douyin_rpa - [ERROR] - logger.py:161 - error()
WebDriver滑动异常: Message: Could not proxy command to the remote server. Original error: socket hang up
Stacktrace:
UnknownError: Could not proxy command to the remote server. Original error: socket hang up
    at ProxyRequestError.getActualError (C:\Users\admin\AppData\Roaming\npm\node_modules\appium\node_modules\@appium\base-driver\lib\protocol\errors.ts:960:12)
    at UIA2Proxy.command (C:\Users\admin\AppData\Roaming\npm\node_modules\appium\node_modules\@appium\base-driver\lib\jsonwp-proxy\proxy.js:330:19)
    at processTicksAndRejections (node:internal/process/task_queues:105:5)
    at AndroidUiautomator2Driver.getWindowSize (C:\Users\admin\.appium\node_modules\appium-uiautomator2-driver\lib\commands\viewport.js:90:5)
    at AndroidUiautomator2Driver.getWindowRect (C:\Users\admin\.appium\node_modules\appium-uiautomator2-driver\lib\commands\viewport.js:61:27)
----------------------------------------

2025-11-15 17:57:27 - douyin_rpa - [ERROR] - logger.py:161 - error()
WebDriver滑动异常: Message: Could not proxy command to the remote server. Original error: socket hang up
Stacktrace:
UnknownError: Could not proxy command to the remote server. Original error: socket hang up
    at ProxyRequestError.getActualError (C:\Users\admin\AppData\Roaming\npm\node_modules\appium\node_modules\@appium\base-driver\lib\protocol\errors.ts:960:12)
    at UIA2Proxy.command (C:\Users\admin\AppData\Roaming\npm\node_modules\appium\node_modules\@appium\base-driver\lib\jsonwp-proxy\proxy.js:330:19)
    at processTicksAndRejections (node:internal/process/task_queues:105:5)
    at AndroidUiautomator2Driver.getWindowSize (C:\Users\admin\.appium\node_modules\appium-uiautomator2-driver\lib\commands\viewport.js:90:5)
    at AndroidUiautomator2Driver.getWindowRect (C:\Users\admin\.appium\node_modules\appium-uiautomator2-driver\lib\commands\viewport.js:61:27)
----------------------------------------

2025-11-15 17:57:28 - douyin_rpa - [ERROR] - logger.py:161 - error()
WebDriver滑动异常: Message: 'GET /window/current/size' cannot be proxied to UiAutomator2 server because the instrumentation process is not running (probably crashed). Check the server log and/or the logcat output for more details
Stacktrace:
UnknownError: 'GET /window/current/size' cannot be proxied to UiAutomator2 server because the instrumentation process is not running (probably crashed). Check the server log and/or the logcat output for more details
    at UIA2Proxy.command (C:\Users\admin\AppData\Roaming\npm\node_modules\appium\node_modules\@appium\base-driver\lib\jsonwp-proxy\proxy.js:332:13)
    at processTicksAndRejections (node:internal/process/task_queues:105:5)
    at AndroidUiautomator2Driver.getWindowSize (C:\Users\admin\.appium\node_modules\appium-uiautomator2-driver\lib\commands\viewport.js:90:5)
    at AndroidUiautomator2Driver.getWindowRect (C:\Users\admin\.appium\node_modules\appium-uiautomator2-driver\lib\commands\viewport.js:61:27)
----------------------------------------

2025-11-15 17:57:28 - douyin_rpa - [ERROR] - logger.py:161 - error()
WebDriver滑动异常: Message: 'GET /window/current/size' cannot be proxied to UiAutomator2 server because the instrumentation process is not running (probably crashed). Check the server log and/or the logcat output for more details
Stacktrace:
UnknownError: 'GET /window/current/size' cannot be proxied to UiAutomator2 server because the instrumentation process is not running (probably crashed). Check the server log and/or the logcat output for more details
    at UIA2Proxy.command (C:\Users\admin\AppData\Roaming\npm\node_modules\appium\node_modules\@appium\base-driver\lib\jsonwp-proxy\proxy.js:332:13)
    at processTicksAndRejections (node:internal/process/task_queues:105:5)
    at AndroidUiautomator2Driver.getWindowSize (C:\Users\admin\.appium\node_modules\appium-uiautomator2-driver\lib\commands\viewport.js:90:5)
    at AndroidUiautomator2Driver.getWindowRect (C:\Users\admin\.appium\node_modules\appium-uiautomator2-driver\lib\commands\viewport.js:61:27)
----------------------------------------

2025-11-15 17:57:28 - douyin_rpa - [ERROR] - logger.py:161 - error()
WebDriver滑动异常: Message: 'GET /window/current/size' cannot be proxied to UiAutomator2 server because the instrumentation process is not running (probably crashed). Check the server log and/or the logcat output for more details
Stacktrace:
UnknownError: 'GET /window/current/size' cannot be proxied to UiAutomator2 server because the instrumentation process is not running (probably crashed). Check the server log and/or the logcat output for more details
    at UIA2Proxy.command (C:\Users\admin\AppData\Roaming\npm\node_modules\appium\node_modules\@appium\base-driver\lib\jsonwp-proxy\proxy.js:332:13)
    at processTicksAndRejections (node:internal/process/task_queues:105:5)
    at AndroidUiautomator2Driver.getWindowSize (C:\Users\admin\.appium\node_modules\appium-uiautomator2-driver\lib\commands\viewport.js:90:5)
    at AndroidUiautomator2Driver.getWindowRect (C:\Users\admin\.appium\node_modules\appium-uiautomator2-driver\lib\commands\viewport.js:61:27)
----------------------------------------

2025-11-15 17:57:28 - douyin_rpa - [ERROR] - logger.py:161 - error()
WebDriver滑动异常: Message: 'GET /window/current/size' cannot be proxied to UiAutomator2 server because the instrumentation process is not running (probably crashed). Check the server log and/or the logcat output for more details
Stacktrace:
UnknownError: 'GET /window/current/size' cannot be proxied to UiAutomator2 server because the instrumentation process is not running (probably crashed). Check the server log and/or the logcat output for more details
    at UIA2Proxy.command (C:\Users\admin\AppData\Roaming\npm\node_modules\appium\node_modules\@appium\base-driver\lib\jsonwp-proxy\proxy.js:332:13)
    at processTicksAndRejections (node:internal/process/task_queues:105:5)
    at AndroidUiautomator2Driver.getWindowSize (C:\Users\admin\.appium\node_modules\appium-uiautomator2-driver\lib\commands\viewport.js:90:5)
    at AndroidUiautomator2Driver.getWindowRect (C:\Users\admin\.appium\node_modules\appium-uiautomator2-driver\lib\commands\viewport.js:61:27)
----------------------------------------

2025-11-15 17:57:28 - douyin_rpa - [ERROR] - logger.py:161 - error()
WebDriver滑动异常: Message: 'GET /window/current/size' cannot be proxied to UiAutomator2 server because the instrumentation process is not running (probably crashed). Check the server log and/or the logcat output for more details
Stacktrace:
UnknownError: 'GET /window/current/size' cannot be proxied to UiAutomator2 server because the instrumentation process is not running (probably crashed). Check the server log and/or the logcat output for more details
    at UIA2Proxy.command (C:\Users\admin\AppData\Roaming\npm\node_modules\appium\node_modules\@appium\base-driver\lib\jsonwp-proxy\proxy.js:332:13)
    at processTicksAndRejections (node:internal/process/task_queues:105:5)
    at AndroidUiautomator2Driver.getWindowSize (C:\Users\admin\.appium\node_modules\appium-uiautomator2-driver\lib\commands\viewport.js:90:5)
    at AndroidUiautomator2Driver.getWindowRect (C:\Users\admin\.appium\node_modules\appium-uiautomator2-driver\lib\commands\viewport.js:61:27)
----------------------------------------

2025-11-15 17:57:36 - douyin_rpa - [ERROR] - logger.py:161 - error()
WebDriver滑动异常: Message: 'GET /window/current/size' cannot be proxied to UiAutomator2 server because the instrumentation process is not running (probably crashed). Check the server log and/or the logcat output for more details
Stacktrace:
UnknownError: 'GET /window/current/size' cannot be proxied to UiAutomator2 server because the instrumentation process is not running (probably crashed). Check the server log and/or the logcat output for more details
    at UIA2Proxy.command (C:\Users\admin\AppData\Roaming\npm\node_modules\appium\node_modules\@appium\base-driver\lib\jsonwp-proxy\proxy.js:332:13)
    at processTicksAndRejections (node:internal/process/task_queues:105:5)
    at AndroidUiautomator2Driver.getWindowSize (C:\Users\admin\.appium\node_modules\appium-uiautomator2-driver\lib\commands\viewport.js:90:5)
    at AndroidUiautomator2Driver.getWindowRect (C:\Users\admin\.appium\node_modules\appium-uiautomator2-driver\lib\commands\viewport.js:61:27)
----------------------------------------

2025-11-15 17:57:36 - douyin_rpa - [ERROR] - logger.py:161 - error()
WebDriver滑动异常: Message: 'GET /window/current/size' cannot be proxied to UiAutomator2 server because the instrumentation process is not running (probably crashed). Check the server log and/or the logcat output for more details
Stacktrace:
UnknownError: 'GET /window/current/size' cannot be proxied to UiAutomator2 server because the instrumentation process is not running (probably crashed). Check the server log and/or the logcat output for more details
    at UIA2Proxy.command (C:\Users\admin\AppData\Roaming\npm\node_modules\appium\node_modules\@appium\base-driver\lib\jsonwp-proxy\proxy.js:332:13)
    at processTicksAndRejections (node:internal/process/task_queues:105:5)
    at AndroidUiautomator2Driver.getWindowSize (C:\Users\admin\.appium\node_modules\appium-uiautomator2-driver\lib\commands\viewport.js:90:5)
    at AndroidUiautomator2Driver.getWindowRect (C:\Users\admin\.appium\node_modules\appium-uiautomator2-driver\lib\commands\viewport.js:61:27)
----------------------------------------

2025-11-15 17:57:36 - douyin_rpa - [ERROR] - logger.py:161 - error()
WebDriver滑动异常: Message: 'GET /window/current/size' cannot be proxied to UiAutomator2 server because the instrumentation process is not running (probably crashed). Check the server log and/or the logcat output for more details
Stacktrace:
UnknownError: 'GET /window/current/size' cannot be proxied to UiAutomator2 server because the instrumentation process is not running (probably crashed). Check the server log and/or the logcat output for more details
    at UIA2Proxy.command (C:\Users\admin\AppData\Roaming\npm\node_modules\appium\node_modules\@appium\base-driver\lib\jsonwp-proxy\proxy.js:332:13)
    at processTicksAndRejections (node:internal/process/task_queues:105:5)
    at AndroidUiautomator2Driver.getWindowSize (C:\Users\admin\.appium\node_modules\appium-uiautomator2-driver\lib\commands\viewport.js:90:5)
    at AndroidUiautomator2Driver.getWindowRect (C:\Users\admin\.appium\node_modules\appium-uiautomator2-driver\lib\commands\viewport.js:61:27)
----------------------------------------

2025-11-15 17:57:37 - douyin_rpa - [ERROR] - logger.py:161 - error()
WebDriver滑动异常: Message: 'GET /window/current/size' cannot be proxied to UiAutomator2 server because the instrumentation process is not running (probably crashed). Check the server log and/or the logcat output for more details
Stacktrace:
UnknownError: 'GET /window/current/size' cannot be proxied to UiAutomator2 server because the instrumentation process is not running (probably crashed). Check the server log and/or the logcat output for more details
    at UIA2Proxy.command (C:\Users\admin\AppData\Roaming\npm\node_modules\appium\node_modules\@appium\base-driver\lib\jsonwp-proxy\proxy.js:332:13)
    at processTicksAndRejections (node:internal/process/task_queues:105:5)
    at AndroidUiautomator2Driver.getWindowSize (C:\Users\admin\.appium\node_modules\appium-uiautomator2-driver\lib\commands\viewport.js:90:5)
    at AndroidUiautomator2Driver.getWindowRect (C:\Users\admin\.appium\node_modules\appium-uiautomator2-driver\lib\commands\viewport.js:61:27)
----------------------------------------

2025-11-15 17:57:37 - douyin_rpa - [ERROR] - logger.py:161 - error()
WebDriver滑动异常: Message: 'GET /window/current/size' cannot be proxied to UiAutomator2 server because the instrumentation process is not running (probably crashed). Check the server log and/or the logcat output for more details
Stacktrace:
UnknownError: 'GET /window/current/size' cannot be proxied to UiAutomator2 server because the instrumentation process is not running (probably crashed). Check the server log and/or the logcat output for more details
    at UIA2Proxy.command (C:\Users\admin\AppData\Roaming\npm\node_modules\appium\node_modules\@appium\base-driver\lib\jsonwp-proxy\proxy.js:332:13)
    at processTicksAndRejections (node:internal/process/task_queues:105:5)
    at AndroidUiautomator2Driver.getWindowSize (C:\Users\admin\.appium\node_modules\appium-uiautomator2-driver\lib\commands\viewport.js:90:5)
    at AndroidUiautomator2Driver.getWindowRect (C:\Users\admin\.appium\node_modules\appium-uiautomator2-driver\lib\commands\viewport.js:61:27)
----------------------------------------

2025-11-15 17:57:37 - douyin_rpa - [ERROR] - logger.py:161 - error()
WebDriver滑动异常: Message: 'GET /window/current/size' cannot be proxied to UiAutomator2 server because the instrumentation process is not running (probably crashed). Check the server log and/or the logcat output for more details
Stacktrace:
UnknownError: 'GET /window/current/size' cannot be proxied to UiAutomator2 server because the instrumentation process is not running (probably crashed). Check the server log and/or the logcat output for more details
    at UIA2Proxy.command (C:\Users\admin\AppData\Roaming\npm\node_modules\appium\node_modules\@appium\base-driver\lib\jsonwp-proxy\proxy.js:332:13)
    at processTicksAndRejections (node:internal/process/task_queues:105:5)
    at AndroidUiautomator2Driver.getWindowSize (C:\Users\admin\.appium\node_modules\appium-uiautomator2-driver\lib\commands\viewport.js:90:5)
    at AndroidUiautomator2Driver.getWindowRect (C:\Users\admin\.appium\node_modules\appium-uiautomator2-driver\lib\commands\viewport.js:61:27)
----------------------------------------

2025-11-15 17:57:37 - douyin_rpa - [ERROR] - logger.py:161 - error()
WebDriver滑动异常: Message: 'GET /window/current/size' cannot be proxied to UiAutomator2 server because the instrumentation process is not running (probably crashed). Check the server log and/or the logcat output for more details
Stacktrace:
UnknownError: 'GET /window/current/size' cannot be proxied to UiAutomator2 server because the instrumentation process is not running (probably crashed). Check the server log and/or the logcat output for more details
    at UIA2Proxy.command (C:\Users\admin\AppData\Roaming\npm\node_modules\appium\node_modules\@appium\base-driver\lib\jsonwp-proxy\proxy.js:332:13)
    at processTicksAndRejections (node:internal/process/task_queues:105:5)
    at AndroidUiautomator2Driver.getWindowSize (C:\Users\admin\.appium\node_modules\appium-uiautomator2-driver\lib\commands\viewport.js:90:5)
    at AndroidUiautomator2Driver.getWindowRect (C:\Users\admin\.appium\node_modules\appium-uiautomator2-driver\lib\commands\viewport.js:61:27)
----------------------------------------

2025-11-15 17:57:37 - douyin_rpa - [ERROR] - logger.py:161 - error()
WebDriver滑动异常: Message: 'GET /window/current/size' cannot be proxied to UiAutomator2 server because the instrumentation process is not running (probably crashed). Check the server log and/or the logcat output for more details
Stacktrace:
UnknownError: 'GET /window/current/size' cannot be proxied to UiAutomator2 server because the instrumentation process is not running (probably crashed). Check the server log and/or the logcat output for more details
    at UIA2Proxy.command (C:\Users\admin\AppData\Roaming\npm\node_modules\appium\node_modules\@appium\base-driver\lib\jsonwp-proxy\proxy.js:332:13)
    at processTicksAndRejections (node:internal/process/task_queues:105:5)
    at AndroidUiautomator2Driver.getWindowSize (C:\Users\admin\.appium\node_modules\appium-uiautomator2-driver\lib\commands\viewport.js:90:5)
    at AndroidUiautomator2Driver.getWindowRect (C:\Users\admin\.appium\node_modules\appium-uiautomator2-driver\lib\commands\viewport.js:61:27)
----------------------------------------

2025-11-15 17:57:37 - douyin_rpa - [ERROR] - logger.py:161 - error()
WebDriver滑动异常: Message: 'GET /window/current/size' cannot be proxied to UiAutomator2 server because the instrumentation process is not running (probably crashed). Check the server log and/or the logcat output for more details
Stacktrace:
UnknownError: 'GET /window/current/size' cannot be proxied to UiAutomator2 server because the instrumentation process is not running (probably crashed). Check the server log and/or the logcat output for more details
    at UIA2Proxy.command (C:\Users\admin\AppData\Roaming\npm\node_modules\appium\node_modules\@appium\base-driver\lib\jsonwp-proxy\proxy.js:332:13)
    at processTicksAndRejections (node:internal/process/task_queues:105:5)
    at AndroidUiautomator2Driver.getWindowSize (C:\Users\admin\.appium\node_modules\appium-uiautomator2-driver\lib\commands\viewport.js:90:5)
    at AndroidUiautomator2Driver.getWindowRect (C:\Users\admin\.appium\node_modules\appium-uiautomator2-driver\lib\commands\viewport.js:61:27)
----------------------------------------

2025-11-15 17:57:37 - douyin_rpa - [ERROR] - logger.py:161 - error()
WebDriver滑动异常: Message: 'GET /window/current/size' cannot be proxied to UiAutomator2 server because the instrumentation process is not running (probably crashed). Check the server log and/or the logcat output for more details
Stacktrace:
UnknownError: 'GET /window/current/size' cannot be proxied to UiAutomator2 server because the instrumentation process is not running (probably crashed). Check the server log and/or the logcat output for more details
    at UIA2Proxy.command (C:\Users\admin\AppData\Roaming\npm\node_modules\appium\node_modules\@appium\base-driver\lib\jsonwp-proxy\proxy.js:332:13)
    at processTicksAndRejections (node:internal/process/task_queues:105:5)
    at AndroidUiautomator2Driver.getWindowSize (C:\Users\admin\.appium\node_modules\appium-uiautomator2-driver\lib\commands\viewport.js:90:5)
    at AndroidUiautomator2Driver.getWindowRect (C:\Users\admin\.appium\node_modules\appium-uiautomator2-driver\lib\commands\viewport.js:61:27)
----------------------------------------

2025-11-15 17:57:37 - douyin_rpa - [ERROR] - logger.py:161 - error()
WebDriver滑动异常: Message: 'GET /window/current/size' cannot be proxied to UiAutomator2 server because the instrumentation process is not running (probably crashed). Check the server log and/or the logcat output for more details
Stacktrace:
UnknownError: 'GET /window/current/size' cannot be proxied to UiAutomator2 server because the instrumentation process is not running (probably crashed). Check the server log and/or the logcat output for more details
    at UIA2Proxy.command (C:\Users\admin\AppData\Roaming\npm\node_modules\appium\node_modules\@appium\base-driver\lib\jsonwp-proxy\proxy.js:332:13)
    at processTicksAndRejections (node:internal/process/task_queues:105:5)
    at AndroidUiautomator2Driver.getWindowSize (C:\Users\admin\.appium\node_modules\appium-uiautomator2-driver\lib\commands\viewport.js:90:5)
    at AndroidUiautomator2Driver.getWindowRect (C:\Users\admin\.appium\node_modules\appium-uiautomator2-driver\lib\commands\viewport.js:61:27)
----------------------------------------

2025-11-15 17:57:38 - douyin_rpa - [ERROR] - logger.py:161 - error()
WebDriver滑动异常: Message: 'GET /window/current/size' cannot be proxied to UiAutomator2 server because the instrumentation process is not running (probably crashed). Check the server log and/or the logcat output for more details
Stacktrace:
UnknownError: 'GET /window/current/size' cannot be proxied to UiAutomator2 server because the instrumentation process is not running (probably crashed). Check the server log and/or the logcat output for more details
    at UIA2Proxy.command (C:\Users\admin\AppData\Roaming\npm\node_modules\appium\node_modules\@appium\base-driver\lib\jsonwp-proxy\proxy.js:332:13)
    at processTicksAndRejections (node:internal/process/task_queues:105:5)
    at AndroidUiautomator2Driver.getWindowSize (C:\Users\admin\.appium\node_modules\appium-uiautomator2-driver\lib\commands\viewport.js:90:5)
    at AndroidUiautomator2Driver.getWindowRect (C:\Users\admin\.appium\node_modules\appium-uiautomator2-driver\lib\commands\viewport.js:61:27)
----------------------------------------

2025-11-15 17:57:38 - douyin_rpa - [ERROR] - logger.py:161 - error()
WebDriver滑动异常: Message: 'GET /window/current/size' cannot be proxied to UiAutomator2 server because the instrumentation process is not running (probably crashed). Check the server log and/or the logcat output for more details
Stacktrace:
UnknownError: 'GET /window/current/size' cannot be proxied to UiAutomator2 server because the instrumentation process is not running (probably crashed). Check the server log and/or the logcat output for more details
    at UIA2Proxy.command (C:\Users\admin\AppData\Roaming\npm\node_modules\appium\node_modules\@appium\base-driver\lib\jsonwp-proxy\proxy.js:332:13)
    at processTicksAndRejections (node:internal/process/task_queues:105:5)
    at AndroidUiautomator2Driver.getWindowSize (C:\Users\admin\.appium\node_modules\appium-uiautomator2-driver\lib\commands\viewport.js:90:5)
    at AndroidUiautomator2Driver.getWindowRect (C:\Users\admin\.appium\node_modules\appium-uiautomator2-driver\lib\commands\viewport.js:61:27)
----------------------------------------

2025-11-15 17:57:46 - douyin_rpa - [ERROR] - logger.py:161 - error()
WebDriver滑动异常: Message: 'GET /window/current/size' cannot be proxied to UiAutomator2 server because the instrumentation process is not running (probably crashed). Check the server log and/or the logcat output for more details
Stacktrace:
UnknownError: 'GET /window/current/size' cannot be proxied to UiAutomator2 server because the instrumentation process is not running (probably crashed). Check the server log and/or the logcat output for more details
    at UIA2Proxy.command (C:\Users\admin\AppData\Roaming\npm\node_modules\appium\node_modules\@appium\base-driver\lib\jsonwp-proxy\proxy.js:332:13)
    at processTicksAndRejections (node:internal/process/task_queues:105:5)
    at AndroidUiautomator2Driver.getWindowSize (C:\Users\admin\.appium\node_modules\appium-uiautomator2-driver\lib\commands\viewport.js:90:5)
    at AndroidUiautomator2Driver.getWindowRect (C:\Users\admin\.appium\node_modules\appium-uiautomator2-driver\lib\commands\viewport.js:61:27)
----------------------------------------

2025-11-15 17:57:46 - douyin_rpa - [ERROR] - logger.py:161 - error()
WebDriver滑动异常: Message: 'GET /window/current/size' cannot be proxied to UiAutomator2 server because the instrumentation process is not running (probably crashed). Check the server log and/or the logcat output for more details
Stacktrace:
UnknownError: 'GET /window/current/size' cannot be proxied to UiAutomator2 server because the instrumentation process is not running (probably crashed). Check the server log and/or the logcat output for more details
    at UIA2Proxy.command (C:\Users\admin\AppData\Roaming\npm\node_modules\appium\node_modules\@appium\base-driver\lib\jsonwp-proxy\proxy.js:332:13)
    at processTicksAndRejections (node:internal/process/task_queues:105:5)
    at AndroidUiautomator2Driver.getWindowSize (C:\Users\admin\.appium\node_modules\appium-uiautomator2-driver\lib\commands\viewport.js:90:5)
    at AndroidUiautomator2Driver.getWindowRect (C:\Users\admin\.appium\node_modules\appium-uiautomator2-driver\lib\commands\viewport.js:61:27)
----------------------------------------

2025-11-15 17:57:46 - douyin_rpa - [ERROR] - logger.py:161 - error()
WebDriver滑动异常: Message: 'GET /window/current/size' cannot be proxied to UiAutomator2 server because the instrumentation process is not running (probably crashed). Check the server log and/or the logcat output for more details
Stacktrace:
UnknownError: 'GET /window/current/size' cannot be proxied to UiAutomator2 server because the instrumentation process is not running (probably crashed). Check the server log and/or the logcat output for more details
    at UIA2Proxy.command (C:\Users\admin\AppData\Roaming\npm\node_modules\appium\node_modules\@appium\base-driver\lib\jsonwp-proxy\proxy.js:332:13)
    at processTicksAndRejections (node:internal/process/task_queues:105:5)
    at AndroidUiautomator2Driver.getWindowSize (C:\Users\admin\.appium\node_modules\appium-uiautomator2-driver\lib\commands\viewport.js:90:5)
    at AndroidUiautomator2Driver.getWindowRect (C:\Users\admin\.appium\node_modules\appium-uiautomator2-driver\lib\commands\viewport.js:61:27)
----------------------------------------

2025-11-15 17:57:46 - douyin_rpa - [ERROR] - logger.py:161 - error()
WebDriver滑动异常: Message: 'GET /window/current/size' cannot be proxied to UiAutomator2 server because the instrumentation process is not running (probably crashed). Check the server log and/or the logcat output for more details
Stacktrace:
UnknownError: 'GET /window/current/size' cannot be proxied to UiAutomator2 server because the instrumentation process is not running (probably crashed). Check the server log and/or the logcat output for more details
    at UIA2Proxy.command (C:\Users\admin\AppData\Roaming\npm\node_modules\appium\node_modules\@appium\base-driver\lib\jsonwp-proxy\proxy.js:332:13)
    at processTicksAndRejections (node:internal/process/task_queues:105:5)
    at AndroidUiautomator2Driver.getWindowSize (C:\Users\admin\.appium\node_modules\appium-uiautomator2-driver\lib\commands\viewport.js:90:5)
    at AndroidUiautomator2Driver.getWindowRect (C:\Users\admin\.appium\node_modules\appium-uiautomator2-driver\lib\commands\viewport.js:61:27)
----------------------------------------

2025-11-15 17:57:47 - douyin_rpa - [ERROR] - logger.py:161 - error()
WebDriver滑动异常: Message: 'GET /window/current/size' cannot be proxied to UiAutomator2 server because the instrumentation process is not running (probably crashed). Check the server log and/or the logcat output for more details
Stacktrace:
UnknownError: 'GET /window/current/size' cannot be proxied to UiAutomator2 server because the instrumentation process is not running (probably crashed). Check the server log and/or the logcat output for more details
    at UIA2Proxy.command (C:\Users\admin\AppData\Roaming\npm\node_modules\appium\node_modules\@appium\base-driver\lib\jsonwp-proxy\proxy.js:332:13)
    at processTicksAndRejections (node:internal/process/task_queues:105:5)
    at AndroidUiautomator2Driver.getWindowSize (C:\Users\admin\.appium\node_modules\appium-uiautomator2-driver\lib\commands\viewport.js:90:5)
    at AndroidUiautomator2Driver.getWindowRect (C:\Users\admin\.appium\node_modules\appium-uiautomator2-driver\lib\commands\viewport.js:61:27)
----------------------------------------

2025-11-15 17:57:47 - douyin_rpa - [ERROR] - logger.py:161 - error()
WebDriver滑动异常: Message: 'GET /window/current/size' cannot be proxied to UiAutomator2 server because the instrumentation process is not running (probably crashed). Check the server log and/or the logcat output for more details
Stacktrace:
UnknownError: 'GET /window/current/size' cannot be proxied to UiAutomator2 server because the instrumentation process is not running (probably crashed). Check the server log and/or the logcat output for more details
    at UIA2Proxy.command (C:\Users\admin\AppData\Roaming\npm\node_modules\appium\node_modules\@appium\base-driver\lib\jsonwp-proxy\proxy.js:332:13)
    at processTicksAndRejections (node:internal/process/task_queues:105:5)
    at AndroidUiautomator2Driver.getWindowSize (C:\Users\admin\.appium\node_modules\appium-uiautomator2-driver\lib\commands\viewport.js:90:5)
    at AndroidUiautomator2Driver.getWindowRect (C:\Users\admin\.appium\node_modules\appium-uiautomator2-driver\lib\commands\viewport.js:61:27)
----------------------------------------

2025-11-15 17:57:47 - douyin_rpa - [ERROR] - logger.py:161 - error()
WebDriver滑动异常: Message: 'GET /window/current/size' cannot be proxied to UiAutomator2 server because the instrumentation process is not running (probably crashed). Check the server log and/or the logcat output for more details
Stacktrace:
UnknownError: 'GET /window/current/size' cannot be proxied to UiAutomator2 server because the instrumentation process is not running (probably crashed). Check the server log and/or the logcat output for more details
    at UIA2Proxy.command (C:\Users\admin\AppData\Roaming\npm\node_modules\appium\node_modules\@appium\base-driver\lib\jsonwp-proxy\proxy.js:332:13)
    at processTicksAndRejections (node:internal/process/task_queues:105:5)
    at AndroidUiautomator2Driver.getWindowSize (C:\Users\admin\.appium\node_modules\appium-uiautomator2-driver\lib\commands\viewport.js:90:5)
    at AndroidUiautomator2Driver.getWindowRect (C:\Users\admin\.appium\node_modules\appium-uiautomator2-driver\lib\commands\viewport.js:61:27)
----------------------------------------

2025-11-15 17:57:47 - douyin_rpa - [ERROR] - logger.py:161 - error()
WebDriver滑动异常: Message: 'GET /window/current/size' cannot be proxied to UiAutomator2 server because the instrumentation process is not running (probably crashed). Check the server log and/or the logcat output for more details
Stacktrace:
UnknownError: 'GET /window/current/size' cannot be proxied to UiAutomator2 server because the instrumentation process is not running (probably crashed). Check the server log and/or the logcat output for more details
    at UIA2Proxy.command (C:\Users\admin\AppData\Roaming\npm\node_modules\appium\node_modules\@appium\base-driver\lib\jsonwp-proxy\proxy.js:332:13)
    at processTicksAndRejections (node:internal/process/task_queues:105:5)
    at AndroidUiautomator2Driver.getWindowSize (C:\Users\admin\.appium\node_modules\appium-uiautomator2-driver\lib\commands\viewport.js:90:5)
    at AndroidUiautomator2Driver.getWindowRect (C:\Users\admin\.appium\node_modules\appium-uiautomator2-driver\lib\commands\viewport.js:61:27)
----------------------------------------

2025-11-15 17:57:47 - douyin_rpa - [ERROR] - logger.py:161 - error()
WebDriver滑动异常: Message: 'GET /window/current/size' cannot be proxied to UiAutomator2 server because the instrumentation process is not running (probably crashed). Check the server log and/or the logcat output for more details
Stacktrace:
UnknownError: 'GET /window/current/size' cannot be proxied to UiAutomator2 server because the instrumentation process is not running (probably crashed). Check the server log and/or the logcat output for more details
    at UIA2Proxy.command (C:\Users\admin\AppData\Roaming\npm\node_modules\appium\node_modules\@appium\base-driver\lib\jsonwp-proxy\proxy.js:332:13)
    at processTicksAndRejections (node:internal/process/task_queues:105:5)
    at AndroidUiautomator2Driver.getWindowSize (C:\Users\admin\.appium\node_modules\appium-uiautomator2-driver\lib\commands\viewport.js:90:5)
    at AndroidUiautomator2Driver.getWindowRect (C:\Users\admin\.appium\node_modules\appium-uiautomator2-driver\lib\commands\viewport.js:61:27)
----------------------------------------

2025-11-15 17:57:47 - douyin_rpa - [ERROR] - logger.py:161 - error()
WebDriver滑动异常: Message: 'GET /window/current/size' cannot be proxied to UiAutomator2 server because the instrumentation process is not running (probably crashed). Check the server log and/or the logcat output for more details
Stacktrace:
UnknownError: 'GET /window/current/size' cannot be proxied to UiAutomator2 server because the instrumentation process is not running (probably crashed). Check the server log and/or the logcat output for more details
    at UIA2Proxy.command (C:\Users\admin\AppData\Roaming\npm\node_modules\appium\node_modules\@appium\base-driver\lib\jsonwp-proxy\proxy.js:332:13)
    at processTicksAndRejections (node:internal/process/task_queues:105:5)
    at AndroidUiautomator2Driver.getWindowSize (C:\Users\admin\.appium\node_modules\appium-uiautomator2-driver\lib\commands\viewport.js:90:5)
    at AndroidUiautomator2Driver.getWindowRect (C:\Users\admin\.appium\node_modules\appium-uiautomator2-driver\lib\commands\viewport.js:61:27)
----------------------------------------

2025-11-15 17:57:47 - douyin_rpa - [ERROR] - logger.py:161 - error()
WebDriver滑动异常: Message: 'GET /window/current/size' cannot be proxied to UiAutomator2 server because the instrumentation process is not running (probably crashed). Check the server log and/or the logcat output for more details
Stacktrace:
UnknownError: 'GET /window/current/size' cannot be proxied to UiAutomator2 server because the instrumentation process is not running (probably crashed). Check the server log and/or the logcat output for more details
    at UIA2Proxy.command (C:\Users\admin\AppData\Roaming\npm\node_modules\appium\node_modules\@appium\base-driver\lib\jsonwp-proxy\proxy.js:332:13)
    at processTicksAndRejections (node:internal/process/task_queues:105:5)
    at AndroidUiautomator2Driver.getWindowSize (C:\Users\admin\.appium\node_modules\appium-uiautomator2-driver\lib\commands\viewport.js:90:5)
    at AndroidUiautomator2Driver.getWindowRect (C:\Users\admin\.appium\node_modules\appium-uiautomator2-driver\lib\commands\viewport.js:61:27)
----------------------------------------

2025-11-15 17:57:47 - douyin_rpa - [ERROR] - logger.py:161 - error()
WebDriver滑动异常: Message: 'GET /window/current/size' cannot be proxied to UiAutomator2 server because the instrumentation process is not running (probably crashed). Check the server log and/or the logcat output for more details
Stacktrace:
UnknownError: 'GET /window/current/size' cannot be proxied to UiAutomator2 server because the instrumentation process is not running (probably crashed). Check the server log and/or the logcat output for more details
    at UIA2Proxy.command (C:\Users\admin\AppData\Roaming\npm\node_modules\appium\node_modules\@appium\base-driver\lib\jsonwp-proxy\proxy.js:332:13)
    at processTicksAndRejections (node:internal/process/task_queues:105:5)
    at AndroidUiautomator2Driver.getWindowSize (C:\Users\admin\.appium\node_modules\appium-uiautomator2-driver\lib\commands\viewport.js:90:5)
    at AndroidUiautomator2Driver.getWindowRect (C:\Users\admin\.appium\node_modules\appium-uiautomator2-driver\lib\commands\viewport.js:61:27)
----------------------------------------

2025-11-15 17:57:48 - douyin_rpa - [ERROR] - logger.py:161 - error()
WebDriver滑动异常: Message: 'GET /window/current/size' cannot be proxied to UiAutomator2 server because the instrumentation process is not running (probably crashed). Check the server log and/or the logcat output for more details
Stacktrace:
UnknownError: 'GET /window/current/size' cannot be proxied to UiAutomator2 server because the instrumentation process is not running (probably crashed). Check the server log and/or the logcat output for more details
    at UIA2Proxy.command (C:\Users\admin\AppData\Roaming\npm\node_modules\appium\node_modules\@appium\base-driver\lib\jsonwp-proxy\proxy.js:332:13)
    at processTicksAndRejections (node:internal/process/task_queues:105:5)
    at AndroidUiautomator2Driver.getWindowSize (C:\Users\admin\.appium\node_modules\appium-uiautomator2-driver\lib\commands\viewport.js:90:5)
    at AndroidUiautomator2Driver.getWindowRect (C:\Users\admin\.appium\node_modules\appium-uiautomator2-driver\lib\commands\viewport.js:61:27)
----------------------------------------

2025-11-15 17:57:48 - douyin_rpa - [ERROR] - logger.py:161 - error()
WebDriver滑动异常: Message: 'GET /window/current/size' cannot be proxied to UiAutomator2 server because the instrumentation process is not running (probably crashed). Check the server log and/or the logcat output for more details
Stacktrace:
UnknownError: 'GET /window/current/size' cannot be proxied to UiAutomator2 server because the instrumentation process is not running (probably crashed). Check the server log and/or the logcat output for more details
    at UIA2Proxy.command (C:\Users\admin\AppData\Roaming\npm\node_modules\appium\node_modules\@appium\base-driver\lib\jsonwp-proxy\proxy.js:332:13)
    at processTicksAndRejections (node:internal/process/task_queues:105:5)
    at AndroidUiautomator2Driver.getWindowSize (C:\Users\admin\.appium\node_modules\appium-uiautomator2-driver\lib\commands\viewport.js:90:5)
    at AndroidUiautomator2Driver.getWindowRect (C:\Users\admin\.appium\node_modules\appium-uiautomator2-driver\lib\commands\viewport.js:61:27)
----------------------------------------

2025-11-15 17:57:48 - douyin_rpa - [ERROR] - logger.py:161 - error()
WebDriver滑动异常: Message: 'GET /window/current/size' cannot be proxied to UiAutomator2 server because the instrumentation process is not running (probably crashed). Check the server log and/or the logcat output for more details
Stacktrace:
UnknownError: 'GET /window/current/size' cannot be proxied to UiAutomator2 server because the instrumentation process is not running (probably crashed). Check the server log and/or the logcat output for more details
    at UIA2Proxy.command (C:\Users\admin\AppData\Roaming\npm\node_modules\appium\node_modules\@appium\base-driver\lib\jsonwp-proxy\proxy.js:332:13)
    at processTicksAndRejections (node:internal/process/task_queues:105:5)
    at AndroidUiautomator2Driver.getWindowSize (C:\Users\admin\.appium\node_modules\appium-uiautomator2-driver\lib\commands\viewport.js:90:5)
    at AndroidUiautomator2Driver.getWindowRect (C:\Users\admin\.appium\node_modules\appium-uiautomator2-driver\lib\commands\viewport.js:61:27)
----------------------------------------

2025-11-15 17:57:48 - douyin_rpa - [ERROR] - logger.py:161 - error()
WebDriver滑动异常: Message: 'GET /window/current/size' cannot be proxied to UiAutomator2 server because the instrumentation process is not running (probably crashed). Check the server log and/or the logcat output for more details
Stacktrace:
UnknownError: 'GET /window/current/size' cannot be proxied to UiAutomator2 server because the instrumentation process is not running (probably crashed). Check the server log and/or the logcat output for more details
    at UIA2Proxy.command (C:\Users\admin\AppData\Roaming\npm\node_modules\appium\node_modules\@appium\base-driver\lib\jsonwp-proxy\proxy.js:332:13)
    at processTicksAndRejections (node:internal/process/task_queues:105:5)
    at AndroidUiautomator2Driver.getWindowSize (C:\Users\admin\.appium\node_modules\appium-uiautomator2-driver\lib\commands\viewport.js:90:5)
    at AndroidUiautomator2Driver.getWindowRect (C:\Users\admin\.appium\node_modules\appium-uiautomator2-driver\lib\commands\viewport.js:61:27)
----------------------------------------

2025-11-15 17:57:48 - douyin_rpa - [ERROR] - logger.py:161 - error()
WebDriver滑动异常: Message: 'GET /window/current/size' cannot be proxied to UiAutomator2 server because the instrumentation process is not running (probably crashed). Check the server log and/or the logcat output for more details
Stacktrace:
UnknownError: 'GET /window/current/size' cannot be proxied to UiAutomator2 server because the instrumentation process is not running (probably crashed). Check the server log and/or the logcat output for more details
    at UIA2Proxy.command (C:\Users\admin\AppData\Roaming\npm\node_modules\appium\node_modules\@appium\base-driver\lib\jsonwp-proxy\proxy.js:332:13)
    at processTicksAndRejections (node:internal/process/task_queues:105:5)
    at AndroidUiautomator2Driver.getWindowSize (C:\Users\admin\.appium\node_modules\appium-uiautomator2-driver\lib\commands\viewport.js:90:5)
    at AndroidUiautomator2Driver.getWindowRect (C:\Users\admin\.appium\node_modules\appium-uiautomator2-driver\lib\commands\viewport.js:61:27)
----------------------------------------

2025-11-15 17:57:48 - douyin_rpa - [ERROR] - logger.py:161 - error()
WebDriver滑动异常: Message: 'GET /window/current/size' cannot be proxied to UiAutomator2 server because the instrumentation process is not running (probably crashed). Check the server log and/or the logcat output for more details
Stacktrace:
UnknownError: 'GET /window/current/size' cannot be proxied to UiAutomator2 server because the instrumentation process is not running (probably crashed). Check the server log and/or the logcat output for more details
    at UIA2Proxy.command (C:\Users\admin\AppData\Roaming\npm\node_modules\appium\node_modules\@appium\base-driver\lib\jsonwp-proxy\proxy.js:332:13)
    at processTicksAndRejections (node:internal/process/task_queues:105:5)
    at AndroidUiautomator2Driver.getWindowSize (C:\Users\admin\.appium\node_modules\appium-uiautomator2-driver\lib\commands\viewport.js:90:5)
    at AndroidUiautomator2Driver.getWindowRect (C:\Users\admin\.appium\node_modules\appium-uiautomator2-driver\lib\commands\viewport.js:61:27)
----------------------------------------

2025-11-15 17:57:49 - douyin_rpa - [ERROR] - logger.py:161 - error()
WebDriver滑动异常: Message: 'GET /window/current/size' cannot be proxied to UiAutomator2 server because the instrumentation process is not running (probably crashed). Check the server log and/or the logcat output for more details
Stacktrace:
UnknownError: 'GET /window/current/size' cannot be proxied to UiAutomator2 server because the instrumentation process is not running (probably crashed). Check the server log and/or the logcat output for more details
    at UIA2Proxy.command (C:\Users\admin\AppData\Roaming\npm\node_modules\appium\node_modules\@appium\base-driver\lib\jsonwp-proxy\proxy.js:332:13)
    at processTicksAndRejections (node:internal/process/task_queues:105:5)
    at AndroidUiautomator2Driver.getWindowSize (C:\Users\admin\.appium\node_modules\appium-uiautomator2-driver\lib\commands\viewport.js:90:5)
    at AndroidUiautomator2Driver.getWindowRect (C:\Users\admin\.appium\node_modules\appium-uiautomator2-driver\lib\commands\viewport.js:61:27)
----------------------------------------

2025-11-15 17:57:49 - douyin_rpa - [ERROR] - logger.py:161 - error()
WebDriver滑动异常: Message: 'GET /window/current/size' cannot be proxied to UiAutomator2 server because the instrumentation process is not running (probably crashed). Check the server log and/or the logcat output for more details
Stacktrace:
UnknownError: 'GET /window/current/size' cannot be proxied to UiAutomator2 server because the instrumentation process is not running (probably crashed). Check the server log and/or the logcat output for more details
    at UIA2Proxy.command (C:\Users\admin\AppData\Roaming\npm\node_modules\appium\node_modules\@appium\base-driver\lib\jsonwp-proxy\proxy.js:332:13)
    at processTicksAndRejections (node:internal/process/task_queues:105:5)
    at AndroidUiautomator2Driver.getWindowSize (C:\Users\admin\.appium\node_modules\appium-uiautomator2-driver\lib\commands\viewport.js:90:5)
    at AndroidUiautomator2Driver.getWindowRect (C:\Users\admin\.appium\node_modules\appium-uiautomator2-driver\lib\commands\viewport.js:61:27)
----------------------------------------

2025-11-15 18:03:09 - douyin_rpa - [ERROR] - logger.py:161 - error()
WebDriver滑动异常: Message: 'GET /window/current/size' cannot be proxied to UiAutomator2 server because the instrumentation process is not running (probably crashed). Check the server log and/or the logcat output for more details
Stacktrace:
UnknownError: 'GET /window/current/size' cannot be proxied to UiAutomator2 server because the instrumentation process is not running (probably crashed). Check the server log and/or the logcat output for more details
    at UIA2Proxy.command (C:\Users\admin\AppData\Roaming\npm\node_modules\appium\node_modules\@appium\base-driver\lib\jsonwp-proxy\proxy.js:332:13)
    at processTicksAndRejections (node:internal/process/task_queues:105:5)
    at AndroidUiautomator2Driver.getWindowSize (C:\Users\admin\.appium\node_modules\appium-uiautomator2-driver\lib\commands\viewport.js:90:5)
    at AndroidUiautomator2Driver.getWindowRect (C:\Users\admin\.appium\node_modules\appium-uiautomator2-driver\lib\commands\viewport.js:61:27)
----------------------------------------

2025-11-15 18:03:09 - douyin_rpa - [ERROR] - logger.py:161 - error()
WebDriver滑动异常: Message: 'GET /window/current/size' cannot be proxied to UiAutomator2 server because the instrumentation process is not running (probably crashed). Check the server log and/or the logcat output for more details
Stacktrace:
UnknownError: 'GET /window/current/size' cannot be proxied to UiAutomator2 server because the instrumentation process is not running (probably crashed). Check the server log and/or the logcat output for more details
    at UIA2Proxy.command (C:\Users\admin\AppData\Roaming\npm\node_modules\appium\node_modules\@appium\base-driver\lib\jsonwp-proxy\proxy.js:332:13)
    at processTicksAndRejections (node:internal/process/task_queues:105:5)
    at AndroidUiautomator2Driver.getWindowSize (C:\Users\admin\.appium\node_modules\appium-uiautomator2-driver\lib\commands\viewport.js:90:5)
    at AndroidUiautomator2Driver.getWindowRect (C:\Users\admin\.appium\node_modules\appium-uiautomator2-driver\lib\commands\viewport.js:61:27)
----------------------------------------

2025-11-15 18:03:09 - douyin_rpa - [ERROR] - logger.py:161 - error()
WebDriver滑动异常: Message: 'GET /window/current/size' cannot be proxied to UiAutomator2 server because the instrumentation process is not running (probably crashed). Check the server log and/or the logcat output for more details
Stacktrace:
UnknownError: 'GET /window/current/size' cannot be proxied to UiAutomator2 server because the instrumentation process is not running (probably crashed). Check the server log and/or the logcat output for more details
    at UIA2Proxy.command (C:\Users\admin\AppData\Roaming\npm\node_modules\appium\node_modules\@appium\base-driver\lib\jsonwp-proxy\proxy.js:332:13)
    at processTicksAndRejections (node:internal/process/task_queues:105:5)
    at AndroidUiautomator2Driver.getWindowSize (C:\Users\admin\.appium\node_modules\appium-uiautomator2-driver\lib\commands\viewport.js:90:5)
    at AndroidUiautomator2Driver.getWindowRect (C:\Users\admin\.appium\node_modules\appium-uiautomator2-driver\lib\commands\viewport.js:61:27)
----------------------------------------

2025-11-15 18:03:09 - douyin_rpa - [ERROR] - logger.py:161 - error()
WebDriver滑动异常: Message: 'GET /window/current/size' cannot be proxied to UiAutomator2 server because the instrumentation process is not running (probably crashed). Check the server log and/or the logcat output for more details
Stacktrace:
UnknownError: 'GET /window/current/size' cannot be proxied to UiAutomator2 server because the instrumentation process is not running (probably crashed). Check the server log and/or the logcat output for more details
    at UIA2Proxy.command (C:\Users\admin\AppData\Roaming\npm\node_modules\appium\node_modules\@appium\base-driver\lib\jsonwp-proxy\proxy.js:332:13)
    at processTicksAndRejections (node:internal/process/task_queues:105:5)
    at AndroidUiautomator2Driver.getWindowSize (C:\Users\admin\.appium\node_modules\appium-uiautomator2-driver\lib\commands\viewport.js:90:5)
    at AndroidUiautomator2Driver.getWindowRect (C:\Users\admin\.appium\node_modules\appium-uiautomator2-driver\lib\commands\viewport.js:61:27)
----------------------------------------

2025-11-15 18:03:10 - douyin_rpa - [ERROR] - logger.py:161 - error()
WebDriver滑动异常: Message: 'GET /window/current/size' cannot be proxied to UiAutomator2 server because the instrumentation process is not running (probably crashed). Check the server log and/or the logcat output for more details
Stacktrace:
UnknownError: 'GET /window/current/size' cannot be proxied to UiAutomator2 server because the instrumentation process is not running (probably crashed). Check the server log and/or the logcat output for more details
    at UIA2Proxy.command (C:\Users\admin\AppData\Roaming\npm\node_modules\appium\node_modules\@appium\base-driver\lib\jsonwp-proxy\proxy.js:332:13)
    at processTicksAndRejections (node:internal/process/task_queues:105:5)
    at AndroidUiautomator2Driver.getWindowSize (C:\Users\admin\.appium\node_modules\appium-uiautomator2-driver\lib\commands\viewport.js:90:5)
    at AndroidUiautomator2Driver.getWindowRect (C:\Users\admin\.appium\node_modules\appium-uiautomator2-driver\lib\commands\viewport.js:61:27)
----------------------------------------

2025-11-15 18:03:10 - douyin_rpa - [ERROR] - logger.py:161 - error()
WebDriver滑动异常: Message: 'GET /window/current/size' cannot be proxied to UiAutomator2 server because the instrumentation process is not running (probably crashed). Check the server log and/or the logcat output for more details
Stacktrace:
UnknownError: 'GET /window/current/size' cannot be proxied to UiAutomator2 server because the instrumentation process is not running (probably crashed). Check the server log and/or the logcat output for more details
    at UIA2Proxy.command (C:\Users\admin\AppData\Roaming\npm\node_modules\appium\node_modules\@appium\base-driver\lib\jsonwp-proxy\proxy.js:332:13)
    at processTicksAndRejections (node:internal/process/task_queues:105:5)
    at AndroidUiautomator2Driver.getWindowSize (C:\Users\admin\.appium\node_modules\appium-uiautomator2-driver\lib\commands\viewport.js:90:5)
    at AndroidUiautomator2Driver.getWindowRect (C:\Users\admin\.appium\node_modules\appium-uiautomator2-driver\lib\commands\viewport.js:61:27)
----------------------------------------

2025-11-15 18:03:10 - douyin_rpa - [ERROR] - logger.py:161 - error()
WebDriver滑动异常: Message: 'GET /window/current/size' cannot be proxied to UiAutomator2 server because the instrumentation process is not running (probably crashed). Check the server log and/or the logcat output for more details
Stacktrace:
UnknownError: 'GET /window/current/size' cannot be proxied to UiAutomator2 server because the instrumentation process is not running (probably crashed). Check the server log and/or the logcat output for more details
    at UIA2Proxy.command (C:\Users\admin\AppData\Roaming\npm\node_modules\appium\node_modules\@appium\base-driver\lib\jsonwp-proxy\proxy.js:332:13)
    at processTicksAndRejections (node:internal/process/task_queues:105:5)
    at AndroidUiautomator2Driver.getWindowSize (C:\Users\admin\.appium\node_modules\appium-uiautomator2-driver\lib\commands\viewport.js:90:5)
    at AndroidUiautomator2Driver.getWindowRect (C:\Users\admin\.appium\node_modules\appium-uiautomator2-driver\lib\commands\viewport.js:61:27)
----------------------------------------

2025-11-15 18:03:10 - douyin_rpa - [ERROR] - logger.py:161 - error()
WebDriver滑动异常: Message: 'GET /window/current/size' cannot be proxied to UiAutomator2 server because the instrumentation process is not running (probably crashed). Check the server log and/or the logcat output for more details
Stacktrace:
UnknownError: 'GET /window/current/size' cannot be proxied to UiAutomator2 server because the instrumentation process is not running (probably crashed). Check the server log and/or the logcat output for more details
    at UIA2Proxy.command (C:\Users\admin\AppData\Roaming\npm\node_modules\appium\node_modules\@appium\base-driver\lib\jsonwp-proxy\proxy.js:332:13)
    at processTicksAndRejections (node:internal/process/task_queues:105:5)
    at AndroidUiautomator2Driver.getWindowSize (C:\Users\admin\.appium\node_modules\appium-uiautomator2-driver\lib\commands\viewport.js:90:5)
    at AndroidUiautomator2Driver.getWindowRect (C:\Users\admin\.appium\node_modules\appium-uiautomator2-driver\lib\commands\viewport.js:61:27)
----------------------------------------

2025-11-15 18:03:10 - douyin_rpa - [ERROR] - logger.py:161 - error()
WebDriver滑动异常: Message: 'GET /window/current/size' cannot be proxied to UiAutomator2 server because the instrumentation process is not running (probably crashed). Check the server log and/or the logcat output for more details
Stacktrace:
UnknownError: 'GET /window/current/size' cannot be proxied to UiAutomator2 server because the instrumentation process is not running (probably crashed). Check the server log and/or the logcat output for more details
    at UIA2Proxy.command (C:\Users\admin\AppData\Roaming\npm\node_modules\appium\node_modules\@appium\base-driver\lib\jsonwp-proxy\proxy.js:332:13)
    at processTicksAndRejections (node:internal/process/task_queues:105:5)
    at AndroidUiautomator2Driver.getWindowSize (C:\Users\admin\.appium\node_modules\appium-uiautomator2-driver\lib\commands\viewport.js:90:5)
    at AndroidUiautomator2Driver.getWindowRect (C:\Users\admin\.appium\node_modules\appium-uiautomator2-driver\lib\commands\viewport.js:61:27)
----------------------------------------

2025-11-15 18:03:10 - douyin_rpa - [ERROR] - logger.py:161 - error()
WebDriver滑动异常: Message: 'GET /window/current/size' cannot be proxied to UiAutomator2 server because the instrumentation process is not running (probably crashed). Check the server log and/or the logcat output for more details
Stacktrace:
UnknownError: 'GET /window/current/size' cannot be proxied to UiAutomator2 server because the instrumentation process is not running (probably crashed). Check the server log and/or the logcat output for more details
    at UIA2Proxy.command (C:\Users\admin\AppData\Roaming\npm\node_modules\appium\node_modules\@appium\base-driver\lib\jsonwp-proxy\proxy.js:332:13)
    at processTicksAndRejections (node:internal/process/task_queues:105:5)
    at AndroidUiautomator2Driver.getWindowSize (C:\Users\admin\.appium\node_modules\appium-uiautomator2-driver\lib\commands\viewport.js:90:5)
    at AndroidUiautomator2Driver.getWindowRect (C:\Users\admin\.appium\node_modules\appium-uiautomator2-driver\lib\commands\viewport.js:61:27)
----------------------------------------

2025-11-15 18:03:18 - douyin_rpa - [ERROR] - logger.py:161 - error()
WebDriver滑动异常: Message: 'GET /window/current/size' cannot be proxied to UiAutomator2 server because the instrumentation process is not running (probably crashed). Check the server log and/or the logcat output for more details
Stacktrace:
UnknownError: 'GET /window/current/size' cannot be proxied to UiAutomator2 server because the instrumentation process is not running (probably crashed). Check the server log and/or the logcat output for more details
    at UIA2Proxy.command (C:\Users\admin\AppData\Roaming\npm\node_modules\appium\node_modules\@appium\base-driver\lib\jsonwp-proxy\proxy.js:332:13)
    at processTicksAndRejections (node:internal/process/task_queues:105:5)
    at AndroidUiautomator2Driver.getWindowSize (C:\Users\admin\.appium\node_modules\appium-uiautomator2-driver\lib\commands\viewport.js:90:5)
    at AndroidUiautomator2Driver.getWindowRect (C:\Users\admin\.appium\node_modules\appium-uiautomator2-driver\lib\commands\viewport.js:61:27)
----------------------------------------

2025-11-15 18:03:18 - douyin_rpa - [ERROR] - logger.py:161 - error()
WebDriver滑动异常: Message: 'GET /window/current/size' cannot be proxied to UiAutomator2 server because the instrumentation process is not running (probably crashed). Check the server log and/or the logcat output for more details
Stacktrace:
UnknownError: 'GET /window/current/size' cannot be proxied to UiAutomator2 server because the instrumentation process is not running (probably crashed). Check the server log and/or the logcat output for more details
    at UIA2Proxy.command (C:\Users\admin\AppData\Roaming\npm\node_modules\appium\node_modules\@appium\base-driver\lib\jsonwp-proxy\proxy.js:332:13)
    at processTicksAndRejections (node:internal/process/task_queues:105:5)
    at AndroidUiautomator2Driver.getWindowSize (C:\Users\admin\.appium\node_modules\appium-uiautomator2-driver\lib\commands\viewport.js:90:5)
    at AndroidUiautomator2Driver.getWindowRect (C:\Users\admin\.appium\node_modules\appium-uiautomator2-driver\lib\commands\viewport.js:61:27)
----------------------------------------

2025-11-15 18:03:18 - douyin_rpa - [ERROR] - logger.py:161 - error()
WebDriver滑动异常: Message: 'GET /window/current/size' cannot be proxied to UiAutomator2 server because the instrumentation process is not running (probably crashed). Check the server log and/or the logcat output for more details
Stacktrace:
UnknownError: 'GET /window/current/size' cannot be proxied to UiAutomator2 server because the instrumentation process is not running (probably crashed). Check the server log and/or the logcat output for more details
    at UIA2Proxy.command (C:\Users\admin\AppData\Roaming\npm\node_modules\appium\node_modules\@appium\base-driver\lib\jsonwp-proxy\proxy.js:332:13)
    at processTicksAndRejections (node:internal/process/task_queues:105:5)
    at AndroidUiautomator2Driver.getWindowSize (C:\Users\admin\.appium\node_modules\appium-uiautomator2-driver\lib\commands\viewport.js:90:5)
    at AndroidUiautomator2Driver.getWindowRect (C:\Users\admin\.appium\node_modules\appium-uiautomator2-driver\lib\commands\viewport.js:61:27)
----------------------------------------

2025-11-15 18:03:18 - douyin_rpa - [ERROR] - logger.py:161 - error()
WebDriver滑动异常: Message: 'GET /window/current/size' cannot be proxied to UiAutomator2 server because the instrumentation process is not running (probably crashed). Check the server log and/or the logcat output for more details
Stacktrace:
UnknownError: 'GET /window/current/size' cannot be proxied to UiAutomator2 server because the instrumentation process is not running (probably crashed). Check the server log and/or the logcat output for more details
    at UIA2Proxy.command (C:\Users\admin\AppData\Roaming\npm\node_modules\appium\node_modules\@appium\base-driver\lib\jsonwp-proxy\proxy.js:332:13)
    at processTicksAndRejections (node:internal/process/task_queues:105:5)
    at AndroidUiautomator2Driver.getWindowSize (C:\Users\admin\.appium\node_modules\appium-uiautomator2-driver\lib\commands\viewport.js:90:5)
    at AndroidUiautomator2Driver.getWindowRect (C:\Users\admin\.appium\node_modules\appium-uiautomator2-driver\lib\commands\viewport.js:61:27)
----------------------------------------

2025-11-15 18:03:18 - douyin_rpa - [ERROR] - logger.py:161 - error()
WebDriver滑动异常: Message: 'GET /window/current/size' cannot be proxied to UiAutomator2 server because the instrumentation process is not running (probably crashed). Check the server log and/or the logcat output for more details
Stacktrace:
UnknownError: 'GET /window/current/size' cannot be proxied to UiAutomator2 server because the instrumentation process is not running (probably crashed). Check the server log and/or the logcat output for more details
    at UIA2Proxy.command (C:\Users\admin\AppData\Roaming\npm\node_modules\appium\node_modules\@appium\base-driver\lib\jsonwp-proxy\proxy.js:332:13)
    at processTicksAndRejections (node:internal/process/task_queues:105:5)
    at AndroidUiautomator2Driver.getWindowSize (C:\Users\admin\.appium\node_modules\appium-uiautomator2-driver\lib\commands\viewport.js:90:5)
    at AndroidUiautomator2Driver.getWindowRect (C:\Users\admin\.appium\node_modules\appium-uiautomator2-driver\lib\commands\viewport.js:61:27)
----------------------------------------

2025-11-15 18:03:19 - douyin_rpa - [ERROR] - logger.py:161 - error()
WebDriver滑动异常: Message: 'GET /window/current/size' cannot be proxied to UiAutomator2 server because the instrumentation process is not running (probably crashed). Check the server log and/or the logcat output for more details
Stacktrace:
UnknownError: 'GET /window/current/size' cannot be proxied to UiAutomator2 server because the instrumentation process is not running (probably crashed). Check the server log and/or the logcat output for more details
    at UIA2Proxy.command (C:\Users\admin\AppData\Roaming\npm\node_modules\appium\node_modules\@appium\base-driver\lib\jsonwp-proxy\proxy.js:332:13)
    at processTicksAndRejections (node:internal/process/task_queues:105:5)
    at AndroidUiautomator2Driver.getWindowSize (C:\Users\admin\.appium\node_modules\appium-uiautomator2-driver\lib\commands\viewport.js:90:5)
    at AndroidUiautomator2Driver.getWindowRect (C:\Users\admin\.appium\node_modules\appium-uiautomator2-driver\lib\commands\viewport.js:61:27)
----------------------------------------

2025-11-15 18:03:19 - douyin_rpa - [ERROR] - logger.py:161 - error()
WebDriver滑动异常: Message: 'GET /window/current/size' cannot be proxied to UiAutomator2 server because the instrumentation process is not running (probably crashed). Check the server log and/or the logcat output for more details
Stacktrace:
UnknownError: 'GET /window/current/size' cannot be proxied to UiAutomator2 server because the instrumentation process is not running (probably crashed). Check the server log and/or the logcat output for more details
    at UIA2Proxy.command (C:\Users\admin\AppData\Roaming\npm\node_modules\appium\node_modules\@appium\base-driver\lib\jsonwp-proxy\proxy.js:332:13)
    at processTicksAndRejections (node:internal/process/task_queues:105:5)
    at AndroidUiautomator2Driver.getWindowSize (C:\Users\admin\.appium\node_modules\appium-uiautomator2-driver\lib\commands\viewport.js:90:5)
    at AndroidUiautomator2Driver.getWindowRect (C:\Users\admin\.appium\node_modules\appium-uiautomator2-driver\lib\commands\viewport.js:61:27)
----------------------------------------

2025-11-15 18:03:19 - douyin_rpa - [ERROR] - logger.py:161 - error()
WebDriver滑动异常: Message: 'GET /window/current/size' cannot be proxied to UiAutomator2 server because the instrumentation process is not running (probably crashed). Check the server log and/or the logcat output for more details
Stacktrace:
UnknownError: 'GET /window/current/size' cannot be proxied to UiAutomator2 server because the instrumentation process is not running (probably crashed). Check the server log and/or the logcat output for more details
    at UIA2Proxy.command (C:\Users\admin\AppData\Roaming\npm\node_modules\appium\node_modules\@appium\base-driver\lib\jsonwp-proxy\proxy.js:332:13)
    at processTicksAndRejections (node:internal/process/task_queues:105:5)
    at AndroidUiautomator2Driver.getWindowSize (C:\Users\admin\.appium\node_modules\appium-uiautomator2-driver\lib\commands\viewport.js:90:5)
    at AndroidUiautomator2Driver.getWindowRect (C:\Users\admin\.appium\node_modules\appium-uiautomator2-driver\lib\commands\viewport.js:61:27)
----------------------------------------

2025-11-15 18:03:19 - douyin_rpa - [ERROR] - logger.py:161 - error()
WebDriver滑动异常: Message: 'GET /window/current/size' cannot be proxied to UiAutomator2 server because the instrumentation process is not running (probably crashed). Check the server log and/or the logcat output for more details
Stacktrace:
UnknownError: 'GET /window/current/size' cannot be proxied to UiAutomator2 server because the instrumentation process is not running (probably crashed). Check the server log and/or the logcat output for more details
    at UIA2Proxy.command (C:\Users\admin\AppData\Roaming\npm\node_modules\appium\node_modules\@appium\base-driver\lib\jsonwp-proxy\proxy.js:332:13)
    at processTicksAndRejections (node:internal/process/task_queues:105:5)
    at AndroidUiautomator2Driver.getWindowSize (C:\Users\admin\.appium\node_modules\appium-uiautomator2-driver\lib\commands\viewport.js:90:5)
    at AndroidUiautomator2Driver.getWindowRect (C:\Users\admin\.appium\node_modules\appium-uiautomator2-driver\lib\commands\viewport.js:61:27)
----------------------------------------

2025-11-15 18:03:19 - douyin_rpa - [ERROR] - logger.py:161 - error()
WebDriver滑动异常: Message: 'GET /window/current/size' cannot be proxied to UiAutomator2 server because the instrumentation process is not running (probably crashed). Check the server log and/or the logcat output for more details
Stacktrace:
UnknownError: 'GET /window/current/size' cannot be proxied to UiAutomator2 server because the instrumentation process is not running (probably crashed). Check the server log and/or the logcat output for more details
    at UIA2Proxy.command (C:\Users\admin\AppData\Roaming\npm\node_modules\appium\node_modules\@appium\base-driver\lib\jsonwp-proxy\proxy.js:332:13)
    at processTicksAndRejections (node:internal/process/task_queues:105:5)
    at AndroidUiautomator2Driver.getWindowSize (C:\Users\admin\.appium\node_modules\appium-uiautomator2-driver\lib\commands\viewport.js:90:5)
    at AndroidUiautomator2Driver.getWindowRect (C:\Users\admin\.appium\node_modules\appium-uiautomator2-driver\lib\commands\viewport.js:61:27)
----------------------------------------

2025-11-15 18:03:24 - douyin_rpa - [ERROR] - logger.py:161 - error()
WebDriver滑动异常: Message: 'GET /window/current/size' cannot be proxied to UiAutomator2 server because the instrumentation process is not running (probably crashed). Check the server log and/or the logcat output for more details
Stacktrace:
UnknownError: 'GET /window/current/size' cannot be proxied to UiAutomator2 server because the instrumentation process is not running (probably crashed). Check the server log and/or the logcat output for more details
    at UIA2Proxy.command (C:\Users\admin\AppData\Roaming\npm\node_modules\appium\node_modules\@appium\base-driver\lib\jsonwp-proxy\proxy.js:332:13)
    at processTicksAndRejections (node:internal/process/task_queues:105:5)
    at AndroidUiautomator2Driver.getWindowSize (C:\Users\admin\.appium\node_modules\appium-uiautomator2-driver\lib\commands\viewport.js:90:5)
    at AndroidUiautomator2Driver.getWindowRect (C:\Users\admin\.appium\node_modules\appium-uiautomator2-driver\lib\commands\viewport.js:61:27)
----------------------------------------

2025-11-15 18:03:25 - douyin_rpa - [ERROR] - logger.py:161 - error()
WebDriver滑动异常: Message: 'GET /window/current/size' cannot be proxied to UiAutomator2 server because the instrumentation process is not running (probably crashed). Check the server log and/or the logcat output for more details
Stacktrace:
UnknownError: 'GET /window/current/size' cannot be proxied to UiAutomator2 server because the instrumentation process is not running (probably crashed). Check the server log and/or the logcat output for more details
    at UIA2Proxy.command (C:\Users\admin\AppData\Roaming\npm\node_modules\appium\node_modules\@appium\base-driver\lib\jsonwp-proxy\proxy.js:332:13)
    at processTicksAndRejections (node:internal/process/task_queues:105:5)
    at AndroidUiautomator2Driver.getWindowSize (C:\Users\admin\.appium\node_modules\appium-uiautomator2-driver\lib\commands\viewport.js:90:5)
    at AndroidUiautomator2Driver.getWindowRect (C:\Users\admin\.appium\node_modules\appium-uiautomator2-driver\lib\commands\viewport.js:61:27)
----------------------------------------

2025-11-15 18:03:25 - douyin_rpa - [ERROR] - logger.py:161 - error()
WebDriver滑动异常: Message: 'GET /window/current/size' cannot be proxied to UiAutomator2 server because the instrumentation process is not running (probably crashed). Check the server log and/or the logcat output for more details
Stacktrace:
UnknownError: 'GET /window/current/size' cannot be proxied to UiAutomator2 server because the instrumentation process is not running (probably crashed). Check the server log and/or the logcat output for more details
    at UIA2Proxy.command (C:\Users\admin\AppData\Roaming\npm\node_modules\appium\node_modules\@appium\base-driver\lib\jsonwp-proxy\proxy.js:332:13)
    at processTicksAndRejections (node:internal/process/task_queues:105:5)
    at AndroidUiautomator2Driver.getWindowSize (C:\Users\admin\.appium\node_modules\appium-uiautomator2-driver\lib\commands\viewport.js:90:5)
    at AndroidUiautomator2Driver.getWindowRect (C:\Users\admin\.appium\node_modules\appium-uiautomator2-driver\lib\commands\viewport.js:61:27)
----------------------------------------

2025-11-15 18:03:25 - douyin_rpa - [ERROR] - logger.py:161 - error()
WebDriver滑动异常: Message: 'GET /window/current/size' cannot be proxied to UiAutomator2 server because the instrumentation process is not running (probably crashed). Check the server log and/or the logcat output for more details
Stacktrace:
UnknownError: 'GET /window/current/size' cannot be proxied to UiAutomator2 server because the instrumentation process is not running (probably crashed). Check the server log and/or the logcat output for more details
    at UIA2Proxy.command (C:\Users\admin\AppData\Roaming\npm\node_modules\appium\node_modules\@appium\base-driver\lib\jsonwp-proxy\proxy.js:332:13)
    at processTicksAndRejections (node:internal/process/task_queues:105:5)
    at AndroidUiautomator2Driver.getWindowSize (C:\Users\admin\.appium\node_modules\appium-uiautomator2-driver\lib\commands\viewport.js:90:5)
    at AndroidUiautomator2Driver.getWindowRect (C:\Users\admin\.appium\node_modules\appium-uiautomator2-driver\lib\commands\viewport.js:61:27)
----------------------------------------

2025-11-15 18:03:25 - douyin_rpa - [ERROR] - logger.py:161 - error()
WebDriver滑动异常: Message: 'GET /window/current/size' cannot be proxied to UiAutomator2 server because the instrumentation process is not running (probably crashed). Check the server log and/or the logcat output for more details
Stacktrace:
UnknownError: 'GET /window/current/size' cannot be proxied to UiAutomator2 server because the instrumentation process is not running (probably crashed). Check the server log and/or the logcat output for more details
    at UIA2Proxy.command (C:\Users\admin\AppData\Roaming\npm\node_modules\appium\node_modules\@appium\base-driver\lib\jsonwp-proxy\proxy.js:332:13)
    at processTicksAndRejections (node:internal/process/task_queues:105:5)
    at AndroidUiautomator2Driver.getWindowSize (C:\Users\admin\.appium\node_modules\appium-uiautomator2-driver\lib\commands\viewport.js:90:5)
    at AndroidUiautomator2Driver.getWindowRect (C:\Users\admin\.appium\node_modules\appium-uiautomator2-driver\lib\commands\viewport.js:61:27)
----------------------------------------

2025-11-15 18:03:25 - douyin_rpa - [ERROR] - logger.py:161 - error()
WebDriver滑动异常: Message: 'GET /window/current/size' cannot be proxied to UiAutomator2 server because the instrumentation process is not running (probably crashed). Check the server log and/or the logcat output for more details
Stacktrace:
UnknownError: 'GET /window/current/size' cannot be proxied to UiAutomator2 server because the instrumentation process is not running (probably crashed). Check the server log and/or the logcat output for more details
    at UIA2Proxy.command (C:\Users\admin\AppData\Roaming\npm\node_modules\appium\node_modules\@appium\base-driver\lib\jsonwp-proxy\proxy.js:332:13)
    at processTicksAndRejections (node:internal/process/task_queues:105:5)
    at AndroidUiautomator2Driver.getWindowSize (C:\Users\admin\.appium\node_modules\appium-uiautomator2-driver\lib\commands\viewport.js:90:5)
    at AndroidUiautomator2Driver.getWindowRect (C:\Users\admin\.appium\node_modules\appium-uiautomator2-driver\lib\commands\viewport.js:61:27)
----------------------------------------

2025-11-15 18:03:25 - douyin_rpa - [ERROR] - logger.py:161 - error()
WebDriver滑动异常: Message: 'GET /window/current/size' cannot be proxied to UiAutomator2 server because the instrumentation process is not running (probably crashed). Check the server log and/or the logcat output for more details
Stacktrace:
UnknownError: 'GET /window/current/size' cannot be proxied to UiAutomator2 server because the instrumentation process is not running (probably crashed). Check the server log and/or the logcat output for more details
    at UIA2Proxy.command (C:\Users\admin\AppData\Roaming\npm\node_modules\appium\node_modules\@appium\base-driver\lib\jsonwp-proxy\proxy.js:332:13)
    at processTicksAndRejections (node:internal/process/task_queues:105:5)
    at AndroidUiautomator2Driver.getWindowSize (C:\Users\admin\.appium\node_modules\appium-uiautomator2-driver\lib\commands\viewport.js:90:5)
    at AndroidUiautomator2Driver.getWindowRect (C:\Users\admin\.appium\node_modules\appium-uiautomator2-driver\lib\commands\viewport.js:61:27)
----------------------------------------

2025-11-15 18:03:25 - douyin_rpa - [ERROR] - logger.py:161 - error()
WebDriver滑动异常: Message: 'GET /window/current/size' cannot be proxied to UiAutomator2 server because the instrumentation process is not running (probably crashed). Check the server log and/or the logcat output for more details
Stacktrace:
UnknownError: 'GET /window/current/size' cannot be proxied to UiAutomator2 server because the instrumentation process is not running (probably crashed). Check the server log and/or the logcat output for more details
    at UIA2Proxy.command (C:\Users\admin\AppData\Roaming\npm\node_modules\appium\node_modules\@appium\base-driver\lib\jsonwp-proxy\proxy.js:332:13)
    at processTicksAndRejections (node:internal/process/task_queues:105:5)
    at AndroidUiautomator2Driver.getWindowSize (C:\Users\admin\.appium\node_modules\appium-uiautomator2-driver\lib\commands\viewport.js:90:5)
    at AndroidUiautomator2Driver.getWindowRect (C:\Users\admin\.appium\node_modules\appium-uiautomator2-driver\lib\commands\viewport.js:61:27)
----------------------------------------

2025-11-15 18:03:26 - douyin_rpa - [ERROR] - logger.py:161 - error()
WebDriver滑动异常: Message: 'GET /window/current/size' cannot be proxied to UiAutomator2 server because the instrumentation process is not running (probably crashed). Check the server log and/or the logcat output for more details
Stacktrace:
UnknownError: 'GET /window/current/size' cannot be proxied to UiAutomator2 server because the instrumentation process is not running (probably crashed). Check the server log and/or the logcat output for more details
    at UIA2Proxy.command (C:\Users\admin\AppData\Roaming\npm\node_modules\appium\node_modules\@appium\base-driver\lib\jsonwp-proxy\proxy.js:332:13)
    at processTicksAndRejections (node:internal/process/task_queues:105:5)
    at AndroidUiautomator2Driver.getWindowSize (C:\Users\admin\.appium\node_modules\appium-uiautomator2-driver\lib\commands\viewport.js:90:5)
    at AndroidUiautomator2Driver.getWindowRect (C:\Users\admin\.appium\node_modules\appium-uiautomator2-driver\lib\commands\viewport.js:61:27)
----------------------------------------

2025-11-15 18:03:26 - douyin_rpa - [ERROR] - logger.py:161 - error()
WebDriver滑动异常: Message: 'GET /window/current/size' cannot be proxied to UiAutomator2 server because the instrumentation process is not running (probably crashed). Check the server log and/or the logcat output for more details
Stacktrace:
UnknownError: 'GET /window/current/size' cannot be proxied to UiAutomator2 server because the instrumentation process is not running (probably crashed). Check the server log and/or the logcat output for more details
    at UIA2Proxy.command (C:\Users\admin\AppData\Roaming\npm\node_modules\appium\node_modules\@appium\base-driver\lib\jsonwp-proxy\proxy.js:332:13)
    at processTicksAndRejections (node:internal/process/task_queues:105:5)
    at AndroidUiautomator2Driver.getWindowSize (C:\Users\admin\.appium\node_modules\appium-uiautomator2-driver\lib\commands\viewport.js:90:5)
    at AndroidUiautomator2Driver.getWindowRect (C:\Users\admin\.appium\node_modules\appium-uiautomator2-driver\lib\commands\viewport.js:61:27)
----------------------------------------

